customer_unique_id,product_id,interaction_count
00053a61a98854899e70ed204dd4bafe,58727e154e8e85d84052cd22b0136c84,1
000de6019bb59f34c099a907c151d855,9e572ff4654f7064419d97a891a8b0fc,1
000de6019bb59f34c099a907c151d855,af0a917aec9cea3b353ece61a8825326,1
001926cef41060fae572e2e7b30bd2a4,5d66715cc928aadd0074f61332698593,1
0025795df7a7d077c4c90162fa820085,5c2bb11cf2149bd4d9fffcc1246458c3,1
0025795df7a7d077c4c90162fa820085,68bf40b3abd5ffc25981c25df9ed9087,1
002ae492472e45ad6ebeb7a625409392,7c1bd920dbdf22470b68bde975dd3ccf,1
004288347e5e88a27ded2bb23747066c,6e1b14d3cbb5fb3a2c00351007127dfd,1
00504b68faa074d0f40adcb4f7727f71,306b0c58328826c0564cbc520787d508,1
005754cb59f8ee5cdbb5cda9d138757e,05f0fe07929d35be0748fac56eecbeb2,1
005754cb59f8ee5cdbb5cda9d138757e,2dd91cf063cf57cb0eebef072746daab,1
0063817060d662048ed08bccecaf45d5,57fcacc3434a1f2f2b039c1b4e61f5e1,1
0085139b503668b3addcfe826d91be8d,9feeadd6b97835152e83e1b25b46f5c4,1
00a39521eb40f7012db50455bf083460,a42d9c825894f96fc6ed02610891454d,1
00a39521eb40f7012db50455bf083460,f89cd865cac300a9bf1320dd8f0fa223,1
00adeda9b742746c0c66e10d00ea1b74,7b35be468d9795a7529f65c50ec87668,1
00ae50eb5e1d2514f694dee1dcbbd5ae,43ee88561093499d9e571d4db5f20b79,4
00ae50eb5e1d2514f694dee1dcbbd5ae,8aa6223e400af9c97b07c75993142721,1
00cc12a6d8b578b8ebd21ea4e2ae8b27,48ee9be392f28ae3a64518a070f4d06a,1
00ec23a308504080697e5204d3dbcb2c,389d119b48cf3043d311335e499d9c6b,1
00ec23a308504080697e5204d3dbcb2c,53759a2ecddad2bb87a079a1f1519f73,1
011b4adcd54683b480c4d841250a987f,169e1fedd1319ca92e90e057e7123005,1
011b4adcd54683b480c4d841250a987f,ed2067a9c1f79553088a3c67b99a9f97,2
012452d40dafae4df401bced74cdb490,bb50f2e236e5eea0100680137654686c,1
012b41c1dae00a092474ca48dc764a00,a02d0123079f4ae96001ba2010d1a2df,1
0130baad44d0ccc44bc7526c1ac18c64,5d6bea33648f018dbb563f3a2fab09f3,1
0130baad44d0ccc44bc7526c1ac18c64,810e2944bca9850b934e1570ba372e7d,1
013ef03e0f3f408dd9bf555e4edcdc0a,79e42c4fa2bde6e0c828d23c4fb7df35,1
013f4353d26bb05dc6652f1269458d8d,d22625c4bd160a54f96629f139153c74,1
015557c9912277312b9073947804a7ba,42a2c92a0979a949ca4ea89ec5c7b934,1
015f170c7abe45372b9f0414d901e71b,6c55ba2343f9df32c7f88a468352ff22,1
015f170c7abe45372b9f0414d901e71b,7dac8901a50cf3317d5372cbd3186ecd,1
016c60628fc64e15fa5990e58a0b57c1,b114bf337c0626166abe574eee9e3f32,1
0178b244a5c281fb2ade54038dd4b161,99a4788cb24856965c36a24e339b6058,1
01886ef98f995e4f2dd75a1d04c97397,83b23a333b811855258c5ec9431f6d3e,1
019fcfdd0b0ec239cc2b536428064c47,1b474c650cb9407d32a1e066937b68fd,1
019fcfdd0b0ec239cc2b536428064c47,461f43be3bdf8844e65b62d9ac2c7a5a,1
01a22e2079ea71e17313b88e5811e54a,1600dcf1cea8c0c83702e07b577ab231,1
01a22e2079ea71e17313b88e5811e54a,dc52f0f5d3ec37a93eaf956cde4e5d2c,1
01e8bcc3377762cf85025138b2901947,66a0a6e02b7f543e5b021ce361f267d4,1
01e8bcc3377762cf85025138b2901947,777d2e438a1b645f3aec9bd57e92672c,1
01f2285f85a1c603eb7ef755ad311769,236c8998f9a6e6150cdfb75fed83c15d,1
023c8fe9cea056407269dfe9bdd57a8c,57fcacc3434a1f2f2b039c1b4e61f5e1,1
0241fa2e9adf0576cb0f845377d05c03,18b0e642cbae7251e60a64aa07dd9eb9,1
0241fa2e9adf0576cb0f845377d05c03,24c9d329963373e2fccaa3f3204db19e,1
0241fa2e9adf0576cb0f845377d05c03,90d11936871062d5cb6d23175734ea91,1
0246f8de7fe5a9cb5e3a3fffa3cf0da4,386eebb43722ab502f04f7900bd2451b,1
0246f8de7fe5a9cb5e3a3fffa3cf0da4,b66270a5d5b3a8585f8314b2f14420fb,1
024bc6c3997170f0ca30edba8ba8aa55,3bbacbe586e957acbf26c63b3ed532a3,1
02678f5b6207663512dd9cd96af14f0d,bd66403f5f11696c897a825d5235697f,1
02678f5b6207663512dd9cd96af14f0d,d04e48982547095af81c231c3d581cb6,1
027803eb28cc01fbdf5da72b109fabee,47a3fbd41bb53db64dacc4562ba3aa52,1
028296541bfb0fe84ab460804e4c0dce,a04f52ded97b5530e8783e3c002b90f0,1
02900dde8414f41aa7e3e6394eb08871,49eeae59754cbcf1abeeffb8f51184ee,1
02900dde8414f41aa7e3e6394eb08871,6421588f55f75de28cb3357e07723d14,1
0299fedc3f190307e87f32483a9ba4fd,be0dbdc3d67d55727a65d4cd696ca73c,1
029b457bd01199c39136f89e0eddcd3a,b38b25d838ae0b8385e8cc68b9017644,1
029b457bd01199c39136f89e0eddcd3a,c5a00e7e34e45fe4c79a38d102248b48,1
02b20b7c813efede140142ac610e36dc,36f60d45225e60c7da4558b070ce4b60,1
02b20b7c813efede140142ac610e36dc,3f14d740544f37ece8a9e7bc8349797e,1
02e4c56fefa30628768ffe326d332e2f,750dcfda0a9788bba89c94bb82a322db,1
02e9109b7e0a985108b43e573b6afb23,6cdd53843498f92890544667809f1595,1
02fbe4db886eb98774c8ba300d39fa79,18486698933fbb64af6c0a255f7dd64c,1
02fbe4db886eb98774c8ba300d39fa79,dbb67791e405873b259e4656bf971246,1
02fdf47b3bd661072bb00a5aab1853dc,76b7fa5da50b22fe17d1e7bbde661106,1
02ff3aee636a9ee1c1fef271daa0bc07,a5647c44af977b148e0a3a4751a09e2e,1
02ff3aee636a9ee1c1fef271daa0bc07,d6fe3b4ddecd4a8393c6a1385de3bfb6,4
030b3bb8818a752ca223944036bad5d7,a0b7d5a992ccda646f2d34e418fff5a0,1
030b3bb8818a752ca223944036bad5d7,a4fa3b8fa5953b0bd18bf4e0b4de499d,1
031ea691b99fc101dcad357d1a83573f,2acce4db469045e8f9a863028abce19d,1
031ea691b99fc101dcad357d1a83573f,a5f6ba3fe91a2e73f10b612131cb2404,1
032296639c7e91f3236f544b0a822b3e,17ad136b7421ea8690fded631b651158,1
032296639c7e91f3236f544b0a822b3e,b01d34f6d2545269d348181768eca049,1
032b3a42598667caf2e099999b9dc1b9,0d9374142ba86a7c22357ea192bcfde6,2
032c36a3e0e337f241a5910aa6ef3077,bf53d80c6cb1cbf63ba17e2175d521a5,1
0339119d431b8dd1b361567e4fc48a58,5f0bdec2fb222061ed8fe52586a5957d,1
0339119d431b8dd1b361567e4fc48a58,88bd8458fdc2ceec3e71ef1d867a7b45,1
0361e980b28826f4d286ac144d9b319a,810e2944bca9850b934e1570ba372e7d,3
0361e980b28826f4d286ac144d9b319a,8af5b5f4f89849cc4dce36dee73dd9de,1
037f1240d3a139aef654264b518eb7e1,2ffdf10e724b958c0f7ea69e97d32f64,1
037f1240d3a139aef654264b518eb7e1,41c24b8ce92d1a2cac62db5edfd088b2,1
03820299130367803663f7eb70bcf2bc,af2d506fb01b724e03591349ad36b67e,1
0396c443fdda5498c7e9ed5b34871c5a,c403e106353e1aa40efe783ecb39ed7a,1
03cccac05d316dc60827fa7abedd608e,35afc973633aaeb6b877ff57b2793310,1
03cccac05d316dc60827fa7abedd608e,99a4788cb24856965c36a24e339b6058,1
03d4953a455f8489e712ea80699de878,501c8cd285f4f2ed96efffbb3c697d0b,1
03d4953a455f8489e712ea80699de878,ae17f8265a23421715164ab420b62b36,1
03d4c28894c1239ca5a6dd6f0c197921,18486698933fbb64af6c0a255f7dd64c,1
03d4c28894c1239ca5a6dd6f0c197921,dbb67791e405873b259e4656bf971246,1
03dabd77cb0ed7a26fafe19e36b67742,d952c09021388fd5b1e5f914f559fb10,1
03dabd77cb0ed7a26fafe19e36b67742,e5da60b217874889dd4becf29412d793,1
03ef7f03905227e15c7b6c860554b3cb,19c91ef95d509ea33eda93495c4d3481,1
03ef7f03905227e15c7b6c860554b3cb,2043cae78c8b731c405c7329a05154b2,1
03fc54320e654887eddb9480397fa8a2,dfb97c88e066dc22165f31648efe1312,1
041caba6a63ace5818387698ea85cdb2,e282624d8c82e04983f125e167eb4521,1
0421cbe19607719626e374b2347686eb,fad3ac91e2ae2e3e0e3f0bed36a565b8,1
0421cbe19607719626e374b2347686eb,fbce4c4cb307679d89a3bf3d3bb353b9,1
0451ef5a31cea3e14ce02d768d7c9943,84003eefe52bb4112252409a24ae3a73,1
04821927835e6a040f8a83ba4d54d998,952e73f7e8bee61569a32b35c19bc981,1
04821927835e6a040f8a83ba4d54d998,9712e67c33f564648b46afc6505db72a,1
0488328f0b499963e32a37fa42a20ca0,25f86162fee18735fffdb762dcb10d7c,1
048dbdf8f9bbd1be87b25868d1408311,84f456958365164420cfc80fbe4c7fab,1
048dbdf8f9bbd1be87b25868d1408311,ec2d43cc59763ec91694573b31f1c29a,1
04be500031efe43d2defff8c41810543,06bf70b6e1d67d96308235ef350edc61,1
04be500031efe43d2defff8c41810543,28a652ff04e43c1bc57937a9f8770f9b,1
04bf51c8d8b123571c86805d49edd9b1,3ceb44c75e6981ff0987bb90c95694c0,1
04bf51c8d8b123571c86805d49edd9b1,59a0529af96d3d459965f044c5cd1296,1
04d3c2795b83634312bf3f86f41f7901,77ccda894b672fe1214b0101d108d7f7,1
04d3c2795b83634312bf3f86f41f7901,7c1bd920dbdf22470b68bde975dd3ccf,1
04e495a3f45df8b41be2e934bbc16961,389d119b48cf3043d311335e499d9c6b,1
04e9d0d712ca6da77124d0ee12be1d6a,f39288f58793ce5e6985b3f7832af88c,1
04ecdc3e754a48294d832436960a3280,42a2c92a0979a949ca4ea89ec5c7b934,1
04ecdc3e754a48294d832436960a3280,fe6a9515d655fa7936b8a7c841039f34,1
04f466d6234a805ba36301c1d054b343,461f43be3bdf8844e65b62d9ac2c7a5a,1
04f466d6234a805ba36301c1d054b343,6eb70dfb283dc3f645ed7b03c990dc72,1
04fc637963fe982dd25ac58e4f4770c1,f6fa93875f4a7dac03e0a22143f4d815,1
053b7090271ed4dacbfe0afd6382bbab,f7e5d0186f539b61586d7ddd247d2996,4
053ee39e5fff8053a860892cbd54d1ed,10adb53d8faa890ca7c2f0cbcb68d777,1
053ee39e5fff8053a860892cbd54d1ed,e50ee1b5ca5566f7f341e115533015f5,1
05401081ef59ed0b257831b4c3b0d3fe,0d146484c69d613fe015c0229056b065,1
05401081ef59ed0b257831b4c3b0d3fe,84f456958365164420cfc80fbe4c7fab,1
0570089e1e1b3cf57b7f7d545cb204aa,880be32f4db1d9f6e2bec38fb6ac23ab,1
0570089e1e1b3cf57b7f7d545cb204aa,dd6a505f83dd3c6326aa9856519e0978,1
0577db0efc765dafeb6ff6ad59238c0e,def59eb2e17b32b980b5341984f6b500,1
058b604a0df6b29f03c540de254b197f,1fd3bb291e0dba9d6081eb914303993b,1
058b604a0df6b29f03c540de254b197f,ac7e981115ad47f0e051f1b8b97e73b1,1
059d1f5650f05d9fed9a6d941593f9b4,fc37e09bb4dadd1eef5e92e954b1c72e,1
05a021f89882d0c4df802f3c18897a34,2647221a6a477afe2d0268b378f1fdcd,1
05a021f89882d0c4df802f3c18897a34,b09790edda54333116f9cf1decc580a1,1
05edb10f73fe7d03959ff26540913b3a,fa126ff62aae83e37857ad495641c878,1
05fb25843c4048d1ce40611d11966278,0d85c435fd60b277ffb9e9b0f88f927a,1
05fb25843c4048d1ce40611d11966278,ee57070aa3b24a06fdd0e02efd2d757d,1
0621c2a5979d3e887ae519620cbe2926,3516632e8f52b679ff83d1665ecc990e,1
063eef0d1ead8ee785783e95df82137e,6b00cb3fe05c73d0acef3fd949a34c0f,1
065938485846aa5adc196cb536de42e0,4fcb3d9a5f4871e8362dfedbdb02b064,1
065938485846aa5adc196cb536de42e0,f4f67ccaece962d013a4e1d7dc3a61f7,1
065dcef61d5f66b30d2ee51b5343d023,b249cf5fcf68f70e13515489f0fcb627,1
0697142614905a50813d854fa08b8eaf,c6336fa91fbd87c359e44f5dca5a90ed,1
0697142614905a50813d854fa08b8eaf,e4e5cbc0077aa2c7aacbe435166df909,1
06c0ea6ee892364d1608ee47aa9f56a0,880be32f4db1d9f6e2bec38fb6ac23ab,1
06c0ea6ee892364d1608ee47aa9f56a0,dd6a505f83dd3c6326aa9856519e0978,1
06c18dc9dc7a01e3322f4e9245dac0ed,5526b1ae9ab2688cf600783cece249df,3
06d26e5230ac619719997a8cf435a69b,50d77758742285ff49f340ebdf0df5a7,1
06f289b98b5b10b7d7692548624cb616,154e7e31ebfa092203795c972e5804a6,1
06f289b98b5b10b7d7692548624cb616,2b4609f8948be18874494203496bc318,1
070acf4df1234a6257809e4e79644481,df480c7d3f979093ac4c2d1109e78289,1
0718d96349a80323476a9d067f408814,11fb16e86df4d50cd2c289ede0b70f42,1
0718d96349a80323476a9d067f408814,c695342500b74ff952db47b541726de1,1
071bb277b0146da77fac31e70657815e,617186c3d97ea56c9c683a8a3974e8c1,1
071fb07419a29c8ba143831082e0320a,5c973b4202aac5c372a483e712306f4f,1
07342638d0e0aad32c3cf0efc1a37ba5,07821918ef487fd64eb20b3c8aeb897f,2
073667f98c8956621ffdacb34d7ab922,0d146484c69d613fe015c0229056b065,1
073ce043974e19c4c37d281b7b7d72c1,3cc4b421c1f28dd22e86fc4aaafb600e,1
073ce043974e19c4c37d281b7b7d72c1,42a2bd596fda1baef5719cb74f73030c,1
075c38f7a650b0dc822712c7a58e93d4,8d9d31dc8d8c05062987d883cefa98be,1
075c38f7a650b0dc822712c7a58e93d4,ec2d43cc59763ec91694573b31f1c29a,1
076b7055bea51da430d6a6fa054e5075,1aa2ed670a95e9f475723707a7c3f386,1
076b7055bea51da430d6a6fa054e5075,9fc98e39f04be8e382d8aa5e259f5489,1
077d1d4b18c096ea1ec611d6a3701056,a6f74de3ddfbdc9b33885b92656f992b,1
078f7e669cebf2fb640d0ad0dabb3068,0152f69b6cf919bcdaf117aa8c43e5a2,1
078f7e669cebf2fb640d0ad0dabb3068,f77dd338d9f75229a09cbb9a18fd0c9a,1
079193e2ad24a2dd57584a7eb213bd1e,1c55a8be0613dd888ed9c039cea3d660,1
079193e2ad24a2dd57584a7eb213bd1e,2ff995aead9c63a1f37a07b3664ead37,1
07abcea6f64399366559afee336a7fd2,7ac5f520abfc0589418bc7c76cea7a7c,1
07abcea6f64399366559afee336a7fd2,f6fa93875f4a7dac03e0a22143f4d815,1
07bd3d18ecba2420a8934b34a26f157a,43423cdffde7fda63d0414ed38c11a73,1
07bd3d18ecba2420a8934b34a26f157a,a92930c327948861c015c919a0bcb4a8,1
07df27b714016cb827c99ec2ecd5ebfb,f3bbbaabf3ce091b88d2511c1a29796c,1
07e9cfc8cdd6f08d6993bc4ec77aa686,aa70ae9ee9a798d44ae6e00ce6d82cb1,1
07e9cfc8cdd6f08d6993bc4ec77aa686,f889fb87b505b73de10c18b93352469f,1
07f61caa1c9e850c14e94854cec87545,0bb7cb61f1957f79dac582ab66ccdc1f,1
07f61caa1c9e850c14e94854cec87545,f7a17d2c51d9df89a4f1711c4ac17f33,1
07f765655f560c8624267665ce23675a,4aa6014eceb682077f9dc4bffebc05b0,1
07f765655f560c8624267665ce23675a,bdb4be6ce2f7f2b5be0a16088028c7fc,2
07fe3cee40551d2377a917fb4f377714,9d0aa87e8df1bdbe0f79353520a2d538,1
0807baeeeaa1309effbd9a9dee41ab17,9ecadb84c81da840dbf3564378b586e9,3
080a538ba865739bd97c3ffd9e71bcf0,36f60d45225e60c7da4558b070ce4b60,1
080a538ba865739bd97c3ffd9e71bcf0,3f14d740544f37ece8a9e7bc8349797e,1
081f07439678af2da7755a0aa572154d,9fdc434e0c81bc6d990065c2a7efb4de,1
081f07439678af2da7755a0aa572154d,ec72556b5da399d24fe06338e816a9ac,1
083ca1aa470c280236380973a48f77c6,f731f8587d4088c174397e010cf892a9,1
083ce299ea3fc1eba79bd0b17f64555b,633a2a64a6478966e0b6805ea708de58,1
0880a12c3591cb1e3f6f23567adae7c1,389d119b48cf3043d311335e499d9c6b,1
0880a12c3591cb1e3f6f23567adae7c1,422879e10f46682990de24d770e7f83d,1
0880a12c3591cb1e3f6f23567adae7c1,53759a2ecddad2bb87a079a1f1519f73,1
0883460fd0fd804d2b599595a8b0f59f,83b00325c13c44245b2c3a2befa62a0e,1
088653e3fa566d968be97a72afee0b74,3225c54bb2785c33f49f50398fcdb88c,1
088653e3fa566d968be97a72afee0b74,db5efde3ad0cc579b130d71c4b2db522,1
0895c61a77b305efdfad13596c749c60,e78506414d2563b6414cfd84b7fa0802,1
089bc915af34d9041b3a88a1aa84292b,a06766fec51c96d4d0bce282906735eb,1
08a14d6f05e910296326bdfd02e0da04,62c89abe1afe3a23c17765d462718a4c,1
08a374bca4063116d5530a7b04ecaf3f,9041a4cde4a900bc259d3b1b6847f6b1,1
08b57f87bc889756ca453bf8106d48ce,d6aa421b9567e3e2a3a0caf8fb846cbc,1
08d8ad84b0088cbeae77da4ff3817479,78119fbfa709d07b86f5ccf15043c6d6,1
08e5b38d7948d37fbb2a59fc5e175ab1,052413504e5295cd66ec4ced0b310062,1
08e5b38d7948d37fbb2a59fc5e175ab1,ba74c6b75d2ad7503175809688d5a03c,1
08edcb06d9d590d95f221c03b6ae3832,7a7be236d8368315680071df4209dd4e,1
08f39bc6b746bc26013fa99b725e83e6,688ad0169550f8e2eb0307b61df3ba12,1
08f39bc6b746bc26013fa99b725e83e6,703d742887bb9267f89b675608ba7aa0,4
08f7cf00ed9ff3e0a08fc136ec272974,1d2d3b19f5c3d093d4dbccd3cd963a8f,1
0942eedfe0e865b2a80419a14672286f,33202a8e7a645388c41ed714203d7131,1
0942eedfe0e865b2a80419a14672286f,473795a355d29305c3ea6b156833adf5,1
096e351116755fe4c3c1e48eaf301a41,99a4788cb24856965c36a24e339b6058,1
096f4fc414480cfa00436b3bcccf5bc1,7fda46e6f8996ebe3acf684cca0124c2,1
096f4fc414480cfa00436b3bcccf5bc1,b694e2087c446e6905b08cd9360cfe45,1
09831ff6ab667f42521bcd4c22dc755c,72a30483855e2eafc67aee5dc2560482,2
09831ff6ab667f42521bcd4c22dc755c,ecbe1ef7e2903ff8b1d704ba78fa264d,1
0994750c9c22a140010ed86aad2d044b,2a788bf848c3357ea72c31e344822aa9,1
0994750c9c22a140010ed86aad2d044b,473795a355d29305c3ea6b156833adf5,1
099fad9e8f7dfbd0412c300bcc697e0b,817e1c2d22418c36386406ccacfa53e8,1
09ab36a420b5c87c5c9772bdb494f2e3,23601216d4de33d54c6801f27dc59357,1
09ab36a420b5c87c5c9772bdb494f2e3,52d7a7207b9646509bdc754fed3a0cef,1
09bb53b69206dcf2a8fc66b3eab2735b,b7d94dc0640c7025dc8e3b46b52d8239,1
09c8e6d62d590a5a5fab94418b2d651a,777d2e438a1b645f3aec9bd57e92672c,1
09ecbbc6902ae2add46294a42e3a59f1,0d85c435fd60b277ffb9e9b0f88f927a,1
09ecbbc6902ae2add46294a42e3a59f1,ee57070aa3b24a06fdd0e02efd2d757d,1
0a03d7a7861ba16d55797bae954972be,cac9e5692471a0700418aa3400b9b2b1,1
0a0c0f2cec03e2ec12eefdad109eb83d,008cff0e5792219fae03e570f980b330,1
0a0c0f2cec03e2ec12eefdad109eb83d,87aff1d9a5e94db6840c5b963a5cef90,1
0a1f83858e65e141609fca9ea70a495a,810e2944bca9850b934e1570ba372e7d,1
0a1f83858e65e141609fca9ea70a495a,c7fd13b5e515bffdab855d0812842edb,1
0a330eeeee86fe56f383e11837e7df05,47a3fbd41bb53db64dacc4562ba3aa52,1
0a38322966d62df297e832d7db9a2d9c,5ac4f7986643a944501c66a2257bdd73,2
0a38322966d62df297e832d7db9a2d9c,d04bbac48960ecb7ea311b00ca6e1cb7,1
0a3d4f596bd69fa0b5f599c4b66b9dc5,64fb265487de2238627ce43fe8a67efc,1
0a3d4f596bd69fa0b5f599c4b66b9dc5,84f456958365164420cfc80fbe4c7fab,1
0a3fd9a9aeae46f86e5c05983bf83757,9c7ce59c96e74dfdfc51f13a4a6c3869,1
0a3fd9a9aeae46f86e5c05983bf83757,c708ba7c6269161f89ce0683cdd7c432,1
0a5df23b922b9998bb7378f1ac03c98a,6f33a4a09ae1180a0ee1ff4682b2d21f,1
0a5df23b922b9998bb7378f1ac03c98a,ffd4bf4306745865e5692f69bd237893,1
0a609db8d244100909a15d65eadf8539,dc404a1496a08f9f5540c8b5d4b92925,1
0a609db8d244100909a15d65eadf8539,ec2d43cc59763ec91694573b31f1c29a,1
0a767212322d4dfce26644bdd620d2ae,389d119b48cf3043d311335e499d9c6b,1
0a767212322d4dfce26644bdd620d2ae,53759a2ecddad2bb87a079a1f1519f73,1
0a97bdac2f197280badb633707f87222,1ebde342c905182ffc07333fc569c590,1
0abee71cd257861a0944e2a81cea4a50,3e5201fe0d1ba474d9b90152c83c706c,1
0abee71cd257861a0944e2a81cea4a50,4f88323d03ffaf090b8fb0116b33c95e,1
0abee71cd257861a0944e2a81cea4a50,592962829d5a715304344e656e39108a,1
0ac10a57d07e3d38b11f66283c44672b,43f88c8353708451babf9bcdd1fda92a,1
0ac4a9460c1baf3051ffec5c9021a499,5113c9a5037013b0a750444df6dec60f,1
0ad1d79346c3b98b517348ecbbadfbc6,d1a57f4402dbfe2cb1c271ad0da64311,1
0ad7cb4f48f2a2cf5080e3c19c7cf98c,b7605b5b483063d12bd90a772bff9d21,1
0ad7cb4f48f2a2cf5080e3c19c7cf98c,ceb9200bc33732558224476d75815c32,1
0aef107040099c08391f73e81821bbac,3625fbaf8284047185fb0351f2f84ae3,1
0aef107040099c08391f73e81821bbac,88c20c5a22f2ca169af8cfc2df00a7a2,2
0b1715dfc26a6231c736058821dc0eb4,51ce083cd2b9078656a94655ab45b8a4,1
0b1715dfc26a6231c736058821dc0eb4,b6bdb28b376292b83135644ff8d4d6a2,1
0b1ef8f1c964c96702a47c381c61f84f,058b372f969b59e8c4a27e224243909c,1
0b1ef8f1c964c96702a47c381c61f84f,fb55982be901439613a95940feefd9ee,1
0b2d68f9e4d2d28dcce0d670234323c2,f521813909e310116b6b2f0b11f3dd44,1
0b391e93cdb4fe7ad5446c111c647f9b,5ccdfc35d9cff8db4fa46b83d5712899,1
0b3dc7efaafb0cf78a4796d42fa8d74c,0d009643171aee696f4733340bc2fdd0,1
0b3dc7efaafb0cf78a4796d42fa8d74c,eba7488e1c67729f045ab43fac426f2e,1
0b402d6dd50694a118c642448e2cb086,d1c427060a0f73f6b889a5c7c61f2ac4,1
0b4336bfd6d4e1f3e6ee3d8ae5f3ba36,81c6b0f031d89938fce1df449b3b464b,1
0b49c33f53bc3d731cfc40dd36cc1b31,dd4c3b4ab7e001aaf385ea2e68952030,1
0b4c8216356414f6b079d5cb85bad4aa,a0b7d5a992ccda646f2d34e418fff5a0,1
0b4c8216356414f6b079d5cb85bad4aa,c075b8e131353552218860f1c421e4ef,1
0b613a282e9dfd7cc3ba1c74468053f5,698b3ddae2f0b80c2a48fb40624ca4e4,1
0b6d4f036c07e10854affe43fc4e718c,0129d1e9b29d3fe6833cc922374cd252,1
0b6d4f036c07e10854affe43fc4e718c,165f86fe8b799a708a20ee4ba125c289,1
0b6d4f036c07e10854affe43fc4e718c,9f14f401fce2d9ddd450e7ce60cb7f5f,1
0bc9c245cd69735af23eefdd89d74e7e,c2a1ff8408a1c857c8730e4d12da714e,1
0bf1278577a2acf8532a031d98cd517c,389d119b48cf3043d311335e499d9c6b,1
0c32aa09e8eced3ea26c2a013b7b75e9,6a2909ac21d16b721e4795e7e8ff3e68,2
0c32aa09e8eced3ea26c2a013b7b75e9,f03859e4cc21018569f5ae7a03897ff4,1
0c33b7ee3cca52240d26f01603841037,71a5f1c2a5fd9889ef26b5ac22aec9c6,1
0c7f64065de0b9e719b025ee069d33f8,2028bf1b01cafb2d2b1901fca4083222,1
0c7f64065de0b9e719b025ee069d33f8,9e0e152552a1323f7e5dcf63d50cdae3,1
0c8ac932c65f67489929f9164a86606d,e71ce72b19b83080d97cf4f06c90d096,1
0c95f9d075d059aa3cf7bc215d5ba259,72172e982e8b92155069e4201c92c0bb,1
0c95f9d075d059aa3cf7bc215d5ba259,aa5d6a9bd4be367ae1a3a29c323c7c11,1
0cbcf91ef2dd6dfcce9ee63c8772dc97,39aa98469aa7460a9764311b3f8efb12,1
0cc2ee1112a11a1094eff52fa2e87150,6cdd53843498f92890544667809f1595,2
0cc2ee1112a11a1094eff52fa2e87150,f48eb5c2fde13ca63664f0bb05f55346,1
0ceb502fc33a2ad327b08288c5310e2e,540a93038cc8b4c42ef0821b2cf067d3,1
0ceb502fc33a2ad327b08288c5310e2e,a155b4eeffbbec8a728eb1ad73705153,1
0cebc51f6dd978db9fa4f66e0b01b2db,dfb97c88e066dc22165f31648efe1312,1
0cf1a42d3cb695e862d8d1ceafe5f73b,cda960fc8a8987dd224a17dddfffdaa5,1
0cfd3bb78e947d0c37c6b6c113871fbd,188d0b148e6d1c86faffe0d73c3f2dad,1
0cfd915db480acd7d9a954409cabfb1c,35557c68a22ecebcf066e25ca2ddc144,1
0cfd915db480acd7d9a954409cabfb1c,b9ee7519d0187d2389af62ba6c612963,1
0d4644eff058d75937ca1eec574bf87d,750a49a83f6ad13ccdf4a761309483f2,1
0d52f8cd8892f109a15803df169113b6,0d85c435fd60b277ffb9e9b0f88f927a,1
0d52f8cd8892f109a15803df169113b6,ee57070aa3b24a06fdd0e02efd2d757d,1
0d57344e9e4e9d16dc699cb417e50cb0,a5341e3f8155dbb3e62323d3ea289729,1
0d57344e9e4e9d16dc699cb417e50cb0,aca2eb7d00ea1a7b8ebd4e68314663af,2
0d60ae009e0cfd8b0c96aa47625f20a4,5d790355cbeded0cd60e25cbc4c527a2,1
0d60ae009e0cfd8b0c96aa47625f20a4,5fc3e6a4b52b0c414458104ed4037f1c,1
0d7241c7fb49c1be6e75c9fe99e0822c,55b04296824029ae20bbeb3b200e69d0,1
0d7241c7fb49c1be6e75c9fe99e0822c,ec2d43cc59763ec91694573b31f1c29a,1
0d752bd67ec055ad6d2082279af5bda1,02ed3b595447e948efc3eac897e4df0e,1
0d752bd67ec055ad6d2082279af5bda1,06edb72f1e0c64b14c5b79353f7abea3,1
0dc81b520ef7db9cb44bb075e129dcf8,3eef0cb94ba82de806bb30ab743c7655,3
0dc81b520ef7db9cb44bb075e129dcf8,b114bf337c0626166abe574eee9e3f32,1
0dd933d1e0253343083013791bf5d5e9,1fe8e6e01596885617fa1c90d29c2f81,1
0ddba04798f1c085d0ca93af0e91f6c1,36f60d45225e60c7da4558b070ce4b60,1
0ddba04798f1c085d0ca93af0e91f6c1,e53e557d5a159f5aa2c5e995dfdf244b,1
0df55f5accedda71bda8f4c7f590951f,9007d9a8a0d332c61d9dd611fa341f4b,2
0df55f5accedda71bda8f4c7f590951f,ebf1c13032246ea801765e8cb5417365,1
0e05e2706e1dced2a98f116344db4825,017692475c1c954ff597feda05131d73,1
0e05e2706e1dced2a98f116344db4825,f2ecbb02b6da187a9f14b8ac5781faec,1
0e1aa2e5d9087f8f34d2e6913d6891dd,f353779abb6114db5f8f79fbad12e375,1
0e201fc3c7b9b02edb2d1a6e7f188912,2948658cb6abc82847412be7201bfc4c,1
0e201fc3c7b9b02edb2d1a6e7f188912,7c55ea4aea1acf1ce11440010f5aa298,1
0e3c753956e35026b965d9ac3590c5af,f1c7f353075ce59d8a6f3cf58f419c9c,1
0e4d012fac3d20c033e0284fb6d2ea6a,10d2b7a176cd8a35bcae7c15e0e7626e,1
0e4d012fac3d20c033e0284fb6d2ea6a,368c6c730842d78016ad823897a372db,3
0e72e30fbb86f2e5be20fdb26f476155,0a4093a4af429dc0a9334300e5c13ae5,1
0e72e30fbb86f2e5be20fdb26f476155,6abd84909e8ed79ef808c16f90b91093,1
0e730550dfc5d7f1cea73484bb2e0249,03a20f79e4c056b48ce29b3e30beb0fb,1
0e730550dfc5d7f1cea73484bb2e0249,78efe838c04bbc568be034082200ac20,1
0e764fc1a13e47e900c3d59a989753e8,d1c427060a0f73f6b889a5c7c61f2ac4,1
0e816495a999f008062b007122fa5a45,3c883b9d3fd2d0ce448d4136349dc0a4,1
0eb917bbd8203a7bf6c6447610778d94,439d0c278b77ddc4b1488de210c8df35,1
0ec0111adb427dd69d1803a42c15eca6,e3425df9bd51be69917273c9dd92ed5e,1
0ec7b76cae390a31a86ce54413f284db,20f160a9cf2e856ee5eba259e9ae33f9,1
0ec7b76cae390a31a86ce54413f284db,6eb6c5cb7df0f863538b61a47fcce962,1
0ecc403ec5d6ce000fd84f00cd5efb0a,12087840651e83b48206b82c213b76fd,1
0ecc403ec5d6ce000fd84f00cd5efb0a,c72edc98e7d77f0c4c04ec80730c05f5,1
0ecf7f65b5ff3b9e61b637e59f495e0a,c1488892604e4ba5cff5b4eb4d595400,1
0ee19d798610829e56024c0523a3d33e,c6bf8cc852eee5c4ab264e792a9c23a1,1
0ee57f62666561b72f2ceacad0230cbf,33fca9d59532dd4c191217a979346ab9,1
0ef7b906320b21fe4d39f99496aaa2d8,29427de7f8a9ee983d9dbc51cec569b4,1
0ef7b906320b21fe4d39f99496aaa2d8,4fe644d766c7566dbc46fb851363cb3b,1
0ef9d8635fb18550d0f8d3a9b7f512be,e9def91e99c8ecb7c5cef5e31506a056,1
0efd5025e6544ef110881866b945d0cc,57f2bc497c1a3ebe41ba7a06d78ed159,1
0f0b49d45120fcb28bda56e94bc85673,bb50f2e236e5eea0100680137654686c,1
0f10d99ee99ca3d0489f2f2169b41ec3,36f60d45225e60c7da4558b070ce4b60,1
0f10d99ee99ca3d0489f2f2169b41ec3,3f14d740544f37ece8a9e7bc8349797e,1
0f187f58097c5431d5244e1fe1383884,389d119b48cf3043d311335e499d9c6b,2
0f187f58097c5431d5244e1fe1383884,d2f5484cbffe4ca766301b21ab9246dd,1
0f1bd80ed58b9d0f45dca1bb396d8ac9,0654d3c1e3efc7e7cd9dbde9cb743df2,1
0f236e51bb703ddf0e311f3520600065,306599a052830af3cfebe42ee7a79dde,1
0f236e51bb703ddf0e311f3520600065,4b96786612ebe7463132fce2c4dca136,1
0f26a77f8de836d7c44b4694e0fa3ea4,8fa67e5cb309b9cd7b4438e15948bdb2,1
0f38a44168ec569a3f783ebf98d79095,fd0c762860528d119344e1377b574fc5,1
0f6371fc9c2e78818a6e7aa33022a506,078e8db43688ea060cf754e7bd2b92e7,1
0f6371fc9c2e78818a6e7aa33022a506,47cd48073d67f91f09cb5ef9496c920b,1
0f64cafdb3e1e4806c99ff165305e27f,154e7e31ebfa092203795c972e5804a6,1
0f8758e5b1c6c6b2156a9dddce128558,55bfa0307d7a46bed72c492259921231,1
0f8758e5b1c6c6b2156a9dddce128558,b9900407a55cb2b306ae612415c3340e,1
0f8758e5b1c6c6b2156a9dddce128558,e2cac69b319c0f8a21dbf04b925121bf,1
0fa3e5721cad691b9594fb89f9805a68,18486698933fbb64af6c0a255f7dd64c,1
0fa3e5721cad691b9594fb89f9805a68,dbb67791e405873b259e4656bf971246,4
0fd39850656e7e4f90ee62a86f03c3f4,820e8f306dc9ffcf6d0957516084cca1,2
0fd39b61ec94864f92e18e5d7144bc6c,151f6da73d1f11e1a75553f0281d19dd,1
0fdfbef2ae337480fe00523dac271cb3,8a443635fdf9759915c9be5be2e3b862,1
0fdfbef2ae337480fe00523dac271cb3,aa36c2127048efdcd47f4ad5b6b68810,1
0ffc908947e1f0c9f17647058b9a58c2,1491a8ff192d4b5c369b0eaa2fe33ee5,1
0ffc908947e1f0c9f17647058b9a58c2,952670bc019a73f0933157ec82ff6e4f,1
1003a1d72627f1a71f255e239aaa4bfd,2b4609f8948be18874494203496bc318,1
100a1a0fe9f738719f7b63e3eadf5ebe,3439529926df110506c6752e8f16d358,1
100a1a0fe9f738719f7b63e3eadf5ebe,fe61253e50ad6ee9f1d180da22ce5eef,2
10351fa9e690ca750568e3c19978d69e,d6c2073fdc29a2931d1900fe474134ec,1
1041688b50cfd8ef6df6086a1746a30c,15de022edf1005363381e66bed514528,1
1041688b50cfd8ef6df6086a1746a30c,b9023d686fca0dca3ac844814e92e92b,1
1048bfc5f32f7cd7ac2b4f4e3cbc3e26,98ec655119c24de03b804696821f3955,1
1048bfc5f32f7cd7ac2b4f4e3cbc3e26,9bb8ca338e5588c361e34eae02e8fad6,1
1048bfc5f32f7cd7ac2b4f4e3cbc3e26,f40876e0ef3cd5f9132b1f16b04b1346,1
104f7bce53ef8849380284854fd16bc8,e3f7b3cbb0ccf1f1e361e6974b22e346,1
10867a902e32dd54061b2cda9c55b0b6,e53e557d5a159f5aa2c5e995dfdf244b,1
10867a902e32dd54061b2cda9c55b0b6,ee6c49af1a2de55aa0e076257ab4ab99,1
109ddcfae0cdcc4b8ec01120ddbd02fe,d9e7d13814ea50f9ae1f612ef6b3a1f1,1
10b58cbd6607267fd41812614367439e,af51d485dc5255ba2e18b21b550156e6,1
10b58cbd6607267fd41812614367439e,f6fa93875f4a7dac03e0a22143f4d815,1
10b9f2531b9808ef879b829d86792a9f,7bdb28a55646012fb3348058d629d9bc,1
10c610ac48f0692d8a8208f4ea2bb0a2,1eaf224c19e07b6e50bf0119eea1dd26,1
1118a7bb7ba893f10740e22a23aa5bd9,ec2d43cc59763ec91694573b31f1c29a,1
1118bbd6c82a824ebc677b12e525864f,6cdd53843498f92890544667809f1595,1
11395124061744bf276aefd8073f3105,54b755678728b84472c2b654ac4de777,1
113b3f090cc1df6f405ec326a1765522,3cc4b421c1f28dd22e86fc4aaafb600e,1
113b3f090cc1df6f405ec326a1765522,42a2bd596fda1baef5719cb74f73030c,1
113b3f090cc1df6f405ec326a1765522,98b22c1129886cbd7fcae69d1c93e442,1
1174fb783ffca25cec25f6925f0d99de,1aa2ed670a95e9f475723707a7c3f386,1
1175e95fb47ddff9de6b2b06188f7e0d,08401f48b67a852d06105725c3013eff,1
1175e95fb47ddff9de6b2b06188f7e0d,16241e79b047426033194065d8b321b2,1
11797ab674c60dee39614c4d4ead8ffb,a50acd33ba7a8da8e9db65094fa990a4,1
117f44d4aa91f002c9536beb80eaaaaa,748b719f4cbfdcb99cae90bf4bb16217,1
1181dc19b5bc200ecadf0b8a28523092,cd3de1984e1a77b441e1b39b8e334330,1
11abb5530db9840be4b5287c63e6e7e1,1b363f393faf61f11af873b840645eb9,1
11b47516f8f6a42105b9807903ede333,0105b5323d24fc655f73052694dbbb3a,1
11b47516f8f6a42105b9807903ede333,45cfee87da128a8f939226bedd92a72d,1
11b47516f8f6a42105b9807903ede333,5ed9eaf534f6936b51d0b6c5e4d5c2e9,1
11ebea68a1046fa3268cb278df2c4f31,6c706bd66d6df5b9eaa716699943efd0,1
11ebea68a1046fa3268cb278df2c4f31,a0eef953cb25bc9ae40457e1c3c82946,1
1203dc7baad4bababc755c6c39936954,73bcea88583002fe12b7399af4ae60da,1
1203dc7baad4bababc755c6c39936954,d4548e7ab697993ec51d864766a8ea4f,1
1208c8555f90541f4ca397baeb16a26d,db7f3f42ccab32fa6328b3063b278bcc,1
1208c8555f90541f4ca397baeb16a26d,f6e3aeb40c00aec24ade8333c2ac1b20,1
120a6e1875940fe48a44d6cf30706230,c6e3c9a59b663e36a8b95b2dde81fa33,1
120a6e1875940fe48a44d6cf30706230,fa3bc8d73fe3b0ec061190651433a417,1
121b5a0ae9d09a2ca5e8090fd2a00a58,5d790355cbeded0cd60e25cbc4c527a2,1
12328d63390726821fdcd8e8b77f10b5,777d2e438a1b645f3aec9bd57e92672c,1
124ef8d5acc80858c69d34e3e08b572d,6cdd53843498f92890544667809f1595,1
1270b69469b516c18f61138f16cda7aa,951cb45d30e716a846d8cf5874034e56,1
1270b69469b516c18f61138f16cda7aa,a00a22560435cc439faf6163eabc1ef8,1
1291474366a550ebc251d9187e763d62,39aa98469aa7460a9764311b3f8efb12,1
1291474366a550ebc251d9187e763d62,f7e0fa615b386bc9a8b9eb52bc1fff76,1
12b62a8d3c4911b9a80b935037842fc0,2b4609f8948be18874494203496bc318,1
12c54f6dfd4b723a6c76c4c989494422,a7c73814e6894bc049f7aac7d37f7175,1
12c54f6dfd4b723a6c76c4c989494422,b6acad95bb80b9f438b3496bfdfd8257,1
12c6265af495a017928e8f642d3881e4,3dd2a17168ec895c781a9191c1e95ad7,1
12c6265af495a017928e8f642d3881e4,909b87db6cb3a7ab26bd03cc59860136,1
12d8b5ed661190a3a08183644dfc504d,09c3d39641970009c198caed304ccfc4,1
12d8b5ed661190a3a08183644dfc504d,a0eef953cb25bc9ae40457e1c3c82946,1
12d8b5ed661190a3a08183644dfc504d,c2ece64199af7a53793ed9612a89a8cd,1
12d8b5ed661190a3a08183644dfc504d,e7db7c40ea6647c808d48581f1308d88,1
12e9edd8ac86f3dd6e1cf341ee6a9dcd,16d096faa27582985f849f08370cf1ed,1
12f5d6e1cbf93dafd9dcc19095df0b3d,f5d8f4fbc70ca2a0038b9a0010ed5cb0,2
130f4a32887cc549621b3c6cf36bf77e,9bb2d066e4b33b624cbdfec7d50b3dcb,1
131b8a51429529f4e57e8faa1b87ff4f,15fdd6032f35d4add5066fb90be28630,1
131b8a51429529f4e57e8faa1b87ff4f,86c43103446290e7efacad3701cd654d,1
131d6890593a3ec8294238e05ae72adb,271ce3fc018562e90257af8cd2af06bd,1
131d6890593a3ec8294238e05ae72adb,62224b433a431310bf27129938ad9f64,1
131fccdb803e8d111fd74621f3c0d491,813329d52f377306fa1614ca9a962cd5,1
131fccdb803e8d111fd74621f3c0d491,e5da60b217874889dd4becf29412d793,1
133b813228f02ac54e2c90a91f73f179,3258acb04d37e2f91f76c9250f3b80a0,1
133b813228f02ac54e2c90a91f73f179,5f42d57952b7815098979a5c4fa6f82a,1
13473af264dea0facd893d6516900b22,962a6951154f98f2c8e9a5b8b2bcf4a9,1
13510b0dcd1f956dbdcb358d68615455,a52ed2fb26d435066d6613134afcb439,1
13607978e0686d841deb64954c023495,59fe488ea6ac9439bc86663f4a564c23,1
13613cae6e3bfea8327a916246c96cc9,19421075ae0b585f2dc13ff149e2119d,1
1372bab98f9966bcd4a6fa3e6df6dde8,a00d11a2119bd70d658fc7cdcf1f59d3,1
1373e04979cfa0fb2092909abbd57f25,3552627a68384dc559f0fd4cce173269,1
1377d9215edc3e6561ea64d1287f215f,c708ba7c6269161f89ce0683cdd7c432,1
1383a85c693c3af1f959f635a1cf9c4f,e251ebd2858be1aa7d9b2087a6992580,1
1383a85c693c3af1f959f635a1cf9c4f,eac611ce220f095680e35c1c1124bcb3,1
138a7cdb83d4045819dce1ced63ce65d,35afc973633aaeb6b877ff57b2793310,2
139093b1c6e7e3108ac0469ce43bfb99,349ce46a0e2e20054aa9d80c48af8816,1
139093b1c6e7e3108ac0469ce43bfb99,368c6c730842d78016ad823897a372db,2
13b708e763ba3e24a290dd972fd0f8fd,84f456958365164420cfc80fbe4c7fab,1
13b8b68267d513acad9147fcbe1b0e5a,d696750e550fd0f733979dd7e5dff921,1
13e3606fa566f802de9f6f2d9df66712,759d6e247dae636cc8e135f50052865e,1
13e3606fa566f802de9f6f2d9df66712,b73f6899a58fe7a37e55149e9a11c717,2
13e70df559f696f7207a7aca68585da5,cd48f265a63e13b762601f5f794c5fca,1
13f2cd34cc492138e8725dea6dc4d7d5,332842d24e84234cd91299a225de76ab,1
13f2cd34cc492138e8725dea6dc4d7d5,3625fbaf8284047185fb0351f2f84ae3,1
1408e48cc4b723565959e55e5a185b94,1c56f826f3a1fdf255e3fb5fa7637d3e,1
1412559410af5e92c35e053fd6acd006,36f60d45225e60c7da4558b070ce4b60,1
1412559410af5e92c35e053fd6acd006,3f14d740544f37ece8a9e7bc8349797e,1
1412a71cfa4f44a7e5473220f820b4d9,1600dcf1cea8c0c83702e07b577ab231,1
1412a71cfa4f44a7e5473220f820b4d9,b84520a57891e7a8ae2c68741dcc7146,1
1412a71cfa4f44a7e5473220f820b4d9,ff55834c0b3272853dfe62340f2bb91b,1
1442fcbc506358b976d780bb7dd31470,0bcc3eeca39e1064258aa1e932269894,1
1442fcbc506358b976d780bb7dd31470,98e0de96ebb0711db1fc3d1bad1a902f,1
1450ca0539e1e64a77c08ba841c8be94,19c91ef95d509ea33eda93495c4d3481,1
1450ca0539e1e64a77c08ba841c8be94,5dee2c14e1989141e15d341d4c62d72a,1
14584c89f9dfa851a955eaef68ebbf43,d64a5abc068bfa0e7e1b7ad7f64fe96c,1
1471f06ff773d456b05502416dd0b583,b1f32fc9713cf8c0813fff7c9c8262b2,1
1477c54a1abe3610e3e9ab411801cecb,2a2d22ae30e026f1893083c8405ca522,1
149c19901ddcd1057deaabc003004a12,83b00325c13c44245b2c3a2befa62a0e,1
149c19901ddcd1057deaabc003004a12,9b9d1c4bd979b93c138044e032f99780,1
149c19901ddcd1057deaabc003004a12,c6dd917a0be2a704582055949915ab32,1
14a188558af6cd5bc222ca773d395a7f,64fb265487de2238627ce43fe8a67efc,1
14cf1de486a8a3a9373a4eb38f8f5506,96b0a882d11b17ce51238420ec63e3a1,2
14d46ad43ae7e3cd6944258b9840373b,3cebb9158a3aa0b3f78ee0f934c9f032,1
14d46ad43ae7e3cd6944258b9840373b,694e58e56c74114ee0628c25f3f26f8c,1
14f64911f31f3722899596d1095a233e,0ec96e6d31a1493b0475805c9ae1a0a2,1
14fdd103f3139376fee69c48bccd15dc,a367f823feb49954fedb4f4a43ad9db2,1
14ff354fb345f1801c04a61e7a357675,02475368dfb38934fe55f574024fe1d7,1
14ff354fb345f1801c04a61e7a357675,5c692818d313aa12864b48ac0c2472c2,1
1501fb94311512e6b98462d159e05a23,6b6b162b177d0f36987993aecbe1c65f,3
1506abf10c09a2872e24d79f33e4eb12,f62dcd57a6a4e93aff69aecc1f3d6513,1
150c2adf91507470e8e61c4522305097,73326828aa5efe1ba096223de496f596,1
151e9edb34867eaece4d6e7ae188f261,2ff17002562478fb03cd44f09e7ca51a,1
152c170d3fac9d95ba486b94fc41eb8a,0efe972876d70927f5099b77f387c6c7,1
152c170d3fac9d95ba486b94fc41eb8a,f1e297029531521190bb2312a90df567,1
155af62b6c947689a67af5c16acd5c55,9ddd762ee8a13576a809dc66f22aa2b5,1
155af62b6c947689a67af5c16acd5c55,e61c78a7343d82c0539d27df0f7dfc31,1
155be55796f02d42350765e7703821f5,d315b738a6e96f4d9710af966cb7cd5b,1
1583aa332638ac912705cfba6ec35e0c,1c63d0a4d75df524d4605a43285925d7,1
1583aa332638ac912705cfba6ec35e0c,5e26cbd45b83e411e82e3a8cafa8d951,1
158b2006b7863c91cbd8c8dbab2b9a76,3a98bcea866c31f53b35a41d3822f908,1
158ff08f9b1aeebfa96820580f3877a6,36f60d45225e60c7da4558b070ce4b60,1
158ff08f9b1aeebfa96820580f3877a6,3f14d740544f37ece8a9e7bc8349797e,2
1590457b4be348b165ff7030a6f94dce,2eb9b2ef7c1da3c7b99702452ea4729f,1
159306b86e782097be9a4e29e3d294d3,2b4609f8948be18874494203496bc318,1
159cbfe771924d126a695656c271e385,0fa81e7123fd0ebe03adbbe99d912827,1
159cbfe771924d126a695656c271e385,cfb763496d9fc48751a27db4fd02aa2d,1
15a52a044cbf18c87283f8c460ad5ccf,1efd84ba20d23186f576a37baf64ae9d,1
15a52a044cbf18c87283f8c460ad5ccf,51e8feeedd83467b86a79aa2769367c5,1
15e1b05afb54239acc39542ff5333f9e,96bdf83ce8bcf48510e8a8ab8b5fb660,1
15eb6c5aa4aa23cbdb42e119220d23ec,5328338cfaa16ba10561cd970c73ca11,1
15ebccd5a7e89574bdf3c0cc0503f060,cf1d8e226162a1d0ad61f29b7ed72d82,2
1606270b200b79a68015ee518faeec87,99a4788cb24856965c36a24e339b6058,1
161009f7d03bf7b838c66179b0c34872,288dbc06591742c5d7fe90fbfb08943e,1
161009f7d03bf7b838c66179b0c34872,9d0aa87e8df1bdbe0f79353520a2d538,1
161b2eb506dd664bb5d23dc701a14b59,31a2f42a87890f87d77daebdfabc182e,1
1660e6a9434e8900e24fea005eb4cf72,3258acb04d37e2f91f76c9250f3b80a0,1
1660e6a9434e8900e24fea005eb4cf72,d13a4acdb64c202e774e815db547e108,1
16a23480d3c92eb40e134844d52aa63e,c72edc98e7d77f0c4c04ec80730c05f5,1
16a2e4356a0e4433e45df462ca7606fa,88b0e43d1df085c4e8c2be324e3785f3,1
16a2e4356a0e4433e45df462ca7606fa,fc8595227785863846b7daa2ae3f2c9b,1
16a909e83380bb2ae4676ca69ac30886,23c6236434e58c6519c19e56c2dade45,1
16a909e83380bb2ae4676ca69ac30886,cd935d283d47f1050c505e1c39c48b67,1
16c8e42089546fde55ed3caa46478e7a,2136c70bbe723d338fab53da3c03e6dc,1
16f8c97e3a58560cfd64cff33dd78515,35afc973633aaeb6b877ff57b2793310,1
16f8c97e3a58560cfd64cff33dd78515,99a4788cb24856965c36a24e339b6058,1
173cafb1d2515406269c57e914fe2fbf,87d780fa7d2cf3710aa02dc4ca8db985,1
173cafb1d2515406269c57e914fe2fbf,f65464750198350b78735037a9b35dd2,1
1741b0bef7ccbc530ba7287000d5f49f,372645c7439f9661fbbacfd129aa92ec,1
1772c0fbee58b154da028487de51b74c,6f0169f259bb0ff432bfff7d829b9946,1
1772c0fbee58b154da028487de51b74c,a02d0123079f4ae96001ba2010d1a2df,1
1772d62f5099be6942fbb3d3e881cc7c,b0c657fb8995510c4729dcb9739226c8,1
177c725937ae5f96171bb8b43f196dfa,33202a8e7a645388c41ed714203d7131,1
178a58ded2b9be43b90300e0e0e8e66c,ec2d43cc59763ec91694573b31f1c29a,1
178aa3ff5ef686b49041d63944951729,3f14d740544f37ece8a9e7bc8349797e,1
179f496c6c02a7640d09f0843452e0fc,2b4609f8948be18874494203496bc318,1
179f496c6c02a7640d09f0843452e0fc,e1e932dfb67414e80b87ad97688cf2a3,1
17a2d93cb1aab45e3d21d5eba7daaed2,fa126ff62aae83e37857ad495641c878,1
17a75be2576209fee49b587f9cc8c626,439d0c278b77ddc4b1488de210c8df35,1
17a75be2576209fee49b587f9cc8c626,4487261e208ce5d3a8d1a997ccd99dcf,1
17b02657b33d70c10696d941d13080ad,6b00cb3fe05c73d0acef3fd949a34c0f,1
17b02657b33d70c10696d941d13080ad,e3af4b7c220aca1535b34416de24dfb7,1
17b83aab01ad7464bc016d72a928f3ea,6ab9d49c399f239bc88ea28c7568213f,1
17b83aab01ad7464bc016d72a928f3ea,a45af86c4a7948f5fabbb5b0132475cd,1
17dcb8c62667824b3e3755a5b680ebc6,c6e3c9a59b663e36a8b95b2dde81fa33,1
17e873c00e3fef97c9f1347c6681bd1a,2bb3e85f2a403543fdb64e266e70c792,1
1803287d1e7138aec6ea9d3c963ed87d,154e7e31ebfa092203795c972e5804a6,1
1803287d1e7138aec6ea9d3c963ed87d,2b4609f8948be18874494203496bc318,1
18186af785c301b05127a291eac901e1,e1da6ab77f4859eb17950e5df1c0f815,1
18186af785c301b05127a291eac901e1,ff7c7524d5f9a8386ab27088ec03c1fb,1
182053495bc94c2f41090ce8c41be266,19421075ae0b585f2dc13ff149e2119d,1
1856e7ddbf6567f246428dee7282b021,4b96786612ebe7463132fce2c4dca136,1
1856e7ddbf6567f246428dee7282b021,8817f0cda3d5b42e5f949ee3be9dc80c,1
186638bdb0f600c9bf2bd60e4b14537c,2ac7c9339ff85fff3e1aee3eaf7bb315,1
186638bdb0f600c9bf2bd60e4b14537c,72bb19eb8886399d5a46785146792ba7,1
186e4b97d2704e8b76235b8d7c5d38ab,7efd7d1a1a985eae9fecdb134fd657d3,1
186e4b97d2704e8b76235b8d7c5d38ab,964dd0fcba2ca4eff8e31ec74a77d41d,1
18753de7f8b65856d23473280e71ceb2,2a2d22ae30e026f1893083c8405ca522,1
18753de7f8b65856d23473280e71ceb2,d22625c4bd160a54f96629f139153c74,1
188b4725e34369a393ae43a6f7703876,21d2fdced5c69bfc6539b67908a4ad28,1
188fef954caac5f041726349d2bd8a6e,d1a57f4402dbfe2cb1c271ad0da64311,1
18a65d67bb184e736656cc017f09f7b8,06edb72f1e0c64b14c5b79353f7abea3,1
18a65d67bb184e736656cc017f09f7b8,183c95ad186f48c320bbac4643829d3f,1
18ac369326ec0aafe3ae0e397b14102b,3af4f5bb8b0616387fe23646fa94e256,1
18ac369326ec0aafe3ae0e397b14102b,a02d0123079f4ae96001ba2010d1a2df,1
18b82e6663f45cc797e66ad725da9207,2eb384017334e47db9ccf364216799df,1
18e3d276253780b44b5b7bf83f6785ec,8215db96a612d69839c27866feabf350,1
18f17efd50fd7e9595cc1a40205c937c,288dbc06591742c5d7fe90fbfb08943e,1
18f17efd50fd7e9595cc1a40205c937c,87cb507e0daa37bbf34956fd59eba832,1
1912afd96bbe171633bb73727487ef85,3fc18e3aefe7b9346bd15de863fa0365,1
191525912e1a31a97bf8b481ce852f75,88fb259945a739dec6cdd001e2cbad55,1
191525912e1a31a97bf8b481ce852f75,a62e25e09e05e6faf31d90c6ec1aa3d1,1
191e0f453bea7f50ce1fcd514af38835,474bb6b54fc608ca71059a6c4f7ecda3,1
193d38bc62a6c4e9fc3596337593c2fe,af0a917aec9cea3b353ece61a8825326,1
194be31520cde5c527bad17720119e85,b0cd550945da1de6eb9cb69595d540df,1
195b57be963164644ee9621346d2c3fb,d8cabd83757ecf48a7d2628dee9135c1,1
198ba72088fecd3caeaf2dca0addcfb9,52c80cedd4e90108bf4fa6a206ef6b03,1
1998449253c1f197265245e933ea21a7,130482add9fd75ccb6c57ba007694a2d,1
19be5923f7d998e76b9f3b1eb87c32af,9feeadd6b97835152e83e1b25b46f5c4,1
19be5923f7d998e76b9f3b1eb87c32af,c1488892604e4ba5cff5b4eb4d595400,1
19bedfc18c92d4e7eb6ba318a6c2033c,f2d649f157cebee085ed738f23d5d6b7,1
19c60787f1a478ec7345d03bc4298398,61a4100ccd6d9c4c808a1fd954ddb8ad,1
19c71fdf1535be1defdd27109d9aa12e,de916cab431520b8d1980c24bf4dd473,1
19c71fdf1535be1defdd27109d9aa12e,e4ad97ce352e46bebac92018f6ed976d,1
19c77cf8268b9c825eb61e6b5644dc65,473795a355d29305c3ea6b156833adf5,1
19c77cf8268b9c825eb61e6b5644dc65,6ae7f4ef0ca670ca2609d039af87d057,1
19da55454167240f3a4a39430007d074,e0d64dcfaa3b6db5c54ca298ae101d05,1
19de4cc79e2c2986e70b155b7631f61c,a9f480bfc49f0b85e8394e1cdf685b4e,1
19de4cc79e2c2986e70b155b7631f61c,e24f73b7631ee3fbb2ab700a9acaa258,1
19ec0b29446735170b035f6d2abcd667,07ffc018eaf23e086370dea42c74077b,1
19ec0b29446735170b035f6d2abcd667,fc5dd987f12a7b823a76a44aa1ba88f6,1
19f19354cf9524cc834a5036ff79925c,2770305847be150f16eb0b25fa7c171b,1
19f433bebc8caaec7d06d05d170cf314,c32b1155b886162db8e1ec114699a799,1
19f735a9a58a187253055f9d4bcc2bb6,b01d34f6d2545269d348181768eca049,1
19f735a9a58a187253055f9d4bcc2bb6,e343a7fbf868e28cb3f80ef0f6d9300c,1
19f8fcd23ed70e29220a6a2f13ecd911,99a4788cb24856965c36a24e339b6058,1
19f8fcd23ed70e29220a6a2f13ecd911,b7605b5b483063d12bd90a772bff9d21,1
1a073bf0423277d82e201d983a86ceb1,a5a0e71a81ae65aa335e71c06261e260,1
1a13743254d9c8e6360106295947932f,97017430754804328eb9597b7f85da03,2
1a15eecd72a08e1134ba406c7a7998e6,f045db2493d42bb131ef8e37c3aef061,1
1a185a8b307a1add1f201001877f6f6c,368c6c730842d78016ad823897a372db,1
1a185a8b307a1add1f201001877f6f6c,53759a2ecddad2bb87a079a1f1519f73,1
1a224a54793429260e63146ddaa7a036,fb55982be901439613a95940feefd9ee,1
1a281fe9f53ee457dacd2c9e8ccf861f,a237de12bdf0bfe4fe220bae65a89731,3
1a281fe9f53ee457dacd2c9e8ccf861f,f8077831f3c3f393fb67b93c5acd8daf,1
1a29e9f39d667f12684910a8edc4b56c,30469bb5ea377eae7121981e2f0778e4,1
1a29e9f39d667f12684910a8edc4b56c,d2b0f9cd5e31ed47dbf92b157c0cda96,1
1a68c22c23a52a35f499dbd3c5a020a6,764292b2b0f73f77a0272be03fdd45f3,1
1a68c22c23a52a35f499dbd3c5a020a6,7a7be236d8368315680071df4209dd4e,2
1a716867d4991435608b0c3296384801,a92930c327948861c015c919a0bcb4a8,1
1a716867d4991435608b0c3296384801,dc52f0f5d3ec37a93eaf956cde4e5d2c,1
1a73a85589f553d255cc0ad4545c588a,2a5806f10d0f00e5ad032dd2e3c8806e,1
1a73a85589f553d255cc0ad4545c588a,a237de12bdf0bfe4fe220bae65a89731,1
1aa85e14d63e3f290326d01b5f1b106b,10adb53d8faa890ca7c2f0cbcb68d777,1
1aa85e14d63e3f290326d01b5f1b106b,4025ee582ef6b8c478af3b44cf89054b,1
1ab743a11d1bf7d2cec4e91697f076f9,2136c70bbe723d338fab53da3c03e6dc,2
1ab743a11d1bf7d2cec4e91697f076f9,e7890707ac0e4e190a74aa46c92e2c94,1
1ac1c20d54ae0a375b77d6841663762a,fb55982be901439613a95940feefd9ee,1
1ac4011bec2c0d9ce8eceb56bb1142c7,89321f94e35fc6d7903d36f74e351d40,1
1af3dcbc89998031651925e3994eab18,d2f2c2b94c6ac44ece0bd0dd202c7939,1
1b270bd97f6e1d9af2d5d06f0d4a80e8,2e511b5741ab14e7f5294df6f1310b03,1
1b270bd97f6e1d9af2d5d06f0d4a80e8,70906e04da1eebf3d1b8791bd09ffe85,1
1b277f8bf9377e4d88b9022df406e9a6,d315b738a6e96f4d9710af966cb7cd5b,2
1b277f8bf9377e4d88b9022df406e9a6,f8077831f3c3f393fb67b93c5acd8daf,1
1b471ec7f01bd5bef08e633194f360f4,4cc8bfa581f41841ce5e24aba773a44a,1
1b471ec7f01bd5bef08e633194f360f4,c32b1155b886162db8e1ec114699a799,1
1b5720c7b0ee7183c2eafe3dba65111b,c9845573653d06921e63975a8eca331e,1
1b6c7548a2a1f9037c1fd3ddfed95f33,0ec96e6d31a1493b0475805c9ae1a0a2,1
1b6c7548a2a1f9037c1fd3ddfed95f33,306599a052830af3cfebe42ee7a79dde,1
1b6c7548a2a1f9037c1fd3ddfed95f33,8f83335d6508c667813ff14dc437bc81,1
1b6c7548a2a1f9037c1fd3ddfed95f33,9d0aa87e8df1bdbe0f79353520a2d538,1
1b6c7548a2a1f9037c1fd3ddfed95f33,c80525a7dab2df6000ca88a2e7197323,1
1b6c7548a2a1f9037c1fd3ddfed95f33,fbc1488c1a1e72ba175f53ab29a248e8,1
1b6e96ed99cb8d135efe220d761bbd67,0152f69b6cf919bcdaf117aa8c43e5a2,1
1b6e96ed99cb8d135efe220d761bbd67,b8762d562d810c2f8d7ad7e9c12957be,1
1b6e96ed99cb8d135efe220d761bbd67,c69da983317ecee971f64fc8202c959a,1
1b6e96ed99cb8d135efe220d761bbd67,cce679660c66e6fbd5c8091dfd29e9cd,1
1b765716e166ca699d20c4adc8bb0f7c,bf35317e81a1e1477a2256328bce9e9f,1
1b7733821d1e0ec8907bbb441271f80b,777d2e438a1b645f3aec9bd57e92672c,1
1b7733821d1e0ec8907bbb441271f80b,ace5d86cf1ac63cdb76f49e5cd23d2f8,1
1b78ccb797c7ef9e027da47e4c17c624,2b0ee2d07306f7c9ac55a43166e9bb4b,1
1b78ccb797c7ef9e027da47e4c17c624,4cc8bfa581f41841ce5e24aba773a44a,1
1b7b7f9631cd453251d0b328c9b38a2a,a069fc741ff92fd8af8270a66f35fcbd,1
1b95e3fe033836c787689ae4b9516aa3,60495adb1f1a49c8aea75e5e56a47a48,1
1bbf6de8bbe287cb474e57d437d72969,00de7f393d962717eeeb2d7131a40dba,2
1bc24291089150a659ed2bb81589db34,2a5806f10d0f00e5ad032dd2e3c8806e,1
1bc24291089150a659ed2bb81589db34,41b43381a92451746dc1374dbbd4c43e,1
1bcbeccb2851888f299cf9a5dba8553d,461f43be3bdf8844e65b62d9ac2c7a5a,1
1bcbeccb2851888f299cf9a5dba8553d,ba74c6b75d2ad7503175809688d5a03c,1
1be0ba8648eab087e8ab795481989f6f,43b54d1fc56ff394092a3dff6be2d39f,1
1be0ba8648eab087e8ab795481989f6f,f889fb87b505b73de10c18b93352469f,1
1c0d4c0b6bdabef40a2764e8d19ddaba,c55fe8cbb36a1353e443dc9e773b80da,2
1c17be9b50e8816082532bfe18e0cd8a,6c706bd66d6df5b9eaa716699943efd0,1
1c17be9b50e8816082532bfe18e0cd8a,a0eef953cb25bc9ae40457e1c3c82946,1
1c290d269ec39433066446ef2c2d1654,0efc91aa52d1f0669126d3000a94279b,1
1c290d269ec39433066446ef2c2d1654,f2e53dd1670f3c376518263b3f71424d,1
1c3ab93570fa6946d63927f8f2a836c1,09b0d15a8cc9a84e7af7e0225f67dc45,1
1c3ab93570fa6946d63927f8f2a836c1,555cf217f3f7376ea7ba4af273c56739,1
1c41a3e89cae11c7f7a0993917880e55,368c6c730842d78016ad823897a372db,1
1c41a3e89cae11c7f7a0993917880e55,422879e10f46682990de24d770e7f83d,1
1c4531b533d17f3b316de441268e513c,42a2c92a0979a949ca4ea89ec5c7b934,1
1c553721323d2cf153d114724b92118e,385a33a408e9c35c9fbc2025c12f3784,1
1c628081cb579ed6035b9aa8614e69f4,89b121bee266dcd25688a1ba72eefb61,1
1c628081cb579ed6035b9aa8614e69f4,cd48f265a63e13b762601f5f794c5fca,1
1c89ad9872748220ba627f9dbf36d6bc,09f6dccfebfa0688abfc1af640b69e61,1
1c98969880c8c7c522bc4677dfce9384,32e18e89237933ebdaaebd78a27e7fa1,1
1c98969880c8c7c522bc4677dfce9384,96b0a882d11b17ce51238420ec63e3a1,1
1c98969880c8c7c522bc4677dfce9384,c5d8b84a90f73bd09c30e71e76caaa11,1
1cba83304eaba52a71d853f593d565f1,5d6bea33648f018dbb563f3a2fab09f3,1
1cba83304eaba52a71d853f593d565f1,810e2944bca9850b934e1570ba372e7d,2
1cbda36ee89944baa7a738ddbdc4679a,7a10781637204d8d10485c71a6108a2e,1
1cdde99739da4d143d41c2a6ac81c82d,bed9b7934576c9ba61b6ba6f3babc698,1
1ce1097b476f97ea37d805251c5c74ba,2ff17002562478fb03cd44f09e7ca51a,1
1ce1097b476f97ea37d805251c5c74ba,7703b8cb5b77fbb36518ea91e2ca734f,1
1ce879e096d3c38f230acdab7165332e,c4baedd846ed09b85f78a781b522f126,1
1ce879e096d3c38f230acdab7165332e,c8a4cbaafa1f0579063ec64cf40ae153,1
1cf641eb1fc43ff738ee8ee0662de8a1,7bf115809ab249f1bf0fa92d72e0baf8,1
1cf641eb1fc43ff738ee8ee0662de8a1,b2e7c39bb137bb4b3651862c6b611468,1
1d0be6ff723818bb810023b236405017,da97969972a524bca894f97ea6bcff90,1
1d1ef6c7dc1da586a9f17a4ca49db776,31fd02b02c33827cbde22902cf80338c,1
1d1ef6c7dc1da586a9f17a4ca49db776,42a2c92a0979a949ca4ea89ec5c7b934,1
1d2435aa3b858d45c707c9fc25e18779,985c412b0ac92ed9d8a76bbeab6d44eb,1
1d2435aa3b858d45c707c9fc25e18779,d4a8ab90e626911fa92af68c07228390,1
1d34beeda3b2d9a16c418c0d1419bdea,fcf6ad274391aea29f5d6e5ef9da5050,1
1d39a7704cfb79b7cd820bc83e3de161,920840f7899b13c467d223950c89e9e9,1
1d39a7704cfb79b7cd820bc83e3de161,9b968712a8768d8e23318f73476af1a3,1
1d400576252c095cd50974972b4f7f6e,4b96786612ebe7463132fce2c4dca136,1
1d59e4eecfa206d206db45c317e78920,777d2e438a1b645f3aec9bd57e92672c,1
1d627d8a6e1e33ea8eeeb7a17d998660,0c877471e35049402bca235e06cb8063,1
1d72aaec15863f7532b2dbf4a5c4247d,4c1e109ecdf58453de365d217cefa64c,1
1d72aaec15863f7532b2dbf4a5c4247d,c4c273fc9291c33a56ad3f006fe567e4,1
1d74273c053909be057f50f65b48522f,4dcb49b9ca7e48d2f108d40caa77caa2,1
1d74273c053909be057f50f65b48522f,9bb2d066e4b33b624cbdfec7d50b3dcb,1
1d7c9872acb163f50b958fa4b729dd02,1427b126f61597524866770b05d4eed2,1
1d7c9872acb163f50b958fa4b729dd02,689c51a11e9c5daefc1f9b0782e28fcf,1
1d7e8be24bca64576da891970638bfe3,ffc0b406806006602c5853b00ab5f7fd,1
1d900b1ce211e702e4704b1bee5752fc,537795846d3155fd59b4eb12545b1b2f,1
1d900b1ce211e702e4704b1bee5752fc,75c06ee06b201f9b6301d2b5e72993f8,1
1da09dd64e235e7c2f29a4faff33535c,bb90206fa281c20f0b4c42a2393b54dd,7
1da80fc5606ba186a1023c811d3487f1,d59349a33fcba18707a61aa852c02c5b,1
1db716b277f04a5bbaafaaf1ae8a94c8,1a758361b1c10b3ffe3d3373332de319,1
1db716b277f04a5bbaafaaf1ae8a94c8,779559842fc122d55edbd03153f35e81,1
1dc03b23f85e6846bb6de8a55d58994d,39aa98469aa7460a9764311b3f8efb12,1
1dc03b23f85e6846bb6de8a55d58994d,9d32095f76b97762307e86cfc18dd7a0,2
1dcb4c54d17855c39899eb445551501c,1c21c1ed398eae61184065889ca3d4b0,1
1dcb4c54d17855c39899eb445551501c,53759a2ecddad2bb87a079a1f1519f73,1
1dedbe50138a3540d30fe355776d2d6a,5aad359a63cbb4fc35ead44346a3eeb4,2
1dedbe50138a3540d30fe355776d2d6a,af35be35db4ad0dc288b571453337376,1
1dfbdc636de09adbcdbc3d34e15084f3,1dc7685f4fdb9622d84ae2ec658d5bbf,1
1dfbdc636de09adbcdbc3d34e15084f3,e256d05115f9eb3766f3ab752132a4e2,1
1e05761e47e6a4968ac2ee128b0d42a4,1acb18fc869c5489d5f76abcd681165e,1
1e0926e360000226b237bf277aec3380,c329abd2a10fad4a2f83377956328c67,1
1e433d2aca7584032f8f56d51643e605,158102fe543dbaeb84d87811bfe06d0d,1
1e433d2aca7584032f8f56d51643e605,fe01b643060a6446e59f58e3021e66b3,1
1e51a6a24372a8bedea3519f13f80e91,389d119b48cf3043d311335e499d9c6b,1
1e51a6a24372a8bedea3519f13f80e91,422879e10f46682990de24d770e7f83d,2
1e52d516902c7bd46d0532ccd79b1913,f264c1d9b20b5e4a340254d0405e613b,1
1e52d516902c7bd46d0532ccd79b1913,fd28b464cf1660a67606f7b48c8c38c6,1
1e6b20395bc9690fe6735e6b6e0d2791,35afc973633aaeb6b877ff57b2793310,1
1e6b20395bc9690fe6735e6b6e0d2791,99a4788cb24856965c36a24e339b6058,1
1e6dc17adde78e52b6fa5e634f4454e0,23c6236434e58c6519c19e56c2dade45,1
1e6dc17adde78e52b6fa5e634f4454e0,cd935d283d47f1050c505e1c39c48b67,1
1ec407f6f6e6cd3d5dc1022e970c8220,205cf43d203186d5eb440a791a5b7404,1
1ed1f7f1679bee0089061c9db1bd783a,88e2fc6c65d64b3edbf2cade16ea82d9,1
1ee4c408500cf3ada6de1a07aa11e084,9fc98e39f04be8e382d8aa5e259f5489,1
1ee4c408500cf3ada6de1a07aa11e084,c403e106353e1aa40efe783ecb39ed7a,1
1f17641a9f9ad86c56fa3f3401102857,4fcb3d9a5f4871e8362dfedbdb02b064,1
1f17641a9f9ad86c56fa3f3401102857,f4f67ccaece962d013a4e1d7dc3a61f7,1
1f2c5059dad2c277b3b338163b49ca73,a62e25e09e05e6faf31d90c6ec1aa3d1,1
1f2c5059dad2c277b3b338163b49ca73,e41a6ac2f57a273eb0d214c7cbab5db9,1
1f53a28536539df3fecec45ae1e212e8,3a05a947f28cf46d789adedc107d7595,2
1f706bf3d8588cd35fb75513b2fcd780,ce5a5a85a0704113bd7fd75b3fbaed71,1
1f706bf3d8588cd35fb75513b2fcd780,d59349a33fcba18707a61aa852c02c5b,1
1f90117a847636892e3c5bf569f2ac68,6131240aedf34224270cd6f07e8229e4,1
1f9756abd497b76eeccb492bfe91df35,d33f55fbec1f19c63fc6854c2fd65925,1
1fbd81e4d0a0cf9125ca038b43533b7f,3d82497d58f46e57e5fdb6cd68a03a2b,1
1fbd81e4d0a0cf9125ca038b43533b7f,a4d8f727f92014da5dd64116af14634c,1
1fbd81e4d0a0cf9125ca038b43533b7f,e3d56b75987accb32f776ba6c710913e,1
1fbf3a918dba47afb6162c450572a4ba,315c6373ff469f7b7f60bbb36c319f7b,1
1fdb1b2757402b1c8c077a9e197b5d63,5b226d7c52f86ac72457617f78cff95d,1
1fdb1b2757402b1c8c077a9e197b5d63,bd6e6fce9ada76ea2db0f1912e8e478f,1
20001d07954025179c613496803181a6,5328338cfaa16ba10561cd970c73ca11,1
2004ba7732339d9be65f2236d8887ae4,53b36df67ebb7c41585e8d54d6772e08,2
200d8b1f16d0cc9600022fdc99987a7f,36f60d45225e60c7da4558b070ce4b60,1
200d8b1f16d0cc9600022fdc99987a7f,e53e557d5a159f5aa2c5e995dfdf244b,1
20120882a566b99eb67c104dc05d896f,01ef0716b68c8493434ad32430c24e18,1
201e18d3b497478c79eaf7306aa38a21,b10eba910a974df70b8a12d0665cdb9e,1
201e18d3b497478c79eaf7306aa38a21,ce6f74096c84567f22728c84f3d6e7fc,1
2028c90d6c4523ae70a285c44010258a,1fb344134cd7164d32dea4d87ba3ec5a,1
2035b89e9bda1fc115c9c305613d00ab,6c3effec7c8ddba466d4f03f982c7aa3,1
2036ec6ec852107bec0c0006239baaf7,28b4eced95a52d9c437a4caf9d311b95,1
2036ec6ec852107bec0c0006239baaf7,aca2eb7d00ea1a7b8ebd4e68314663af,1
204efc7a771f1a33fd28465082171f5b,c12b64bf0861a27e0f06c36ef82f457d,1
204efc7a771f1a33fd28465082171f5b,ddceb6eef6af67e9fbbd4c148dbe5fd9,1
204fa49efb5913a76287284d6e096f69,089cc17c8bf2226d13648392e33dabd7,1
204fa49efb5913a76287284d6e096f69,ca152649b43c4c6081853d9421c59869,1
206b04b38a5dc8404458ec16edeca606,57e089e3103f5cda6a4ce23b77399bdb,1
206b04b38a5dc8404458ec16edeca606,ee406bf28024d97771c4b1e8b7e8e219,1
2080580f5f3893b30be049dc42c4bee3,0e2d52789a024cfd6f9204778320a8e5,1
208ed8bf578938c97d49b3429358a424,457cd0a99cfa977993e4eb6d98d95abb,1
208ed8bf578938c97d49b3429358a424,c8cfa622661e047ea2499f8bce4731a5,1
209e5691e2cda59cd71e45417d7f95a2,283dc451ad3918badb976d56ff887289,1
209e5691e2cda59cd71e45417d7f95a2,99a4788cb24856965c36a24e339b6058,1
20ae758fb6688386d9d1540f63d380e0,130482add9fd75ccb6c57ba007694a2d,1
20ae758fb6688386d9d1540f63d380e0,19c91ef95d509ea33eda93495c4d3481,1
20d42a0ad782572461d689604db4aa6f,1fa4ef78e1b8f0afea31e4ae9578affd,1
20ea80f41970eeef262ab9d652ed5255,6f33a4a09ae1180a0ee1ff4682b2d21f,1
20ea80f41970eeef262ab9d652ed5255,a87972100f1fa4091a86d6801620656d,1
210bec49b9e200df48dd3f31310d606e,36f60d45225e60c7da4558b070ce4b60,1
210bec49b9e200df48dd3f31310d606e,e53e557d5a159f5aa2c5e995dfdf244b,1
2136a45b6c2f821dfdc5149c045b3fdd,6d2fde7d12bb6ff367dbda120ba8828e,1
2136a45b6c2f821dfdc5149c045b3fdd,fb29f48bfea41db52e349454f433340e,1
213b36024bb0b8261de0ffbd652ebc34,99a4788cb24856965c36a24e339b6058,1
21421ba1bd92005a3b48e6a745e9b8bb,0a9bdadab17a9b0f258f64d11a0adf7b,3
214ac744aa4cf8ad16062cc58aac3d03,1629b469d01aadb4f92644039ad17d5c,1
214ac744aa4cf8ad16062cc58aac3d03,57d79905de06d8897872c551bfd09358,1
21559d7ff0ebff720e5e160184338fed,53759a2ecddad2bb87a079a1f1519f73,1
21560f93adbd9ada040a40909ac8619d,621dce691c2ff3f99e21c21057ddc0ba,1
216ab90e27f18940cfac8f9f02fb4239,8562e2c780a345b609e1b802d7e3e4ae,1
216fd197a786370ce9601ee2f6b5a31a,3e442d09f9dfef002aadf31960869f65,1
216fd197a786370ce9601ee2f6b5a31a,95c40b993a22463c83beb5c51a03d46c,1
21a2d9dc71459dbd3dad219cb9681964,4aa6014eceb682077f9dc4bffebc05b0,1
21b318668bb97ce15c5bb21e0275060f,345ebf31824c3871cbb94c377190d6f9,1
21c3cb2e65b7575d9e079f7be7987d3c,723f62c36c298037716bf60c0ad0df3a,1
21c8aa0cb27943cbf33d75985e28da67,0bcc3eeca39e1064258aa1e932269894,1
21c8aa0cb27943cbf33d75985e28da67,386486367c1f9d4f587a8864ccb6902b,1
21d3f0a4bf0cccf65dcfe93b8325d250,12827caf723c4ff8030d64dcffe3cdab,1
21de770aa4f3a60388b97b416ad38343,18f6ea7e8cff29f8053baac6762449f9,1
21de770aa4f3a60388b97b416ad38343,c045b19fdb30a3035c56d04c6fe2e622,1
21e4d2c611e316d9af4b4457ea49c1e5,542b3d80712d51eefe3a3cd1c5f4e8fe,1
2204194cbff584f5d24e74c50752028a,7d681d24b9bad757fb34b0d464c350e4,1
2204194cbff584f5d24e74c50752028a,a334304f952399f2161225628a9d2891,1
221d59abddcd719f3ec72c50078b9e31,703d742887bb9267f89b675608ba7aa0,1
221d59abddcd719f3ec72c50078b9e31,9bb2d066e4b33b624cbdfec7d50b3dcb,1
2271b98c96ef2dbe4241cbbde7c8c12b,1c55a8be0613dd888ed9c039cea3d660,1
2271b98c96ef2dbe4241cbbde7c8c12b,caf9add3dcd98d688be0064d9faf65b1,1
22a93d651c1f3443f3547fcfd9619840,173e9fe34bfe97f3a5e6dc57fe897b74,1
22a93d651c1f3443f3547fcfd9619840,2fea0f2cec6b6324a277d4a61c2ed2c6,1
22ac8971f405f9520b3e7cf37e042ee7,368c6c730842d78016ad823897a372db,2
22b3144c1dd01b7f1175da4d81332b54,e13f46cf68d356e0ac0f32058af20911,1
22b3144c1dd01b7f1175da4d81332b54,e456721fdab66b576664c035ad183965,1
22cd36d49a980277b8a143d1beb48fc0,242edc6b84c00f0d48c664a020a92c52,1
22cd36d49a980277b8a143d1beb48fc0,82183967d9fde935fc0b0189bb68ccec,1
22d64c509a1b9ce57345c62df274e772,b584de1994f604fa7dfd0b6b9c6c1b99,1
22d64c509a1b9ce57345c62df274e772,c6336fa91fbd87c359e44f5dca5a90ed,1
22d9294df64909d5f8d4a23809b1d8aa,438b5ad4eda7949fae4a4b834a69bcd6,1
22d9294df64909d5f8d4a23809b1d8aa,cec09725da5ed01471d9a505e7389d37,1
22e2a6909c8debb64e8560df49a25260,803f77475e1b51b47f1bfec4f2ec353f,1
22e2a6909c8debb64e8560df49a25260,bd6e8cf9fe4122c385da2bcb9f979d5d,1
22e8b5bc5e81dfa4a832da8f0b1452da,d2c7a1e57b8f3e74095798f867334b36,1
22f5499bc63c8ebcacf51cf02585eb37,4cd6ba4ea3112de8fc238307c4dc6307,1
2311b108adb023be56ce88c35b66ddd1,ee8b16196604ed47b34b094351ce68e2,1
232007f7d8c26eb8d7daaacb46501783,4328139cbe9adde0aac493ca9871eab3,1
232007f7d8c26eb8d7daaacb46501783,5c973b4202aac5c372a483e712306f4f,1
232007f7d8c26eb8d7daaacb46501783,cfb763496d9fc48751a27db4fd02aa2d,1
2333828ee788c93301aba0c40bc79a39,6cdd53843498f92890544667809f1595,1
23539ab2fa3d6e255f96114be5d2dbd3,d1c427060a0f73f6b889a5c7c61f2ac4,1
23780c7f5a15fcb349868006a13d7d8a,e4ad97ce352e46bebac92018f6ed976d,1
2378eeed2dcf1e43fc9ffcbb93e04827,0fa81e7123fd0ebe03adbbe99d912827,1
2378eeed2dcf1e43fc9ffcbb93e04827,fb783e3e545937820b57fe539b2c5a6c,1
237dfb57ee5ac9e68310bfd4bd816149,36f60d45225e60c7da4558b070ce4b60,1
237dfb57ee5ac9e68310bfd4bd816149,e53e557d5a159f5aa2c5e995dfdf244b,1
238fd7578b78d47cae8aeba6806c4f68,86c43103446290e7efacad3701cd654d,1
239b3546ef7a0ff14786b56fc026aa68,aaa09cd0acd316f7816145408dd73449,1
23ae1bfb4297222c1b522172809a7ca1,2f70195374f6c3d3c6542edf5bd17c8c,1
23d8fa4c98e800d92af00841e0a8b640,5a848e4ab52fd5445cdc07aab1c40e48,1
23df7c519d15201c2c60f0ab1ae41814,81b6c7c058add831803fcbba6dcc1df2,1
23df7c519d15201c2c60f0ab1ae41814,9ddd762ee8a13576a809dc66f22aa2b5,1
240f980f7c03e873c538e86792646919,431d674f9a4fbd0957ecf6ba3fcb6899,1
240f980f7c03e873c538e86792646919,afeeea6271148ee1bb15173b8187c431,1
2410195f6521688005612363835a2671,4eba76ab901d06e619d8d7ac69b3579a,1
2410195f6521688005612363835a2671,ea44caac707f7f1325182a538007f838,1
24259224caf748993c177ebf964c2e6e,16cc7a098d176187b6d8e9519fa81585,1
24259224caf748993c177ebf964c2e6e,8a852e038778b1f5f20b41824892c3b8,1
24391449252cf6db04ce271b2a208d83,013ee64977aaa6b2b25475095162e0e9,1
24391449252cf6db04ce271b2a208d83,429e7401fafb76436f15e86498bd7364,1
24391449252cf6db04ce271b2a208d83,f6fa93875f4a7dac03e0a22143f4d815,1
243b99bd9ed8a3f460e7289d0a8df291,4914f8796af2ecd359fd8f44b9b92339,2
243b99bd9ed8a3f460e7289d0a8df291,aa5d6a9bd4be367ae1a3a29c323c7c11,1
24426f9de8e823284c971fb030940901,50b2ddbf47bd0b8eecabb404613e2a45,1
24426f9de8e823284c971fb030940901,ff7c7524d5f9a8386ab27088ec03c1fb,1
246578bb79248a97e8d47514ac7decb1,2078312a2dcf1fcd8a38eabcf5dd033a,1
246ef4748f64c4e716b4356d570967a1,28b4eced95a52d9c437a4caf9d311b95,1
24793d09262ddea68f64f6e2a6150976,fbce4c4cb307679d89a3bf3d3bb353b9,1
247e0dcd20596bee51bd2b07f633fa04,368c6c730842d78016ad823897a372db,1
24a14f6181bac6d4aa42d18d2cd366cc,090481b27cff4d143f62be584cba5ed1,1
24a97b56158eb5f55b2840923c8c90d9,d678178aa4291cd25a755a90188375c8,2
24a97b56158eb5f55b2840923c8c90d9,eb8c629f70275fd1c4f809116cce1efc,1
24b7e460db28210f33d13d8ce5918fc4,be59d6c35e43e4bae41772d4b87136a4,1
24bc45b93041e78e892e0f0fd92104d4,2136c70bbe723d338fab53da3c03e6dc,1
24bc45b93041e78e892e0f0fd92104d4,43423cdffde7fda63d0414ed38c11a73,1
24bc45b93041e78e892e0f0fd92104d4,a84d0660dbffebf352aefbf1a6b18d00,1
24cd2ac13d29405aff87f625c98a0b24,4f2c53c9a1a7a00a247b351c1fdbed13,1
24d27f115e367d9129a0e7a7a5d36866,d285360f29ac7fd97640bf0baef03de0,1
24d27f115e367d9129a0e7a7a5d36866,e5fe79a5ccd19d20b3b095bf73cf9b5d,1
24d9e83fe11e4390b69e1afb2b93f5ee,0a783d7ce18a37749c3a059cf829564b,1
24d9e83fe11e4390b69e1afb2b93f5ee,ad88641611c35ebd59ecda07a9f17099,1
24f597020fc5ef57ce93a6703a8da50a,7c898e0b8ea203dd94ba846627fc34d1,2
24f597020fc5ef57ce93a6703a8da50a,86f2416d4670e4ea3ca5494d043d9f24,1
24fb2954f8c6cdb4b900ed8db6dc88e2,e7d26dd6742baca292020c158e6720c3,2
24fb2954f8c6cdb4b900ed8db6dc88e2,ee0c1cf2fbeae95205b4aa506f1469f0,1
2511b2cb0bc9e10029502620f5c16550,0bdd9a52d192d64770e33ae559512478,1
2511b2cb0bc9e10029502620f5c16550,1600dcf1cea8c0c83702e07b577ab231,2
2516f43838c4892e066fec28143efa64,bb50f2e236e5eea0100680137654686c,1
251bd18a6617e556d406a86ccf947c6c,cbdb9bf611328898bd4b32a384506b3a,1
251e658613a224723f8a077946183b20,f39a8b27ce90ac582103bf36f09690dd,1
252a5a7461ae95e4af38d293cbc4080e,163e6400e6dadd0fe04775c5e9331fda,1
252a5a7461ae95e4af38d293cbc4080e,920840f7899b13c467d223950c89e9e9,1
254f01c0c4853e5c23a801f29069f932,188d0b148e6d1c86faffe0d73c3f2dad,1
254f01c0c4853e5c23a801f29069f932,a0b7d5a992ccda646f2d34e418fff5a0,1
25520577f57aa8deaff5d61a05f26865,50147c350ddbaff0646aeac455c7473e,1
255ac312f5ceb97163ec60f0db2eee11,386486367c1f9d4f587a8864ccb6902b,1
255f932a01554ee603c0c788f2c5705c,b520bae2a8c9790cac40196cb2025283,1
256a818e4a419ff827a36a52252fb8f1,14dffa241a078aeaebaef48a49e807ca,1
256a818e4a419ff827a36a52252fb8f1,8d98dedc3c19de17f1a090195e85d6b6,1
256a818e4a419ff827a36a52252fb8f1,d5b703c271f43f9c588a6f512a00f77e,1
256b3e7a939dddf3e40608cac69e88c7,9ab61676eb915c81c3c893adca21364c,1
257a0a891aa05c945617ad8f097645bd,7185389e32acf9c5c5f61e6a23c0ab3a,2
257a0a891aa05c945617ad8f097645bd,ec2d43cc59763ec91694573b31f1c29a,2
2592789c0e70f4d2af39afae4dd431ec,fe59a1e006df3ac42bf0ceb876d70969,1
25a1ad8a564d758f233c587cc657aa4b,0efc91aa52d1f0669126d3000a94279b,1
25a560b9a6006157838aab1bdbd68624,0152f69b6cf919bcdaf117aa8c43e5a2,1
25a560b9a6006157838aab1bdbd68624,cf6514025ef5d3a93d69d2a7bfa4036b,2
25c88b7eff936d6a6fed64142b760035,2dd91cf063cf57cb0eebef072746daab,2
25c88b7eff936d6a6fed64142b760035,832b74a0faa3b602a48e0f20990adaf7,2
25cac425f64ae1b78c60c2afae3ec384,5b8a5a9417210b1b84b67b9a7aefb935,1
25cac425f64ae1b78c60c2afae3ec384,d14fc36666bc80405693671778350124,1
25e028fa8de01a4043fe40595f9edcff,47ea90e9a2976bc290c3cdf3b5e0573d,1
25e028fa8de01a4043fe40595f9edcff,d1b1a0e78589ee89279d0be1e4a8b905,1
25e9454dd5930eccaa4f0e01ea3a7f49,bff2390f68a7b76b01ef61b684888261,1
25edb84d9a9d4d35a86c381770c4c75f,2c2b1db11f5ec66bbc6ca9d1ce3f81a4,1
2642f11f7c5588a63213b5e67e8ad0a7,779dd392d4fbe5ca656bf3ceabecbf0b,1
26624b9399ad6aa028a09e30e63cd696,31b8c37adb9572ed34757d9368d987ac,1
26624b9399ad6aa028a09e30e63cd696,96ff741d2c7879406ec3054d6b2a11c8,1
2666a61d9b5755651665549f80bb3450,aa70ae9ee9a798d44ae6e00ce6d82cb1,1
2666a61d9b5755651665549f80bb3450,d13a4acdb64c202e774e815db547e108,1
266bd072600e898f80a34d654c51a643,173255396ec907ab516d3848dbcc98da,2
266bd072600e898f80a34d654c51a643,30ac6df06dc59ad72cf2f158fc2d904c,2
2678e1c5ff986a33a21eb9014275eca5,9e2d3a8d8ffad53e2e35282a2020221c,1
2678e1c5ff986a33a21eb9014275eca5,a695ab8413ea83619cde9b18292d6aa1,1
26a2b0baec2ef2e226f1297de4b6a86f,e0d64dcfaa3b6db5c54ca298ae101d05,1
26a6e3e036636ef1d5636f98b66094cc,f4f67ccaece962d013a4e1d7dc3a61f7,1
26ca20ff263502c115769540069e351f,c8a4cbaafa1f0579063ec64cf40ae153,1
26ce036d768b727192359b729f87ad32,31699327e8b1095210f7c48d91fc09f0,1
26ce036d768b727192359b729f87ad32,eeb2d1e155818957df60a76fc47e75a8,1
26d1b63e9b8478f84f87188c4877049e,d9c2eaccfa617895e2720f212e592de1,1
26e025af2347c3968f6a578f853a9da2,05a9dadb8402b6b7ae3dd28f7da187b5,1
26f06401a5374fd3d26b6eed06af675f,53759a2ecddad2bb87a079a1f1519f73,1
26f17bce4c85dfa04d493059fe609cd5,2ba4f78910f6fe61e7ae7bfa4efe2726,1
26f97eaf9f9daed27155eb87109df5b9,ec2d43cc59763ec91694573b31f1c29a,2
2707694d2e0e2505aa0e5aae6bf6d936,12667a519a4a3094eab02f5841b07409,1
2707694d2e0e2505aa0e5aae6bf6d936,91442659f31ec0f0fc73215e77854fac,1
270c0ad2a232e4a10be51000bc69eb03,bdcf6a834e8faa30dac3886c7a58e92e,1
271d3cdd872021b1b6669ad93e8b856b,22c5ddc22ea8cae84fc9917def682dc6,1
271d3cdd872021b1b6669ad93e8b856b,98d61056e0568ba048e5d78038790e77,1
27259fad9054fce994a70f1d117bc402,a50acd33ba7a8da8e9db65094fa990a4,1
27259fad9054fce994a70f1d117bc402,dfb97c88e066dc22165f31648efe1312,1
272f0ffe236b0bf765e14f5a2b577a6b,11dcc970f7a5581e1bf777b6da3f7096,1
272f7dfe5a6714f61a473c8d2f2862f1,3ce943997ff85cad84ec6770b35d6bcd,1
272f7dfe5a6714f61a473c8d2f2862f1,b7d94dc0640c7025dc8e3b46b52d8239,1
27517ed34c0406fe07b3a806e33cbc10,25437c6ccd9cdc28db375f821881224f,1
27517ed34c0406fe07b3a806e33cbc10,57f2de7e1c6028c7d38a50cff155c794,1
276743a9fc79d7269dca763e48a52b3f,85b6cd7f57f7a06d180c93e8c74f6381,1
276743a9fc79d7269dca763e48a52b3f,e906fa76a27488f805ba8584a4c10cba,1
2767f1bba0529fe3f48378c05ea40f0f,88a3a882d28c386d79c18ac2141eaea1,1
279cff9b9d6c8587d0267ae1b9e365a5,abc3432ff825d8e524db1d4eac6d2099,1
27b521a055cd1e37cc5ceded75d02472,f09f6223e88af7f6de46dec6a437458b,2
27e86d2ae0db33b8d242c9251067d97e,c7b3cf9de7be95b3e09e7a63315685eb,1
27fab33474655588a2059ef89d87dfa9,31c79131e883e5fd8c4c85fe9f7d2bb2,1
27fab33474655588a2059ef89d87dfa9,dab2413ead0edda9967edbc9bda2a64e,1
280c34dc057ff9f3cd17360673d4b87c,fe95eb948375116da759c8ef60295001,1
281e1e72207e518c29b249a1361a775d,c56400aa5823575d5a92a8f98077490a,1
282d49fddab8e95a8673a2a90072cf5c,57d79905de06d8897872c551bfd09358,1
282dc4abbf2759fb9bb77217f5cd6c4c,2a5806f10d0f00e5ad032dd2e3c8806e,1
282dc4abbf2759fb9bb77217f5cd6c4c,4a0c2a56e65c941a0bb9874c47dd66d8,1
28432b10d1f73d179c1b8cd72bb4c77b,056d012d264624accb7f73d31caee034,1
28432b10d1f73d179c1b8cd72bb4c77b,3e5201fe0d1ba474d9b90152c83c706c,1
284e36d78d3a3a395cae7fe335fc8371,1600dcf1cea8c0c83702e07b577ab231,2
284e36d78d3a3a395cae7fe335fc8371,e57eb018e37376580079825eb29a3419,2
28693ecfa07672ed4eb44f8e6c0fd4a1,432357855585cf634fc9923523ce5e4a,1
28693ecfa07672ed4eb44f8e6c0fd4a1,e2f1ccf86759df28dd1e9f2e0e3242d4,1
286d8f01f94a8061cef05c7c49efd8a9,77fa3381855b6763c52ca3b72824f508,1
289410555e77b17958f6c008359eb524,368c6c730842d78016ad823897a372db,2
289410555e77b17958f6c008359eb524,53759a2ecddad2bb87a079a1f1519f73,1
28ad66c8baf13c85d2a936d0b06e73f6,35afc973633aaeb6b877ff57b2793310,1
28ad66c8baf13c85d2a936d0b06e73f6,c1488892604e4ba5cff5b4eb4d595400,1
28aea3e12549a3611bbd8d4e3310e4fa,0dce093fc7ec4dec214256df878e3c08,1
28aea3e12549a3611bbd8d4e3310e4fa,d017a2151d543a9885604dc62a3d9dcc,1
28c7e3fb75d7ce1e496dc539443b71da,d6fe3b4ddecd4a8393c6a1385de3bfb6,1
28cfa4471fab15695744e57ce3036694,98b22c1129886cbd7fcae69d1c93e442,1
28cfa4471fab15695744e57ce3036694,e0cf79767c5b016251fe139915c59a26,1
28e3b4a14a28881ebbdf5384e004d6fb,35afc973633aaeb6b877ff57b2793310,1
28e3b4a14a28881ebbdf5384e004d6fb,99a4788cb24856965c36a24e339b6058,1
2923157e1b4a0c4d19d69099d14a6bf3,e3f7b3cbb0ccf1f1e361e6974b22e346,1
295c05e81917928d76245e842748184d,33f17ed3c6906f7a7ae17a0843536db4,1
295fc568d9911ee55c2eef79be1af99c,53a0380bace091a275d6f6a7e46c07b6,1
295fc568d9911ee55c2eef79be1af99c,fd220f6fd5a3f13ef9db07428f9c935d,1
29609bf5d89e7391ac0b0f5822f93cff,a4aa7c1427c31344e5f7cc3d839fe562,1
2960bbc2b7cd9bb35a59ba3f047004ec,98615693c104cb69e8746bdbad198317,1
297c96c54137df28ac996350c38196d4,06edb72f1e0c64b14c5b79353f7abea3,1
297ec5afd18366f5ba27520cc4954151,31ddb1ee64afc01b90d5025db261a737,2
297ec5afd18366f5ba27520cc4954151,57c9362442482cd2451f2eabf468e532,1
298c3e1a698283a45f1c94df3942bb3b,a12c9204f6f9e90ad1d8ba5571fbfed2,1
298c3e1a698283a45f1c94df3942bb3b,e4bc98f06b9893b763bb17a152219b87,1
29c6b20b1adbe3f613a903c6a0a7d52d,78efe838c04bbc568be034082200ac20,1
29c6b20b1adbe3f613a903c6a0a7d52d,a00d11a2119bd70d658fc7cdcf1f59d3,1
29c839031b46d4b0d8b3a4d29402259f,60495adb1f1a49c8aea75e5e56a47a48,1
29c9de8d2ffc5e76fe6b0e4a43da3f1f,a996a4fecaea5e7e2638d2c5078ebf4b,1
29d72fba272ad06ed0b2ac6351da042f,84f456958365164420cfc80fbe4c7fab,1
29d72fba272ad06ed0b2ac6351da042f,b0c2a004d315a5ba0b19584393ac478c,1
29f8e372b3b1d42ad2e00a0b976bfc34,9feeadd6b97835152e83e1b25b46f5c4,1
2a0ac21838f4a0a00c767bbed07de79a,3ceb44c75e6981ff0987bb90c95694c0,1
2a0ac21838f4a0a00c767bbed07de79a,57c580a8fbf3d8374b06bee7b6f4ce31,1
2a17d0a71f5910d7207819f9ca9ec12b,eb8c629f70275fd1c4f809116cce1efc,1
2a36404701b15c414647a2ec2102baba,378fed7e555fa94c149f571bba1d71b0,1
2a36404701b15c414647a2ec2102baba,9d8a0e115e802d845b4ce1eb794d1260,1
2a3d4df1de5c9feee497328298916d41,2947c2678aab0b7bfc86dd062d9c3318,1
2a3f4536e732a04cfad59b6e50c2e925,b9900407a55cb2b306ae612415c3340e,1
2a3f4536e732a04cfad59b6e50c2e925,e2cac69b319c0f8a21dbf04b925121bf,1
2a532e879c1278727d9d7001890cd333,36f60d45225e60c7da4558b070ce4b60,1
2a532e879c1278727d9d7001890cd333,3f14d740544f37ece8a9e7bc8349797e,1
2a7f837de6a1999e457b8e3c5619156f,363218ba55c610b750224f90bdd34be1,1
2a9c9698ae8fb45eee69ca8808382671,35afc973633aaeb6b877ff57b2793310,2
2a9c9698ae8fb45eee69ca8808382671,c403e106353e1aa40efe783ecb39ed7a,3
2aa8fc021c68c7c1e1698d29faf24820,0bcc3eeca39e1064258aa1e932269894,2
2aa8fc021c68c7c1e1698d29faf24820,389d119b48cf3043d311335e499d9c6b,2
2aa8fc021c68c7c1e1698d29faf24820,422879e10f46682990de24d770e7f83d,2
2aa8fc021c68c7c1e1698d29faf24820,53759a2ecddad2bb87a079a1f1519f73,2
2ac0a65015448e0815d4d943a3870e3c,e4e9fa024c5f014419b395452a41987c,1
2ae6a57dcdd2f1424598fc480cbf698a,04dc26a02c448f6f2b914f01c2902ebd,1
2ae9c0e55708edf3ebe5796bdcca1b80,11dcc970f7a5581e1bf777b6da3f7096,1
2ae9c0e55708edf3ebe5796bdcca1b80,2b4042dfabc3fe9d3f16951a8e1a3b70,1
2af002fc8264fde832eed43f914b9cd3,74939659dbb10592e383bebf2f78272c,1
2af002fc8264fde832eed43f914b9cd3,b0c89945c034268074f5f80b362bda34,1
2b100d3737ff053e5003640064ee6ad8,10714d6a49c0af9ccdab2d806887c5f5,1
2b100d3737ff053e5003640064ee6ad8,e4d1cdc6559e08672c98c73a21305521,1
2b13d1a22b8354071b464d3ec28d7e6a,d952c09021388fd5b1e5f914f559fb10,1
2b13d1a22b8354071b464d3ec28d7e6a,e282624d8c82e04983f125e167eb4521,1
2b161eaf4956b131691842e87b3c39c7,385a33a408e9c35c9fbc2025c12f3784,1
2b161eaf4956b131691842e87b3c39c7,64d33e6bd1b905a31c2f96f584e6a0c8,1
2b161eaf4956b131691842e87b3c39c7,ae52eeb8383b94455f0a08b1f88ad002,1
2b5c14b7e1a3d88ff7e0c46e15851f5f,154e7e31ebfa092203795c972e5804a6,1
2b5c14b7e1a3d88ff7e0c46e15851f5f,7c1bd920dbdf22470b68bde975dd3ccf,1
2b5ffb4c42d26e466ad575ecce365aa2,80df62ce491a20d390c9f69402310f0a,1
2b775b75afa0be08220fb73a7e68df3b,2d27434c710806b971a721da337a112a,1
2b775b75afa0be08220fb73a7e68df3b,7c1bd920dbdf22470b68bde975dd3ccf,1
2bb807a3ffb2a486c452125519c8aaec,edc388b2ba34de112c918ddcd465f5e9,1
2bb9b7e460ba29e236747a1959108097,f4cd1164757f2f82e7f949e9ba129664,1
2bbb58ae225973d1f65a18140cbf0c4e,907539b8216ca1250e5e974b4047699d,1
2bbb58ae225973d1f65a18140cbf0c4e,e2bb00220a167d9e60b6776ac33717bc,1
2bdfac959ff0b3dd9f5b0853b8486057,b47865eeb745bcbfca95513b46bd977d,1
2bdfac959ff0b3dd9f5b0853b8486057,e41a6ac2f57a273eb0d214c7cbab5db9,1
2be5dce8b491a7bc6a65d6e91bf49812,154e7e31ebfa092203795c972e5804a6,1
2be5dce8b491a7bc6a65d6e91bf49812,504f07e36481e5e72043def3d874b92a,1
2bfb41d07316202af02dd28b825028d0,060cb19345d90064d1015407193c233d,1
2bfb41d07316202af02dd28b825028d0,98d61056e0568ba048e5d78038790e77,1
2c03431d52e6ae4479a2a2310fb2e481,36f60d45225e60c7da4558b070ce4b60,1
2c03431d52e6ae4479a2a2310fb2e481,e53e557d5a159f5aa2c5e995dfdf244b,1
2c35d207315b638d53e7730724427348,5135301d684848b74276f22afcc6781c,1
2c45ab66a3dae52960147e76a35740ff,0e0487ef680ae92e064423238d1b4c05,1
2c45ab66a3dae52960147e76a35740ff,2423252b2432f1803e4f29e0974c6cf7,1
2c6a91479a7dc00d8c9d650d8dee88ca,9fc98e39f04be8e382d8aa5e259f5489,1
2c7210a0599f020ec353d97bb02ac6fd,3ceb44c75e6981ff0987bb90c95694c0,1
2c7210a0599f020ec353d97bb02ac6fd,57c580a8fbf3d8374b06bee7b6f4ce31,1
2c76a9335908716adfea7acbb381c840,cdc4af478fef19f03f1d0353c00271cd,1
2c85bc3b462b734ab70f4fc28ff5f727,457cd0a99cfa977993e4eb6d98d95abb,1
2c85bc3b462b734ab70f4fc28ff5f727,a8d952e8e5436a6fe36d24c402d100de,1
2c961ee955abb3ac9a80babd54ed4156,18b0e642cbae7251e60a64aa07dd9eb9,1
2c9d53f20e3055c7729299150d40a5ec,64fb265487de2238627ce43fe8a67efc,1
2ca146afdc417229cb341acc762228af,36bd3e4daa4604d112f17dccd24ee59e,1
2ca146afdc417229cb341acc762228af,f0b543161e745b6c80a79c368db167a5,1
2ca24754bdb45e98b2e06a59f513e68c,946344697156947d846d27fe0d503033,1
2ca24754bdb45e98b2e06a59f513e68c,ad0a798e7941f3a5a2fb8139cb62ad78,1
2ca27ef6f20adeabb3c9c3e43e7ad17b,69523f67543ff9ea6b1a15858fb59b3b,1
2ca27ef6f20adeabb3c9c3e43e7ad17b,c756c946d61f5ffc068418badfb6302c,1
2ca27ef6f20adeabb3c9c3e43e7ad17b,d2c7a1e57b8f3e74095798f867334b36,1
2ca8ef8560c5cd0f9ddb65d1b1b51380,555b27dfb2ed94d001c28e5624dd6961,1
2cbdd1cbe1695df917f0f720f4b6449c,1b7b45fba5ad23e8117914f8b36e6772,1
2cbdd1cbe1695df917f0f720f4b6449c,d2b0f9cd5e31ed47dbf92b157c0cda96,1
2cf396c9e24e7627ff042cccb209b9e6,83b00325c13c44245b2c3a2befa62a0e,1
2cf396c9e24e7627ff042cccb209b9e6,b77ae16cc8f67cd1c0ec781d5bf4da2b,1
2d14556024f4bbe01f147576097c42fe,5411e9269501a870cabf632f05655131,1
2d49eaf79111ff286fe657aadbed5a28,2b939dc9b176d7fa21594d588815d4a4,1
2d5e5796e7901464c00407e69739c6db,6109d0cae3bcb57d579bc0fab6e61814,1
2d7c6bd64b139f0f40968dd19c629532,543fd1c1fba9cfa6e424473dd4d830f0,1
2d7c6bd64b139f0f40968dd19c629532,c0abb5707b6d57b4e7d9797222a77fc8,1
2d7cb41d9029236b370d753170c2818d,39b86f4e3aedf22731990099a660a6f5,1
2d7cb41d9029236b370d753170c2818d,a1250bbcaa645885c9165eab1573b5c6,1
2d8c53115afe41713433269302e68bc6,c7858457bc43561ccb96aaa2932cb085,1
2d8ff00aeb57429cf50b428d7a4ac3ec,2ffb8b836bb62d53a77a69a67814fffa,1
2da78ae34b536da727156c89276bd3eb,113f80f12c8892f0c59206f70b862b40,1
2da78ae34b536da727156c89276bd3eb,a1dd59756b92c62cd39375d0b0222698,1
2da9c684118fafce96940108437b2480,acdd9eaa79720ca045ce3768250b8e47,1
2dacd79aa5d1a86240b37b6c588de551,a02d0123079f4ae96001ba2010d1a2df,1
2dacd79aa5d1a86240b37b6c588de551,a3daee3915d4fb98376e039ede6bdea6,1
2db405cc6d4123953d36594dbff12a73,f9be8e0e5acd947d8f49dbc390b9ab20,1
2dc7f51f05ba1b1a92608e45e55d1fe1,cd48f265a63e13b762601f5f794c5fca,1
2dcbfb99d95c7ba6eb992a98627f45b8,50e1b118f266b655f613f753914c42db,1
2dd7f52683f631651a5d94056935e1e1,23e8820ae7d5a7aee1299a1923876b78,1
2dd7f52683f631651a5d94056935e1e1,764292b2b0f73f77a0272be03fdd45f3,1
2ddc001b620bd90d0f4378cfde1db887,3fc18e3aefe7b9346bd15de863fa0365,1
2de521d3fd097acfbd5bed9c7b9ed0d0,87d780fa7d2cf3710aa02dc4ca8db985,1
2de521d3fd097acfbd5bed9c7b9ed0d0,9d32095f76b97762307e86cfc18dd7a0,1
2e08911037fe7ec67377711eee1fdbf3,bdc3291ab242ec1effc8eb0987850268,1
2e0a2166aa23da2472c6a60c4af6f7a6,4f88323d03ffaf090b8fb0116b33c95e,1
2e366b0c6451864364bab2e7917ca1bb,0ac4b9dc5e23908abf09e13da3ea1bbb,1
2e366b0c6451864364bab2e7917ca1bb,d017a2151d543a9885604dc62a3d9dcc,1
2e3b427dc09d7b4f7430f92956b0f3e6,1a2d00b771a438bee7055bbd0086e003,1
2e3b427dc09d7b4f7430f92956b0f3e6,42a2bd596fda1baef5719cb74f73030c,1
2e480e3d60010e04de3acce012749279,67cee25aae565b8f1182ea8c37440103,2
2e49a3bbeb76297ee0ff49df39c2456c,6a0713a63e990052795623e76cc2995e,1
2e8451f99c0515636908ff1f6ba45449,f3ead0dbcae5b065731b183396c1da2f,1
2e875ea57961ad115cec13fef0920ae6,880be32f4db1d9f6e2bec38fb6ac23ab,1
2e875ea57961ad115cec13fef0920ae6,d41dc2f2979f52d75d78714b378d4068,1
2e9399fc2fe209771a6f719e14bdb6fe,1533438056d9a9bcb1295afd304e36df,2
2e9e0d2396e2ed1a9b9180a1e8300cfd,3b0f7951038b105522c2d566b54421f7,1
2ecb8546a5c0ea3c74dfa8b77a321370,060cb19345d90064d1015407193c233d,1
2ecb8546a5c0ea3c74dfa8b77a321370,98d61056e0568ba048e5d78038790e77,1
2ecd61ee84be014b273910e450c1a326,1d3f55c00acdb29bd959f2760abc8b7d,1
2ecd61ee84be014b273910e450c1a326,f4f67ccaece962d013a4e1d7dc3a61f7,1
2ee7ec1f76d53708b7665e5b28a80ff1,69523f67543ff9ea6b1a15858fb59b3b,1
2ee7ec1f76d53708b7665e5b28a80ff1,6fd82d8f842424334fedf31190e54d24,1
2ee7ec1f76d53708b7665e5b28a80ff1,cdc4af478fef19f03f1d0353c00271cd,1
2f1ae2ed6bbc4661d04c271560570c54,a2a1d57880bb40e60b59530ba0177ccf,1
2f3f6dccce404d1c38be34db1fe4c34e,304104a478e3a605db6072a22e4ee228,1
2f3ffd9f28e0a140401a51e8ec5ec4d6,44d097d59e8430f88a67517cd0c4f865,1
2f3ffd9f28e0a140401a51e8ec5ec4d6,d017a2151d543a9885604dc62a3d9dcc,1
2f47072309ad4f98ae752ee4a30ba34a,5a3320037d5922a7708647c81ecc1f15,1
2f4caaa523ad6f3d695a5e698263cd05,2136c70bbe723d338fab53da3c03e6dc,1
2f679a526d3b619beccc26a3d1435de4,1486ffdf6241755c77f5345b01232361,1
2f73e93d1e11788e219227e5d10c181b,b4b817e5f2c4efc8253b4b679c653847,1
2f7c13c9fa506d0b141990d5b55fd936,07c055536ebf10dfbb6c6db6dbfc36e5,1
2f7c13c9fa506d0b141990d5b55fd936,ace5d86cf1ac63cdb76f49e5cd23d2f8,1
2f7c8c8386941ce0ef458ca7ff304123,4a8c87facc0a20b726d5e1112ff3069f,1
2faf4a1d502b10555a9f39353ea20148,422879e10f46682990de24d770e7f83d,1
2faf4a1d502b10555a9f39353ea20148,d363e421b1d15376b299089946fed127,1
2fb4183605995aad1ff94ef572b91a21,0c9ff9d8ed9b9bdd825487b3a66e05f5,2
2fb4183605995aad1ff94ef572b91a21,1d3f55c00acdb29bd959f2760abc8b7d,2
2fb6dae4fb3a2f917940978144362cd2,617186c3d97ea56c9c683a8a3974e8c1,1
2fb6dae4fb3a2f917940978144362cd2,d7d5562fce331ad958ca6f57057b3526,1
2fc5e667ccf2a1c87a798be23f1c920a,418d480693f2f01e9cf4568db0346d28,1
2fc5e667ccf2a1c87a798be23f1c920a,83b00325c13c44245b2c3a2befa62a0e,1
2fd07dc5dbae616986e00fb72e7a779b,0a5a41c678bcf81e041826bb24eb0b01,1
2fd07dc5dbae616986e00fb72e7a779b,e85d91619b497e98754390b6198a9818,1
2ff1b818fb048c44dc6629f013cceae6,8466762a9393a2b2b1de73f3cf6081a3,2
2ff1b818fb048c44dc6629f013cceae6,c7fd13b5e515bffdab855d0812842edb,1
30064bf53a90a5f47e4ab33632e41b69,368c6c730842d78016ad823897a372db,2
3012dd6d7cbfef5b7a47840ecb85e412,aadff88486740e0b0ebe2be6c09476ae,1
3012dd6d7cbfef5b7a47840ecb85e412,e0cf79767c5b016251fe139915c59a26,1
30242b01548a825ae54ef3ed3d5f33be,e389381479408ccdcdd406d8d3049e45,1
3052fa07cdb3c836b158402ea4ee6fb8,35afc973633aaeb6b877ff57b2793310,1
3052fa07cdb3c836b158402ea4ee6fb8,99a4788cb24856965c36a24e339b6058,1
3074d9559c8da1c065b79c6174c00dd9,5d6bea33648f018dbb563f3a2fab09f3,1
3094e3bc9f2c62e51fe92505c9bfd853,5a0c21ad6b82a1b61856e48ec959764d,1
3094e3bc9f2c62e51fe92505c9bfd853,fe9dfbe7f974621789683b7b78be2a16,1
30a67407e7b11df58d4a9bc01407de52,4167a7ae0930579d1f27d465a1a042f0,1
30a67407e7b11df58d4a9bc01407de52,d13a4acdb64c202e774e815db547e108,1
30a81e307f19e822e7199139fe52b1b0,6e77b89d36e50217e6793780a8ce5c82,1
30b782a79466007756f170cb5bd6bbd8,1b2066a33aee5851ee3e44b10b36b3c8,4
30d4c5e28ea8ce0ae64404d12398a620,81b6c7c058add831803fcbba6dcc1df2,1
30d4c5e28ea8ce0ae64404d12398a620,ddb9028236525b8ab493fc24f99e8d1a,1
30d600f278c689c07360b4124cb9a73d,cbf5cf4e5d906cda4c6d91d5b7b15e8b,1
310647380793836bfa5b7b6b3f518423,3e442d09f9dfef002aadf31960869f65,1
310647380793836bfa5b7b6b3f518423,67fc455b96e0908bc5e0d917237b2977,2
31110c0abf469026d27a9f6b5f4fb364,b0c89945c034268074f5f80b362bda34,1
31110c0abf469026d27a9f6b5f4fb364,ff2c1ec09b1bb340e84f0d6b21cc7dbb,5
3136561f1d9af758ada21e74d3a35e81,a0cb23ea9b98f51407ac7bd1fcd29c2e,1
313c1c4670538126790f08b10b05058e,817e1c2d22418c36386406ccacfa53e8,1
313febe2adc914a7cb3f6e903f8e13cf,113f80f12c8892f0c59206f70b862b40,1
313febe2adc914a7cb3f6e903f8e13cf,a1dd59756b92c62cd39375d0b0222698,1
314259ece6a9207c6fc02d925fc996b9,53759a2ecddad2bb87a079a1f1519f73,1
314259ece6a9207c6fc02d925fc996b9,e7890707ac0e4e190a74aa46c92e2c94,1
314b690fa4e208f1e8122220378e7b5a,57d79905de06d8897872c551bfd09358,1
314b690fa4e208f1e8122220378e7b5a,9aa9caee155847cddb376a05b9a39791,1
316107d320bc2ee4b4b0d66c60cbc2a2,14555ba663de8689feacf1d0819cc3b3,1
3170ebd8b32a5e2102c9d75e0a7f6d74,f3a67aed340d9b5f218c2d177cc720e3,1
318b8659483e12e9cbe1e6550d97f9d9,04c48a5fe31aedc4ef3896c005fd483c,1
318bd12e1c1068f2f0893f1c225813fe,4a9947ec1fcec2b3321193ed5590e8cb,1
318bd12e1c1068f2f0893f1c225813fe,6f0f907c9cf458139bac7f01777b9bbf,1
318dd674b6e789249337a1edca1b0cc1,35afc973633aaeb6b877ff57b2793310,1
318dd674b6e789249337a1edca1b0cc1,99a4788cb24856965c36a24e339b6058,1
31aa2034dc4b34b06487e22a53b4a07a,b79361867edbe85462b548334d136a8a,1
31bfa97f1ea0663a50ebc5c811ebdf4d,6dde44b4172999f35f08654d06bad633,1
31bfa97f1ea0663a50ebc5c811ebdf4d,f819f0c84a64f02d3a5606ca95edd272,1
31d332d20895c5c0baefe55207a0fead,c075b8e131353552218860f1c421e4ef,1
31d332d20895c5c0baefe55207a0fead,ce6f74096c84567f22728c84f3d6e7fc,1
31d3e4ea0bd3eded67809f54889f56a2,060f0122cdc8f25db4a0d7359fdae7b0,1
31d3e4ea0bd3eded67809f54889f56a2,17ad136b7421ea8690fded631b651158,1
31d3e4ea0bd3eded67809f54889f56a2,57f2bc497c1a3ebe41ba7a06d78ed159,1
31d4b05ef830a7347b8f43640eb6511e,9e572ff4654f7064419d97a891a8b0fc,1
31d93d58bb9db4942b13135a914733a7,0efe972876d70927f5099b77f387c6c7,1
31d93d58bb9db4942b13135a914733a7,777d2e438a1b645f3aec9bd57e92672c,1
31d958dffbf0b744375b5ff0393e6fb3,9ee8c8a931dd4d34148aa31f54ee93c1,1
31ea38714274af619a3a0f6a152d2eac,07bcd890d449e493b4ec23d05a9e40ee,1
31f49e069c399db9c3a0bdf8653e4e8f,e1901d5d99ca951543717ea5d1940a36,1
320e13a9e22b4e4cda8c17ed1c140ce0,7be620cd314ce6460033ba9017be7a7f,1
321e1a0fba6c906bb8aaa2b7db6cf89d,44a6e4ecf7b48f87481c243383b1c4cf,1
321e1a0fba6c906bb8aaa2b7db6cf89d,9b9d1c4bd979b93c138044e032f99780,1
322740034480eb5fe9d14398aee49d4b,f63729cf4441fe64282cd1b82281792d,1
322740034480eb5fe9d14398aee49d4b,fa381a4a9af65ea5fc8f3829214045f9,1
32326030f94a88d5f606830e9f528349,8b51c6ccc9c0548c951214e1cd1547ff,1
32326030f94a88d5f606830e9f528349,fa304c5424fd292aed9c35eb36d9f495,1
323f8f14acb90e50f86f1885b6b53c6d,5bfc7506459ae2a7b4b573fe557a58e1,1
323ff9fd6b4a3edcdf3039e1fb213eb6,368c6c730842d78016ad823897a372db,1
326489271c23dd3128b4480220e5232a,4aa6014eceb682077f9dc4bffebc05b0,1
32661f8d3b12d0074a094346eb13106b,67fc455b96e0908bc5e0d917237b2977,1
3277891bd580550e931b09b683cc4d86,4d0ec1e9b95fb62f9a1fbe21808bf3b1,1
3277891bd580550e931b09b683cc4d86,9ad75bd7267e5c724cb42c71ac56ca72,1
3279f77315e1f85892d965c2e0418225,017692475c1c954ff597feda05131d73,1
3279f77315e1f85892d965c2e0418225,f2ecbb02b6da187a9f14b8ac5781faec,1
327a01a6885ecfda06a3d5c50fb515c3,016711f78a6a87696645db0a6a834826,1
327a01a6885ecfda06a3d5c50fb515c3,7be620cd314ce6460033ba9017be7a7f,1
32b21622c8c06acf5568104e449e2617,87d780fa7d2cf3710aa02dc4ca8db985,1
32b21622c8c06acf5568104e449e2617,8a443635fdf9759915c9be5be2e3b862,1
32c3312cd5a2dddfdcbd359694cd7ae8,82b73150f90f4fef92913e35b9984bb7,1
32c3312cd5a2dddfdcbd359694cd7ae8,fec565c4e3ad965c73fb1a21bb809257,1
32c8a33ddd22427d707685f155234d1d,c2ece64199af7a53793ed9612a89a8cd,1
32cbbf7b9770feb67a514300686f5485,4a0c2a56e65c941a0bb9874c47dd66d8,1
32cbbf7b9770feb67a514300686f5485,7efd7d1a1a985eae9fecdb134fd657d3,1
32fb60e2ce6a1f62eeccbc2d33046072,fb19ac22e32dfecea21afbdde4b97b5f,1
330ca5e049b32835732e86fdf8402418,5101f008a270fb10336de6703f32221e,1
330ca5e049b32835732e86fdf8402418,fbce4c4cb307679d89a3bf3d3bb353b9,1
33176de67c05eeed870fd49f234387a0,0c8b6b6e4f9ee5fe2c48d6cee4c69bc8,2
33176de67c05eeed870fd49f234387a0,2e511b5741ab14e7f5294df6f1310b03,4
33176de67c05eeed870fd49f234387a0,70906e04da1eebf3d1b8791bd09ffe85,5
3329202f1e357ad78ad4bbc14f3f658a,0fa81e7123fd0ebe03adbbe99d912827,1
3329202f1e357ad78ad4bbc14f3f658a,1eaf224c19e07b6e50bf0119eea1dd26,1
3329202f1e357ad78ad4bbc14f3f658a,fb783e3e545937820b57fe539b2c5a6c,1
3341514b8049f4a268e4188fb0211d34,380b4664ba5bb18cc9db78ee6bac3558,1
33416ee3d4fa56400ec814d7b24bde02,86c43103446290e7efacad3701cd654d,1
33416ee3d4fa56400ec814d7b24bde02,e9def91e99c8ecb7c5cef5e31506a056,1
334293c291f43a6aa85020f8597a171f,089cc17c8bf2226d13648392e33dabd7,1
334b793e6537d5808cde171d8a09fc59,c80124276571cd4bef53cf35d9b36c5c,1
334d0235ca6f2f09dd55804a26efe952,57e089e3103f5cda6a4ce23b77399bdb,1
334d0235ca6f2f09dd55804a26efe952,80d2404aa74015aa6cd21863642295f7,1
339c527109c4c03e8e09bd4b593dab5f,4aa6014eceb682077f9dc4bffebc05b0,1
339c527109c4c03e8e09bd4b593dab5f,9b8bc17a236d09185c2101d0a02f8487,1
33a3ca7b54324e31305439ac480085eb,3e5201fe0d1ba474d9b90152c83c706c,1
33a3ca7b54324e31305439ac480085eb,9ad75bd7267e5c724cb42c71ac56ca72,1
33a76918feef5cb88ff4b0b16f1611b4,06ad93d66e91d09df5ce746906d9658b,1
33a76918feef5cb88ff4b0b16f1611b4,db1e6fed56643b852af3132d255d9ddc,1
33aa371b7512b6a9fede4f231e212226,15fdd6032f35d4add5066fb90be28630,1
33aa371b7512b6a9fede4f231e212226,2d27434c710806b971a721da337a112a,1
33b141e373b4f251b033f9ed33d6974d,f77dd338d9f75229a09cbb9a18fd0c9a,1
33de26d1fafbfd4945eb586f7136efe6,c858f88f3de50584c39e8b4fafdd7d61,1
3401b2c012028523ff2264050b7f68b3,0a57f7d2c983bcf8188589a5fea4a8da,1
3401b2c012028523ff2264050b7f68b3,53b36df67ebb7c41585e8d54d6772e08,1
3411eba8bec9143a5c999f80226aaa5e,cd2ea14a901da3b47b33516f3ca6929e,1
3413f9bca7b61d654f1da9a0afd68c7b,5d6bea33648f018dbb563f3a2fab09f3,1
3413f9bca7b61d654f1da9a0afd68c7b,810e2944bca9850b934e1570ba372e7d,1
3428eb49f7675480b33cccdef937c28c,655110abedc57d73d3b2150d8ba2092a,1
3443f8095ad309eebbdc8caa8b2bf936,0f370babdc8148e1dd9d4bfc3235982a,1
345759b8cb3d30586551de1ca6905df0,e9a69340883a438c3f91739d14d3a56d,1
345817899c325d8b41c9e88011a8ab43,981f6a96c09b7d28e5c5f2fbb282fcde,1
346534c8088852932d947f4b8fea3959,9048cbd294fe0c1a3ec8c8248bc2cadd,1
346fce1712054d4339be023a27c38f13,53759a2ecddad2bb87a079a1f1519f73,1
346fce1712054d4339be023a27c38f13,d678178aa4291cd25a755a90188375c8,1
34c7e58f5db5eedd271166b131e8febd,6d2fde7d12bb6ff367dbda120ba8828e,1
34c7e58f5db5eedd271166b131e8febd,fb29f48bfea41db52e349454f433340e,1
34fbeb535f3ba8b34bb0f919b0ad36bb,044f05bc9de36e8a693a83e4bc79dd0d,1
3503dbe4f22b0f54a6198dd8b014af4b,595fac2a385ac33a80bd5114aec74eb8,1
3504bea0c72ad9e945b63f889702d2d4,35557c68a22ecebcf066e25ca2ddc144,1
3511aa3ff5fb9645041bf1875415142d,01ff1ff8aa5dec93e9938b989393a4ca,1
356c2a2edf34ce811f5d75d3a48d1632,b8411dee248601bc460bac8e1fb8a102,1
356c2a2edf34ce811f5d75d3a48d1632,ff2c1ec09b1bb340e84f0d6b21cc7dbb,1
3578707d5fbfaaad05a3862a179bf76d,36f60d45225e60c7da4558b070ce4b60,1
3578707d5fbfaaad05a3862a179bf76d,e53e557d5a159f5aa2c5e995dfdf244b,1
357ae7be4a22fee3a22cca59f6b681fc,36f60d45225e60c7da4558b070ce4b60,1
357ae7be4a22fee3a22cca59f6b681fc,3f14d740544f37ece8a9e7bc8349797e,1
35825208c1a9b2d7cccd2eee08d8cbc6,154e7e31ebfa092203795c972e5804a6,1
359bacb2b5c52b4287667a7bc6c7bc63,b40ec43bdfc6d6fdd65e882066a5c895,2
35a71ad2ea8603b9557711cf960a2efe,e9b3cf27d68caa64832c4a7c460abcb9,1
35a82f280655f621b4257db3c7c4b086,d1c427060a0f73f6b889a5c7c61f2ac4,1
35b45b906d1450b3540dc96692f58583,82a61259a621866c4ba63743da29a342,1
35b45b906d1450b3540dc96692f58583,e27c4dd075a521097a085bced0631ce7,2
35bbb96d850c5f9ab81302b4dd1670c4,2136c70bbe723d338fab53da3c03e6dc,1
35cac0573a06f610cc8e356e0710d9b1,4fcb3d9a5f4871e8362dfedbdb02b064,1
35cac0573a06f610cc8e356e0710d9b1,f4f67ccaece962d013a4e1d7dc3a61f7,1
35d682be065079511a598dcd6d2c2604,665aa1d687284a4d2d2b74c0c6724625,1
35d682be065079511a598dcd6d2c2604,ec2d43cc59763ec91694573b31f1c29a,1
35e9d2caa31b87cc3d1ad10d72271140,7c1bd920dbdf22470b68bde975dd3ccf,1
35e9d2caa31b87cc3d1ad10d72271140,9c7bdf67b06b419aefb93cfdfc96c55d,1
35ecdf6858edc6427223b64804cf028e,06484143f7046fc1c2ec000aba13e28a,1
35ecdf6858edc6427223b64804cf028e,11875b30b49585209e608f40e8082e65,1
35ecdf6858edc6427223b64804cf028e,e8c6039a25765995ac7c1ec2cbef5765,1
35ecdf6858edc6427223b64804cf028e,f0bbc1bdaf90ddcab4aa862660dfc6d3,2
35efd65c9611ebec2a436a0a0ca739a0,e3f7b3cbb0ccf1f1e361e6974b22e346,1
360e5466682fd1c155990ebea3d3af5c,5c2bb11cf2149bd4d9fffcc1246458c3,1
360e5466682fd1c155990ebea3d3af5c,89e4362d74afa10ac57f8d67210132a6,1
3617efb115f44e927be4777c5a72bd9a,96d6c71675adc35bcf32f970cdffe2d6,1
3617efb115f44e927be4777c5a72bd9a,b5e13c9a353102f79c6206ff5cb61a50,1
362928c8cd61df2e6951751dffb4be85,0fa81e7123fd0ebe03adbbe99d912827,1
362928c8cd61df2e6951751dffb4be85,4293865e4ead3d446609086b4cfedb4f,1
362928c8cd61df2e6951751dffb4be85,87d780fa7d2cf3710aa02dc4ca8db985,1
362928c8cd61df2e6951751dffb4be85,cf8316c961640d38321241895b7811c2,1
3633902a0addd1ffc74cbc13d96da288,19a6ffd4e245a92747a693805163a60f,1
36445bb429c8bb13c3f8cd6794723647,44f90f085c7a825863cbf867990e1513,2
3648f9e5f51f679ed24deff1f031a093,1164c17af70425821f88bfbdc9e907a3,1
3660e33bc132658a08c234cc82e6d0cc,1dc7685f4fdb9622d84ae2ec658d5bbf,1
366516219e06d4f39db335aaea72120e,9351b1e4334769dc0abe871ee3c7abc3,1
366516219e06d4f39db335aaea72120e,b8a0d73b2a06e7910d9864dccdb0cda2,1
3672d762029f6a1869ac18325abf4795,2ff995aead9c63a1f37a07b3664ead37,1
3672d762029f6a1869ac18325abf4795,53a72a0b6feec4a5cb40c5c79374b471,1
36be413fe0f4a74eee7b764e758730ed,3cc4b421c1f28dd22e86fc4aaafb600e,1
36be413fe0f4a74eee7b764e758730ed,af0a917aec9cea3b353ece61a8825326,1
36cfec707344b75d20e6c7ef583c3b8c,368c6c730842d78016ad823897a372db,1
36cfec707344b75d20e6c7ef583c3b8c,389d119b48cf3043d311335e499d9c6b,1
36d13ad5e10481dcb648df14f576379b,ddb9028236525b8ab493fc24f99e8d1a,1
36d13ad5e10481dcb648df14f576379b,e61c78a7343d82c0539d27df0f7dfc31,1
36d9cc02c910d8c59caa1674f53c3ffb,4473f3e5c65952b074ef987fa5c24662,1
36d9cc02c910d8c59caa1674f53c3ffb,57d79905de06d8897872c551bfd09358,1
36daea52b0391fe31b9f5696e227beef,281bbfe70848e0b304bef88fc2caf2c3,1
370cd3b09ea745fe047fd11db7430441,06edb72f1e0c64b14c5b79353f7abea3,1
370cd3b09ea745fe047fd11db7430441,764292b2b0f73f77a0272be03fdd45f3,1
3729f8f3dacbb68f393d2d6ad2b3dc91,ad4b5def91ac7c575dbdf65b5be311f4,1
3729f8f3dacbb68f393d2d6ad2b3dc91,e6b314a2236c162ede1a879f1075430f,1
372b41e8faa2819e0b6346b16cdf402b,ac44def10e24998cdee20a208d691127,1
372b41e8faa2819e0b6346b16cdf402b,d2f5484cbffe4ca766301b21ab9246dd,1
372c5519d40e30b96734fec213649f25,422879e10f46682990de24d770e7f83d,1
372c5519d40e30b96734fec213649f25,f45cf520fba787f057d57c5c8138668f,1
374fcbbfcf189ae177b2f955f9e74b3d,04ea63ab87df726ebf45c0982dd90a1f,1
374fcbbfcf189ae177b2f955f9e74b3d,7ca5f56188492e30c50ba64de188aae7,1
37669671d35808111ab0d229e546221f,2a2d22ae30e026f1893083c8405ca522,1
37669671d35808111ab0d229e546221f,5650f9e1f73d0a1c0176988cf2e950d5,1
376f87fc0c95ceb6668c29f4f37db4b4,db7f3f42ccab32fa6328b3063b278bcc,1
376f87fc0c95ceb6668c29f4f37db4b4,f6e3aeb40c00aec24ade8333c2ac1b20,1
379a5698aeca26ff55abca9bc7fcaa4f,f9259c9e7c0f12c70f7a81409680a5ff,1
37cc3e75e39bb11d75a1982ac0d07c17,6d6b0f6705c1acf1128ecf19d57d5444,1
37d0b647301742b1b17d627e4c10aeae,98b22c1129886cbd7fcae69d1c93e442,1
37d0b647301742b1b17d627e4c10aeae,a04f52ded97b5530e8783e3c002b90f0,1
37dca09dbcd3b46dd024b2c742e6e362,5f0bdec2fb222061ed8fe52586a5957d,1
37dca09dbcd3b46dd024b2c742e6e362,88bd8458fdc2ceec3e71ef1d867a7b45,1
3806104dbbc3d14c17b091b3b8e38d59,18796df281656da4036dd926561a6030,1
382d87ad789873a3337747526a053bd9,13a7ea24fee9ef57c3b7b5b69d3b4cda,1
384d6654ad80e9f1426b7a4ef9e40997,a92044ede94468b593b5e4d92498f6c1,1
3867198d50d68da57284e0cfec9d1902,b24af8bca8813bcde4140ff8562f5e47,1
3867198d50d68da57284e0cfec9d1902,cb0c2c97fb2fca149a11c2f14027895d,1
3871b0ab0166a2f441fa762f5206cacc,43f88c8353708451babf9bcdd1fda92a,1
3872dc3409c953b02afd0feda0b1d812,77fa3381855b6763c52ca3b72824f508,1
3872dc3409c953b02afd0feda0b1d812,a1250bbcaa645885c9165eab1573b5c6,1
38775863e907bb656c90a73fbc8083e4,058b372f969b59e8c4a27e224243909c,1
38775863e907bb656c90a73fbc8083e4,fb55982be901439613a95940feefd9ee,1
387b38ebe598313ef56ef3df19b192af,ea44caac707f7f1325182a538007f838,1
38821e4eb83d6950e84c3529fa6d887d,4910917f05092f331bf3a477f791cc01,1
38821e4eb83d6950e84c3529fa6d887d,e8c6039a25765995ac7c1ec2cbef5765,1
38a4f1deb45ca914dd13c73b41775d71,58efb9b638561ce132216a9a612513e2,5
38c82315266557c3d9c4312643d1717c,389d119b48cf3043d311335e499d9c6b,1
38c82315266557c3d9c4312643d1717c,422879e10f46682990de24d770e7f83d,1
38dd3f4e8a4cc5e32dd0a4426a1961fa,b9900407a55cb2b306ae612415c3340e,1
38dd3f4e8a4cc5e32dd0a4426a1961fa,e2cac69b319c0f8a21dbf04b925121bf,1
38e74ef4e3bcf3019fd22b84649bf90d,47cd48073d67f91f09cb5ef9496c920b,1
38e74ef4e3bcf3019fd22b84649bf90d,d017a2151d543a9885604dc62a3d9dcc,1
39104edef5e46d7b8c61848cc95e6d97,35b265fd684b08f6f780239bf05a390b,1
39104edef5e46d7b8c61848cc95e6d97,df969ce58d2f301f941a09bc75558cd4,1
39618678c9395910a7d675df2b0af941,6ce07ff93c0dbafa9df5c10038e41287,1
396adb4d8570f382a271ba14a73d0190,a0b7d5a992ccda646f2d34e418fff5a0,1
397017a63f9c38e08a205d660a5d3019,fbc1488c1a1e72ba175f53ab29a248e8,1
397b44d5bb99eabf54ea9c2b41ebb905,00faa46f36261af8bbf3a4d37fa4841b,3
397b44d5bb99eabf54ea9c2b41ebb905,63094ac128b54dd72d511043411df079,1
399699e87adec3391203291418de34d1,36f60d45225e60c7da4558b070ce4b60,1
399699e87adec3391203291418de34d1,e53e557d5a159f5aa2c5e995dfdf244b,1
399a2a06a7ddefb3b09460ba6a1bcf12,1ec486885049bbb9b79351d150ed18c4,1
399a2a06a7ddefb3b09460ba6a1bcf12,ed77034b92386a1a8cfd3c648d715dde,1
39aa99192278d43812a46c69c1f2443e,1c9b5793de6c3d9117b6218552c87a8f,1
39aa99192278d43812a46c69c1f2443e,f2ecbb02b6da187a9f14b8ac5781faec,1
39ae2ab725be4a0db66896735a49dac7,154e7e31ebfa092203795c972e5804a6,1
39ae2ab725be4a0db66896735a49dac7,2b4609f8948be18874494203496bc318,1
39e16ad9a306c8729696f7732acde86f,18796df281656da4036dd926561a6030,1
39e16ad9a306c8729696f7732acde86f,64fb265487de2238627ce43fe8a67efc,1
39e16ad9a306c8729696f7732acde86f,84f456958365164420cfc80fbe4c7fab,1
39fff7cb5873a7116b02234bd1e6c6dc,9e10ae46a3021a02f1692448ef9fa1db,1
3a0baddeed2fe921706889c52ac676e8,78efe838c04bbc568be034082200ac20,1
3a2681b8e4c9f2171aaade5d578f2cb7,1164c17af70425821f88bfbdc9e907a3,1
3a43af6775cec872d9a3c80707eb3336,53ea9da485f6aed8a6f03a85831fe021,1
3a43af6775cec872d9a3c80707eb3336,ba74c6b75d2ad7503175809688d5a03c,1
3a5b0d10ee72cefb504df217532a4e6a,a2a61ecd4e916c3ff787c137d23957bb,1
3a73ce6fc3b392e1ca609b5548418c36,cac9e5692471a0700418aa3400b9b2b1,1
3aa71d539bb760f054b280604391602a,4b6b3a7072d549354c3743dedbf4170a,1
3aa71d539bb760f054b280604391602a,e9def91e99c8ecb7c5cef5e31506a056,1
3ab0efc5b3ecd6ede7565b1f7d7516a5,f48eb5c2fde13ca63664f0bb05f55346,1
3ad84abcfa9a58f9ede403889421500b,35afc973633aaeb6b877ff57b2793310,1
3ad84abcfa9a58f9ede403889421500b,99a4788cb24856965c36a24e339b6058,1
3ae522de6b23a3699ef105d4c4b3b82d,5c692818d313aa12864b48ac0c2472c2,1
3af5f7534be6d2d2d81562ee1dc98af2,36f60d45225e60c7da4558b070ce4b60,1
3af5f7534be6d2d2d81562ee1dc98af2,e53e557d5a159f5aa2c5e995dfdf244b,1
3b0fd4045271bcd68bbd76cd66506b74,0be487faac01dd57fd7ed17cfbdf2dee,1
3b0fd4045271bcd68bbd76cd66506b74,4d272fe20c57c64dc74b3db191fc31ef,1
3b0fd4045271bcd68bbd76cd66506b74,642a40d4d73b4b2604968937de13634a,1
3b6f5d22fb32e6ac2fbbb944b18cf1bb,11875b30b49585209e608f40e8082e65,2
3b81cc8417be691f3159596da7e08a3c,a87567bdce60de6f901e3d7c6d8df820,1
3b92b8617254e581d164b5d213d437a2,7dffa5a576c3022da3db58e3b829f886,1
3b93b770a314d48d7f698a09cab03370,80a08e4dfa5115b34f674eca035a01dd,1
3b93b770a314d48d7f698a09cab03370,e57eb018e37376580079825eb29a3419,1
3baae02c3b608a48d1dfbb678fe30d3a,4f1a7a45b6d43fa7e4958e013923d9e5,1
3bab949ef05da8e9b3cfd541b6af0ffd,cec09725da5ed01471d9a505e7389d37,1
3bcd0ddf751cb9542efe9f6299fad626,18b0e642cbae7251e60a64aa07dd9eb9,1
3bcd0ddf751cb9542efe9f6299fad626,8a8d870b168dfa470a5f28efab92145d,1
3be412c1321c061d6f85c5e41530ce2d,5bd7e57735a44e529bf066fee83a9c60,1
3be412c1321c061d6f85c5e41530ce2d,8338cef8355d238f43711dcb9c0657b2,1
3be412c1321c061d6f85c5e41530ce2d,fa304c5424fd292aed9c35eb36d9f495,1
3be4334db5ff06c6940d580f36424fab,9a0620ddaf3055b7e588e936e036a529,2
3be4334db5ff06c6940d580f36424fab,fc1d8637c0268af3db482c14b7ef8e75,1
3bfda42ef722cb59c430e6be0b68628c,5411e9269501a870cabf632f05655131,1
3bfda42ef722cb59c430e6be0b68628c,9e0e152552a1323f7e5dcf63d50cdae3,1
3c08b0cab2334cc5db8c5915ce0d74cc,4fcb3d9a5f4871e8362dfedbdb02b064,1
3c08b0cab2334cc5db8c5915ce0d74cc,f4f67ccaece962d013a4e1d7dc3a61f7,1
3c166bd80203dfb723ba32f64bedd87b,d1c427060a0f73f6b889a5c7c61f2ac4,1
3c555d15cca5369965d1759ad9530a66,2cd4861a56a6f98288e0281e47f4b1d5,1
3c555d15cca5369965d1759ad9530a66,363218ba55c610b750224f90bdd34be1,1
3c801d053bcdee6a0d8bd452e2f54e23,1d6d7be70107889e3193819aca4dc1dc,1
3c801d053bcdee6a0d8bd452e2f54e23,e15cee02291017f6f12b4115ffb417e6,1
3c84bedc36c5c2894b111072c93f0953,0bcc3eeca39e1064258aa1e932269894,1
3c84bedc36c5c2894b111072c93f0953,53759a2ecddad2bb87a079a1f1519f73,2
3c857a6f7828bfb70fb712e2393cfd1b,13944d17b257432717fd260e69853140,1
3cbe4dacbf014deb61bf6a4b2b7e24ab,8e312c483d79e02dbc1d68cce77e26c8,1
3cbe4dacbf014deb61bf6a4b2b7e24ab,c0400a62c5019cdc69bfc76d39b1cfb4,1
3cbfa8093b3ae36fc7a01c0a263e0389,607ef4aa416b93fdeb2a811c2c73ad81,1
3cbfa8093b3ae36fc7a01c0a263e0389,a12fc4a1c79238df0015e1a0c48f0314,1
3cbfa8093b3ae36fc7a01c0a263e0389,aa36c2127048efdcd47f4ad5b6b68810,1
3cc9db37d3df6c5b00e68a8f28d76f71,0f6e2c3bbb97980782ed6cb1506f5d95,1
3ccc59a10bd8a1eb4613a41f34aeef5b,422879e10f46682990de24d770e7f83d,1
3ccc59a10bd8a1eb4613a41f34aeef5b,53759a2ecddad2bb87a079a1f1519f73,1
3cd86c600cc096464ad1f49a47dcf59c,02475368dfb38934fe55f574024fe1d7,1
3cd86c600cc096464ad1f49a47dcf59c,87cb507e0daa37bbf34956fd59eba832,1
3ce1c87f5a41df6487cde6bb63eda741,3bbacbe586e957acbf26c63b3ed532a3,1
3cf33c394bf39b538eacf3d4ce394b74,8b27cbcf8e5472830ab6ec2bd7a6b867,1
3d0069224545e8fb3b67f447e5a3d43e,0fc6914383c2bea767a9562c9d8b43a1,1
3d0069224545e8fb3b67f447e5a3d43e,381169576b9f3c083a1c3261da161a3b,1
3d1a4de14cf22cdd33d99140e82f1587,91442659f31ec0f0fc73215e77854fac,1
3d1a4de14cf22cdd33d99140e82f1587,c708ba7c6269161f89ce0683cdd7c432,1
3d47f4368ccc8e1bb4c4a12dbda7111b,0db4869ac8a908414823d44d742f5ba3,4
3d4cd13fd525234c1c4a2304fbe769e0,9bb8ca338e5588c361e34eae02e8fad6,1
3d4cd13fd525234c1c4a2304fbe769e0,f40876e0ef3cd5f9132b1f16b04b1346,1
3d5ff67987bbd3820ca1cf5e7a468131,53759a2ecddad2bb87a079a1f1519f73,3
3d5ff67987bbd3820ca1cf5e7a468131,b0961721fd839e9982420e807758a2a6,3
3d71bc3ae0c9f857ffe17636e0d59aab,cd0c6e2f80f5a0ea7e366b01bcb66154,1
3d740e7cbf7e5b18027f204bd01b0be4,ace5d86cf1ac63cdb76f49e5cd23d2f8,1
3d75cbf8643a1c15723adb850fb5f928,23e8820ae7d5a7aee1299a1923876b78,1
3d75cbf8643a1c15723adb850fb5f928,6bbe55cf8f85c87b6eebb775a53402f4,1
3d88eb9dbdae62a25db397df10cec4ec,5d6bea33648f018dbb563f3a2fab09f3,1
3d88eb9dbdae62a25db397df10cec4ec,a39cc58c1b5926b6f9f378daa89f1315,1
3d987951980db0e743ed51b4aa0afdc6,188d0b148e6d1c86faffe0d73c3f2dad,1
3da7d5591566b89e7d6c21818a914742,d7238572bdd6dc8facf58ab8f0e3cd29,1
3daecf8142fdd6c03cf4825284d1bb5f,422879e10f46682990de24d770e7f83d,3
3daecf8142fdd6c03cf4825284d1bb5f,53759a2ecddad2bb87a079a1f1519f73,1
3dda04e84e15bfab1e5cca523130d064,372124d6931c4bc48dd0d56075ebee7c,1
3dda04e84e15bfab1e5cca523130d064,cf28a2b7bc92809a0574cf07772c88c4,1
3de0c9303f39b7ccfe69ca11aee19cc6,7fab1a1472fdd934397068931f63f3ca,1
3de0c9303f39b7ccfe69ca11aee19cc6,cfbd9afef85eecef5aecf32844d2bc07,1
3de0c9303f39b7ccfe69ca11aee19cc6,ebc714d9f070a89f4d411982ea9670fb,1
3df4912077693dc7933267da9542825c,4ae634441e444ca4bc85903cafe98d73,1
3df4912077693dc7933267da9542825c,e68a5a5626c4b1bfc5ca78202f898300,1
3e12382588e1c02606852b6ce91c9583,111a3ef82d77e13260a73fbf58c41da5,1
3e27ee3f48cb9cabeabd93885de3fd09,5403528d987ad26e8d7cb25940411987,1
3e332338454c5752a0ff8cb3858fabfb,fbc1488c1a1e72ba175f53ab29a248e8,1
3e3d56f9737c010ccb5b67c601a18b53,0e089f539eaa543b2d6e4b4b4e128a3b,1
3e43e6105506432c953e165fb2acf44c,957f6d6b55b78746f89e976cba785440,1
3e43e6105506432c953e165fb2acf44c,ce6f74096c84567f22728c84f3d6e7fc,1
3e43e6105506432c953e165fb2acf44c,ceeb8b2d571b23399910f1b83980c973,1
3e47025034c5a31cff56168ac0519f1f,79da264732f717f10ebf5d102aa6c32a,1
3e47025034c5a31cff56168ac0519f1f,dab2413ead0edda9967edbc9bda2a64e,1
3e5306add1209e5ba184092dd1587282,138dac44dc568cd36c6f1d1e5e181d5d,1
3e5306add1209e5ba184092dd1587282,617186c3d97ea56c9c683a8a3974e8c1,1
3e5a237352ac4b53e1281b9b62efcbcc,4fcb3d9a5f4871e8362dfedbdb02b064,1
3e5a237352ac4b53e1281b9b62efcbcc,f4f67ccaece962d013a4e1d7dc3a61f7,1
3e5dd5efb71f831fffee3735c9e41e87,36f60d45225e60c7da4558b070ce4b60,1
3e5dd5efb71f831fffee3735c9e41e87,e53e557d5a159f5aa2c5e995dfdf244b,1
3e6658866cc636c1762c080ed56f44e6,52c80cedd4e90108bf4fa6a206ef6b03,1
3e6658866cc636c1762c080ed56f44e6,91b08d34d0ba4db44da2dc382867ba49,1
3ea35d016eb96bbfede151b359b8da8e,a50acd33ba7a8da8e9db65094fa990a4,2
3ea35d016eb96bbfede151b359b8da8e,dfb97c88e066dc22165f31648efe1312,1
3ea746ba5ce82f2fba077e4ce378c5f7,ba4a91633739ceceb2b73b627e2cfbc3,1
3ea746ba5ce82f2fba077e4ce378c5f7,f42229541a6335f3ed5268439ea9f414,1
3ead32e6288fee05cdd24c9999238a4a,946344697156947d846d27fe0d503033,1
3eb2432c10c27f0444e15779fb248c88,0a4f9f421af66d2ea061fbb8883419f7,1
3eb2432c10c27f0444e15779fb248c88,43b54d1fc56ff394092a3dff6be2d39f,1
3ebe24c46c29017d591b88616ba7b059,496f6bd86011e5a9ddea8dc96e802340,1
3ec1be9f245928e43aa7bc87fa547ea4,2cd4861a56a6f98288e0281e47f4b1d5,1
3ef33af26f37a0104f7e0e942c5188ac,ed00a8453145186b3f071f1e3edef33d,3
3ef7989405f00bb74c7d463b0357abfd,480be8d20c4b6a7df1eae0f2c17f2db2,1
3ef89bb0612ae0ceb434b6cf8335e35f,08c816d9a716567bf436173ef6f5f12e,1
3ef89bb0612ae0ceb434b6cf8335e35f,2a3539131370b3ac020dd5f7a656a53d,1
3ef89bb0612ae0ceb434b6cf8335e35f,f89cd865cac300a9bf1320dd8f0fa223,1
3f00548d480f59bdac5e1ad8a68dcfe1,9cb67ae6cec5627ef21cbadcdb357054,1
3f00548d480f59bdac5e1ad8a68dcfe1,f40876e0ef3cd5f9132b1f16b04b1346,1
3f00e82898c6f4746ce5c78d9e29c7ce,7a9cf133da2a6494259ffeeab11b6276,1
3f00e82898c6f4746ce5c78d9e29c7ce,c3ba4e8d3cb30049213b682e751e9d00,1
3f36fa15a16c4850992aa0f33561906e,00210e41887c2a8ef9f791ebc780cc36,2
3f39d2ea588a0e5899aaa6b6418d3d05,e25a1bed3de19f42a0719cff1c771436,1
3f43659f3039db937e17c9b26a3ce7b0,a0ef8572cd061badd81ffc48dc04d1fa,1
3f591bdca999989260411d00a0bcd57e,b71c0cacf053d9d8f92eb5965d8bd00c,1
3f6ac9a49767899814866524054ba779,99a4788cb24856965c36a24e339b6058,1
3f7df0cc6ed016660b9408f9e3fe16df,056193fc88b3f131fae751356896b168,1
3fa4c52daf1171b5f51edd48a525881d,64315bd8c0c47303179dd2e25b579d00,1
3fa4c52daf1171b5f51edd48a525881d,8ef18e8943b9f07649b045b72df449cb,1
3fdd5f758dedbccffc537354946aa3b6,060cb19345d90064d1015407193c233d,1
3fdd5f758dedbccffc537354946aa3b6,98d61056e0568ba048e5d78038790e77,1
3fe3e628c6c7a15ae96416826a4c5952,25e2023ed83352bde98dc1490d14c3d8,1
3fe3e628c6c7a15ae96416826a4c5952,936a034fe3b07b7ae7c87fc8ceb0749d,1
3ff01063b5e9ac29b967bac52fa3fd33,158102fe543dbaeb84d87811bfe06d0d,1
3ff01063b5e9ac29b967bac52fa3fd33,414c53fa9c5cc4a0390682aeb2e25ec1,1
4022d9bb079c8bd731329585eed79bac,429e7401fafb76436f15e86498bd7364,1
4067ba7df47a2bcb753ae5f7530fc7cc,283dc451ad3918badb976d56ff887289,1
4067ba7df47a2bcb753ae5f7530fc7cc,7340a3839a1de1e99d149b8cf052a2ec,1
406aefddac1b54a36022ef32ffe6ed5f,83b92639fffd1d55c9e04c77c86d8d2c,1
406aefddac1b54a36022ef32ffe6ed5f,b0c8da302d49498d2ce6be8c631e4e20,1
40730ca1af9742bd0bdbcef270ff4c76,990ddab43ee46a1a76436796f92470d4,1
408aee96c75632a92e5079eee61da399,2fea0f2cec6b6324a277d4a61c2ed2c6,1
408b1dc1bf28c3245e5eca9097e14b9f,ea4f4b5a820fea007c6c8d7ef9a790bc,1
4092bf290aa60e4f2d4a0dcc2f38c954,4298b7e67dc399c200662b569563a2b2,1
409379e6e577c89589dade402e6c2522,9ad75bd7267e5c724cb42c71ac56ca72,1
40acd47f4b76c72308a885e4357983a4,99a4788cb24856965c36a24e339b6058,1
40aff2666e4f64f660c941072c6e2521,2136c70bbe723d338fab53da3c03e6dc,1
40aff2666e4f64f660c941072c6e2521,5c692818d313aa12864b48ac0c2472c2,1
40bb6e4754ff5f9199f857e146af0cb5,9a442e31dcb07042eca00d73c1933880,1
41092bc6917d5a5eef6fa4053e08319d,44f90f085c7a825863cbf867990e1513,1
410a0462acba9ae869f84450fae8a4ea,78f29023586e374cdc3773ce0af6bd2c,1
4112a2a9ff69e332bdbb22d35467e986,75d6b6963340c6063f7f4cfcccfe6a30,1
4112a2a9ff69e332bdbb22d35467e986,ee0c1cf2fbeae95205b4aa506f1469f0,1
41140f3b59638c033faaef72b6d4ae2d,65a487289033740a0a896d72a6f2a1e1,1
41140f3b59638c033faaef72b6d4ae2d,a370599bb36b6aa53a8a4f428440f860,1
411caacf6fb79b0dd095fe3a7beaa0db,2b0ee2d07306f7c9ac55a43166e9bb4b,1
411caacf6fb79b0dd095fe3a7beaa0db,905b384ac5667170689505bbf30f1d07,1
4133b4c6a467916af84d6c15cd5aabe5,51250f90d798d377a1928e8a4e2e9ae1,1
4133b4c6a467916af84d6c15cd5aabe5,f2ecbb02b6da187a9f14b8ac5781faec,1
41348c09a551501117e31f8a4149950c,30715b45872148dd5322eb2989228a43,1
415ac25ae6868ab36d6a9407ac982fd2,62f423e57a8c157d3877ee5867d7db88,1
415ac25ae6868ab36d6a9407ac982fd2,90aaf7f993470e411207adabf5b998b6,1
418104937eb08a32d45ed65eb6ff56bf,3ce943997ff85cad84ec6770b35d6bcd,1
418104937eb08a32d45ed65eb6ff56bf,b7d94dc0640c7025dc8e3b46b52d8239,1
4191bcfd448dc07138d2951ea4d10008,99a4788cb24856965c36a24e339b6058,1
41b4af321ed477242aebe74652fd8219,d2f2c2b94c6ac44ece0bd0dd202c7939,3
41d57ab847e5ccbe403f46b07ee577d6,995e25d9b46dee183004994645768d95,1
4220ae19dee604e8c1dddccd4e535502,ad0a798e7941f3a5a2fb8139cb62ad78,1
4222f488432f87a3cf7a836582378acc,0152f69b6cf919bcdaf117aa8c43e5a2,1
4222f488432f87a3cf7a836582378acc,642a40d4d73b4b2604968937de13634a,2
424240fab0548ed808dcde95ea7e1661,748b719f4cbfdcb99cae90bf4bb16217,1
4248e960750d7d7ad284720cb5475dfe,b01d34f6d2545269d348181768eca049,1
425634deb94b1080fc7d283f3a644941,036734b5a58d5d4f46b0616ddc047ced,1
425634deb94b1080fc7d283f3a644941,803f77475e1b51b47f1bfec4f2ec353f,1
4279dc495a38ef8fb0ea0a9201c6ee30,50b2ddbf47bd0b8eecabb404613e2a45,1
4279dc495a38ef8fb0ea0a9201c6ee30,b395922ca8e9ba82b2a81822968d0cf5,1
4279e2fb7de9c27f439fdb82e4f1281f,36f60d45225e60c7da4558b070ce4b60,1
4279e2fb7de9c27f439fdb82e4f1281f,e53e557d5a159f5aa2c5e995dfdf244b,1
4281abcc0b76d02e8589776ce62ac0f2,e44f675b60b3a3a2453ec36421e06f0f,1
428cd6d84d62e171bfd2cf805d163aa0,3b0f7951038b105522c2d566b54421f7,1
428cd6d84d62e171bfd2cf805d163aa0,f0b543161e745b6c80a79c368db167a5,1
4291db0da71914754618cd789aebcd56,386486367c1f9d4f587a8864ccb6902b,1
4307ca57b237ef2790e2a99ebcf3c7db,99a4788cb24856965c36a24e339b6058,1
4307ca57b237ef2790e2a99ebcf3c7db,f2e53dd1670f3c376518263b3f71424d,1
43103ed378c67d1df45d3028173f68f7,389d119b48cf3043d311335e499d9c6b,1
431af5c5638973ed6e431618f318a0a2,332842d24e84234cd91299a225de76ab,1
43255e3df6cda368809baa2fc72872c8,cec09725da5ed01471d9a505e7389d37,1
4329ca9025968ae028dd7eb9106750fa,0bcc3eeca39e1064258aa1e932269894,1
4329ca9025968ae028dd7eb9106750fa,dfc9d9ea4c2fbabe7abb0066097d9905,1
432aa6200ee9673be90863a912dc91dc,bed9b7934576c9ba61b6ba6f3babc698,1
434825743a3426c100c479f571816a81,8e312c483d79e02dbc1d68cce77e26c8,1
438550f7e363d2b192e324b2d43661ae,41c24b8ce92d1a2cac62db5edfd088b2,1
438550f7e363d2b192e324b2d43661ae,7a10781637204d8d10485c71a6108a2e,1
439624e26bc73309799fd718773bdb8a,82e4ad16521ca131d95e198d507db370,1
43a1d7fce4fffa3adb9d81586f5f3ecd,5e26cbd45b83e411e82e3a8cafa8d951,1
43a1d7fce4fffa3adb9d81586f5f3ecd,ee406bf28024d97771c4b1e8b7e8e219,1
43bbe1b52258f430e2b8f4a31f4cbf25,30469bb5ea377eae7121981e2f0778e4,1
43bbe1b52258f430e2b8f4a31f4cbf25,ebe731afbcf530cfaa1e5260be512e9b,1
43cd51a4b02275e616fd1679e62ae281,aa8fce5e65ab73ab73101ea58d710905,1
43cd51a4b02275e616fd1679e62ae281,de1dab31e5f3737cd024f5fe44743fa9,1
43cf4a43292dc5137517632a0683d645,3a362c0e7f9a69276e2d95869a3e143b,1
43cf4a43292dc5137517632a0683d645,4f0abfbee7569e43b80f9aaa256a9bf8,1
43da534e5e6c052df9993df486f342b6,c6e513054b982283c1cbbb2a45d02d83,1
43dce1c46f91f3cd233905d0a8b19153,06edb72f1e0c64b14c5b79353f7abea3,1
43dce1c46f91f3cd233905d0a8b19153,937c825572d26b9e5a723527c6d625c6,1
43dce1c46f91f3cd233905d0a8b19153,99a4788cb24856965c36a24e339b6058,1
43f94ca19cdd8f90882d20383806d388,2136c70bbe723d338fab53da3c03e6dc,1
43f94ca19cdd8f90882d20383806d388,5c692818d313aa12864b48ac0c2472c2,1
43f9d5ace80c6d3c5c09544bc2fa8484,c4e71b64511b959455e2107fe7859020,1
444afd392665f1cc1f3b65ec48063735,0d85c435fd60b277ffb9e9b0f88f927a,1
444afd392665f1cc1f3b65ec48063735,ee57070aa3b24a06fdd0e02efd2d757d,1
444e3c9eb1699da5f78e83a464a3cbae,db25a58a5da5dfe2fd19f2604491bd27,1
44714c3d8e5b4a5ff2564f338dd5a5f6,422879e10f46682990de24d770e7f83d,1
448efcf5726e932fa4b8e5e11898aa49,51ce083cd2b9078656a94655ab45b8a4,1
448efcf5726e932fa4b8e5e11898aa49,fc1d8637c0268af3db482c14b7ef8e75,1
44a4a7cc2c0e9890778117619bdc7a96,99a4788cb24856965c36a24e339b6058,1
44a4a7cc2c0e9890778117619bdc7a96,eebbed5ed3b134eceb717496c47652ba,1
44adda057b51a700d1e287783b02516e,e9c1abcc7126360336d8f56d49041a8c,1
44b49176f1aca9533b67f3eedab0b2de,c4baedd846ed09b85f78a781b522f126,1
44bd7571a7dad968306f7776bd5a5745,474bb6b54fc608ca71059a6c4f7ecda3,2
44bd7571a7dad968306f7776bd5a5745,92144cc00a16129494387f172aa54198,1
44bd7571a7dad968306f7776bd5a5745,dd0dcee76f9c12fff4bc0eb641d57c7f,1
44dbd08cc06662e0ca8ac504aac75f18,d1a7965ac8d6ae62c9c1984434227cb6,1
44e64b7162915525578f601e73e72b16,d2f1cd931c7b76fefa93547cc1b4881b,1
44eadd61f5969a169e595dc9b9dd4d3b,386486367c1f9d4f587a8864ccb6902b,1
44ed2c2de63bfe22f6596547584d7372,00ba6d766f0b1d7b78a5ce3e1e033263,1
44ed2c2de63bfe22f6596547584d7372,574597aaf385996112490308e37399ce,1
453c2895f29b6d9a47f8cb48e00b024b,9d32095f76b97762307e86cfc18dd7a0,1
455021c1d511b64eab0b98e017b258d0,655110abedc57d73d3b2150d8ba2092a,1
455b49402053f170c64a3ae7fced73d4,4cd6ba4ea3112de8fc238307c4dc6307,1
455b49402053f170c64a3ae7fced73d4,5f21301936c11698db6aee5444190da0,1
4577c104c9ecdacc7e07bb60a6053d7e,e4d1cdc6559e08672c98c73a21305521,1
459759c02362af7a218dd2fe035b3c07,3ce943997ff85cad84ec6770b35d6bcd,1
45ca2b8a047054e858fa92a2a09bdd59,47ea90e9a2976bc290c3cdf3b5e0573d,1
45ca2b8a047054e858fa92a2a09bdd59,d1b1a0e78589ee89279d0be1e4a8b905,1
45cea7f7dfd0a9a136105fa700191232,5a883fb296ab66ac6a1e68e6ba2175c3,1
45cea7f7dfd0a9a136105fa700191232,cdc4af478fef19f03f1d0353c00271cd,1
45df9d71b80f651fcfd26763eebd027a,b8fefc9c1f951969968e904d08bfa8cd,1
45df9d71b80f651fcfd26763eebd027a,f2f411f86bd5bd427e28e2a30771761f,1
45fd1f20d58a364a552cfecccfa78935,4fcb3d9a5f4871e8362dfedbdb02b064,1
45fd1f20d58a364a552cfecccfa78935,f4f67ccaece962d013a4e1d7dc3a61f7,1
46014217dceae9154e4f85ae292bc9d0,bb77135946e78428a7a5634a46113a22,1
4654e5ef29b043f05bbd28af25225a50,aa70ae9ee9a798d44ae6e00ce6d82cb1,1
4654e5ef29b043f05bbd28af25225a50,c589625c8ccc7bfd2e8f1fb041e24c4a,1
4658b26bcea972ed0b86a5f8c61718be,cf78006a2a6b0429b9663edd99bb38f9,1
4666e7be827bb14bf746a56f740e62c5,7c1bd920dbdf22470b68bde975dd3ccf,1
4666e7be827bb14bf746a56f740e62c5,bbaef2eadf31fe3ea6702077398be06c,1
4681829483318507ed55682649de6571,8a443635fdf9759915c9be5be2e3b862,1
4681829483318507ed55682649de6571,a4fa3b8fa5953b0bd18bf4e0b4de499d,1
46a84f706aa22bdb63379610a77af307,57fcacc3434a1f2f2b039c1b4e61f5e1,1
46ad2eaee2eff1f20b8632d4929177ea,d696750e550fd0f733979dd7e5dff921,1
46b061196b47dfe9318d38bab6a40ee7,b5c315fb01a02190500528edf520883f,1
46b52cfe48b6e0ad44df00fa06ee853f,0c80d4d910506b4e1db996ff1fa5c658,1
46bb69f1b7665b472b77bdeee838fbd0,5f504b3a1c75b73d6151be81eb05bdc9,1
46c1baa293bee229fa7c3205135a357f,8b41e0e27cc6de15e59de3853fcf51ce,1
46d42c60487c64480765a312ee6172c8,09b0d15a8cc9a84e7af7e0225f67dc45,3
46d6e25b169e30130baf6f26fdb94377,0d009643171aee696f4733340bc2fdd0,1
46da36c3df7118852b770394d1ba2be5,a5a0e71a81ae65aa335e71c06261e260,1
46df035936a01945ecb6227ee2f55215,719d571299707561c34ba04ab867b32a,1
46df035936a01945ecb6227ee2f55215,e9b2560544c293e02f2b966041e10f24,1
46f15c2526277c2f9cfa6b239dfb11b3,154e7e31ebfa092203795c972e5804a6,1
46f15c2526277c2f9cfa6b239dfb11b3,7c1bd920dbdf22470b68bde975dd3ccf,1
4702945c3b363dd3a5d1cbe913cc95d2,1a428b685ede76217c9efb550c4aaa59,1
4702945c3b363dd3a5d1cbe913cc95d2,62d8daeee0db3a60c234c2d1bfd10651,1
4702945c3b363dd3a5d1cbe913cc95d2,642a40d4d73b4b2604968937de13634a,1
4702ba5faa8283e0f6b6a545cdaf8a9f,0cf573090c66bb30ac5e53c82bdb0403,1
4711348768db55c57a67aba080ead566,7c55ea4aea1acf1ce11440010f5aa298,1
471b4157081884bf416a0cf4fd40f1c8,621dce691c2ff3f99e21c21057ddc0ba,1
473089b23876b579b3ca154c3d4a0309,474bb6b54fc608ca71059a6c4f7ecda3,1
473089b23876b579b3ca154c3d4a0309,566a4f2c4385f36d15c00dfcaae132d1,1
473d9165586cfc6708841d07adf6c020,5a3320037d5922a7708647c81ecc1f15,1
473d9165586cfc6708841d07adf6c020,7a6aebc4c1205818e64f9275475a73e9,1
473d9165586cfc6708841d07adf6c020,99a4788cb24856965c36a24e339b6058,1
473d9165586cfc6708841d07adf6c020,f2e53dd1670f3c376518263b3f71424d,1
4746c99fe8b7985f53cb6885c456defd,3a362c0e7f9a69276e2d95869a3e143b,1
47489788e48f45b876c1969741483c8f,10717ff440b2320081989126e858b220,1
4755e6cf97a25760ab159e0457c84a29,36f60d45225e60c7da4558b070ce4b60,1
4755e6cf97a25760ab159e0457c84a29,9b0ad21bbd4384f9ebc28a688e1e81cd,1
4755e6cf97a25760ab159e0457c84a29,e53e557d5a159f5aa2c5e995dfdf244b,1
4757b4d81eaab4d270e585126410dc5c,d70c831282615555625658baeb52eaa6,1
475cab480951109dec3ad6f770167fa5,72172e982e8b92155069e4201c92c0bb,1
475d4eb16efe698064c2966acd62584c,437c05a395e9e47f9762e677a7068ce7,1
475d4eb16efe698064c2966acd62584c,4deb009c36a910076a023947a7929201,1
477f7f182e8da105ba6713c0d5a24f15,0705b33fb285827a578fce4899f1b921,1
478098554da8910383d47ec3788a9905,ead3077a141a9c800d6a4bb9d0d415b6,3
479085be6190cd4a8e610b4fcce5f29c,d918b3f4aa5272c2c3cd088d087ca069,1
47a891a1662c1f27cd66c574ad2f4c95,3b0f7951038b105522c2d566b54421f7,1
47a891a1662c1f27cd66c574ad2f4c95,5dbf50af9485478b933f1028e108640d,1
47c1495b76427bc1588f7a9d75d7d1de,211d04c14dd756f5e4dec38c19187fdb,1
47c1495b76427bc1588f7a9d75d7d1de,5d90b82ad1fdff812987fa28158b7984,1
47c1a3033b8b77b3ab6e109eb4d5fdf3,34dabb8af33b3756cf72df05fb327011,1
47c1a3033b8b77b3ab6e109eb4d5fdf3,7f1a77bec0639e473392e91a504272a5,1
47c89a36acb8a73127ec91d0542289b5,134a6fc4a713a799266ebd6a4f4008d4,2
47c89a36acb8a73127ec91d0542289b5,7cb5b984262835ef46a1ed83d04d0d44,1
47e73a2fd380ec487a3b25fa01104859,5d6bea33648f018dbb563f3a2fab09f3,2
47e73a2fd380ec487a3b25fa01104859,9ada4c8f4e072df42ff63b30520b6975,2
47f9bd96358d16da13b186867574642a,db34e1e6f14cc3755d9149fe8a1de9fd,1
481060b29de0e9b3d7f4b2991cfb0767,349ce46a0e2e20054aa9d80c48af8816,1
481060b29de0e9b3d7f4b2991cfb0767,f521813909e310116b6b2f0b11f3dd44,1
481d9ef7f22b196a3112b031c1b972d1,1427b126f61597524866770b05d4eed2,1
481d9ef7f22b196a3112b031c1b972d1,5526b1ae9ab2688cf600783cece249df,1
4820f42c8203dcad5d2c17cf363048b0,e5eadf9be70a4a9fa514019542fc330a,1
4837d18df7cb3d4baf1a3959d0244554,5403528d987ad26e8d7cb25940411987,1
4837d18df7cb3d4baf1a3959d0244554,aa8d88eb4b9cb38894e33fa624c4287f,1
4841fb7019fb80d18d2991156eca6e47,d918b3f4aa5272c2c3cd088d087ca069,1
485b849ef839f0f401da8bfdc7ac2781,169e1fedd1319ca92e90e057e7123005,1
485b849ef839f0f401da8bfdc7ac2781,72172e982e8b92155069e4201c92c0bb,2
48625b68a29dcfc3aba4b5147e0625aa,d9235fea02ba3f9fafcd78d898ac4355,1
4871682afc3f9da583f0131dfddc60ed,0a4093a4af429dc0a9334300e5c13ae5,1
4871682afc3f9da583f0131dfddc60ed,aadff88486740e0b0ebe2be6c09476ae,1
487e9e85b88b68f2fb0a84d0296936f6,28a652ff04e43c1bc57937a9f8770f9b,1
487e9e85b88b68f2fb0a84d0296936f6,fcaab5d7f656094e49fbe4ee3a506658,1
4897a3c64a635a703a71dd2d9189bffa,41c24b8ce92d1a2cac62db5edfd088b2,1
48b6916b505792a199f8fe6d844053f3,0a4f9f421af66d2ea061fbb8883419f7,1
48b6916b505792a199f8fe6d844053f3,f889fb87b505b73de10c18b93352469f,1
48c1b34a2d23e13b8967caa478d9c428,35afc973633aaeb6b877ff57b2793310,1
48c1b34a2d23e13b8967caa478d9c428,99a4788cb24856965c36a24e339b6058,1
48dba87aaffe7709daf57e38ec5d375f,9c7ce59c96e74dfdfc51f13a4a6c3869,1
48e9301956fcfe86dd5dd7acac05863d,43ee88561093499d9e571d4db5f20b79,1
48fd7dec70f2b104a1d5e8c5c639102b,43ee88561093499d9e571d4db5f20b79,2
48fd7dec70f2b104a1d5e8c5c639102b,957f6d6b55b78746f89e976cba785440,1
4923b8ab746ce20a1fd5e6cb567a948b,1de1332e38dc2f575edfeae165edea4e,1
49257d143ec6384f53a6648062252966,726b4e18f00255e2e63491bcba3f60b8,1
4934acb6cb4376bcd391ce359a915564,85df978207ed4024ea16570dbb64fd6e,1
493d4fabbc73c10039e8aabc0a74df3e,af2d506fb01b724e03591349ad36b67e,1
494f8a40e4cc505c7f0f224ec6b370ea,50e1b118f266b655f613f753914c42db,1
495fe7ae31686381c8145b2936e761dc,c4baedd846ed09b85f78a781b522f126,1
4962136f755981b83b03f476e66eea7d,9ecadb84c81da840dbf3564378b586e9,3
4985c6f86aaf1460d9b6fdc74465a5a5,43b54d1fc56ff394092a3dff6be2d39f,1
499fc778b427bbd8e1d35fc64d2e6036,c0400a62c5019cdc69bfc76d39b1cfb4,2
49b702edd43e581908cdd191e75c35da,7f457254a89d62960399e075711b3deb,1
49b702edd43e581908cdd191e75c35da,c917cd48f8178bc6e1e4bf902c7e0b83,1
49c6b1ee895e59043bcd5e2135f08355,389d119b48cf3043d311335e499d9c6b,1
49c6b1ee895e59043bcd5e2135f08355,b38b25d838ae0b8385e8cc68b9017644,1
49d1599dd80dedc213037342bbe43fd7,6536314c94d43b787fc1c622941da14b,1
49d1599dd80dedc213037342bbe43fd7,6a2909ac21d16b721e4795e7e8ff3e68,2
49e32d4f13ac76d97d32f1a6e2b37df4,9fab8bd1f9c69cf2301b8ad3bec47480,1
49e3d7c10489b29211f25665184b9935,e5403f78625641d4ae41af599772fbfd,1
49e6749fd8bf4a9218457eb19a92e200,d322eb25f02924adba73e58dbc36b29c,1
49e7b8b9e0340eda3efe286a8c35e77a,02475368dfb38934fe55f574024fe1d7,1
49e7b8b9e0340eda3efe286a8c35e77a,8bef2f3e34f2cc22c908921e6e9eebee,1
49eb3e27a6fc361609658d710948cef7,566a4f2c4385f36d15c00dfcaae132d1,1
49edba1328b35f23bd65375cf625b546,6c706bd66d6df5b9eaa716699943efd0,1
4a055e75b893bfa3d72f550bc325cf76,20531b0644a0719b8d506c4db3c56609,1
4a055e75b893bfa3d72f550bc325cf76,3b94e26edc496743bbce82c42f0a9903,1
4a17a49c025e9cfe067bca2ca537387c,5101f008a270fb10336de6703f32221e,1
4a433c62dfda8104d295307e855c82a7,c4baedd846ed09b85f78a781b522f126,1
4a6ccb379c9e5062ad3ce2324222fbf3,5c86703f3b01f9df579c3a6232bb908b,1
4a6ccb379c9e5062ad3ce2324222fbf3,610c673331ac3c4fa0f393ce5af9aa2e,1
4aa1ebcfbf59d20f68d324b24450ccbc,2dd91cf063cf57cb0eebef072746daab,1
4aa1ebcfbf59d20f68d324b24450ccbc,8ceb6a29cf065f382c7b8cbc9fea3a84,1
4aaa58570595843d3c6670516aaa3745,ba74c6b75d2ad7503175809688d5a03c,1
4aaa58570595843d3c6670516aaa3745,c5b72065154ec27c2d1ed8a654c3348f,1
4b101954db3feefb548a8ff578bb986b,867dda95bbba37fe56fa288449fa122f,1
4b10b6d55dae649f09c66c0e3b6969a8,7a10781637204d8d10485c71a6108a2e,1
4b137731b76d7bc1cb5c79d9c8cf2377,496f6bd86011e5a9ddea8dc96e802340,1
4b137731b76d7bc1cb5c79d9c8cf2377,f08c59bc335a381d2b015c4efdc6dae3,1
4b318eb7137fa528187f45aa9f73d30a,99a4788cb24856965c36a24e339b6058,1
4b384b778ebc0449d0244902bfce7beb,d902ca64b614964dc31d6b0372e800ac,1
4b384b778ebc0449d0244902bfce7beb,e4bc98f06b9893b763bb17a152219b87,1
4b3c510f9ea64334c6b7ead20dd23248,561e48cdfacd14e7cfe67aa4ebd0caea,1
4b5261a871201b26c11fca20ba437740,f2e53dd1670f3c376518263b3f71424d,1
4b54dce0c254a2c434f4d404076f53c1,0152f69b6cf919bcdaf117aa8c43e5a2,1
4b72c220414716bd4464a30fac305adc,0d85c435fd60b277ffb9e9b0f88f927a,1
4b72c220414716bd4464a30fac305adc,ee57070aa3b24a06fdd0e02efd2d757d,1
4b96250d39a7ee5420aed8dd0c0946ea,0cf41187284d7f099adc8415a743ebbd,1
4b96250d39a7ee5420aed8dd0c0946ea,5ed9eaf534f6936b51d0b6c5e4d5c2e9,2
4b979b432abe14a88cd0cde893952677,0bcc3eeca39e1064258aa1e932269894,2
4b979b432abe14a88cd0cde893952677,389d119b48cf3043d311335e499d9c6b,2
4ba7b2cf08a22010a5be67659b27615d,10aecaf5be4119fd6b8b9e2e8a5a1454,1
4badd97df3e4ad6d64508b5c25d4dca9,fa381a4a9af65ea5fc8f3829214045f9,1
4bbaf6f7a10a7e26a8777aa5cb6d5864,48b099f6925c19d46ed5f013267681c2,1
4bbba2a307995c25e9d635cc1a9700d0,130482add9fd75ccb6c57ba007694a2d,1
4bf3d072dcf303280e82dc697b516c6f,17da5d80ea0eeabd565083183027d588,1
4bf3d072dcf303280e82dc697b516c6f,7cb5b984262835ef46a1ed83d04d0d44,1
4bfb7fb57cb03eb4a5f98eb374e0e228,99a4788cb24856965c36a24e339b6058,1
4bfb7fb57cb03eb4a5f98eb374e0e228,9ad75bd7267e5c724cb42c71ac56ca72,1
4c30e4dd03cd345d33e315a19c828265,2ccd049c8e7ea210e079a1aa8ad92477,1
4c30e4dd03cd345d33e315a19c828265,c784a651cf319526cc7cf854f83cb941,1
4c3d123168c78dcca6cde5a7274430a5,827f677ed9cd1e18a5f4e8ecd4eb7489,1
4c45ebf94ecf4107850d91bc326851c3,32bb152336c896d906a6344cdbe1993c,1
4c45ebf94ecf4107850d91bc326851c3,7814c273ab16783d73a9863ebfa8b141,1
4c5200f7d135c94fcd304cdd0af9837a,b046862b2553fe4962392cdc93a2ae93,1
4c93744516667ad3b8f1fb645a3116a4,223d34a3d9334039f5ff9511dc044bbb,1
4c962d666bca4ac3351d79473581a633,962a6951154f98f2c8e9a5b8b2bcf4a9,1
4c962d666bca4ac3351d79473581a633,b532349fe46b38fbc7bb3914c1bdae07,2
4caac8767772d0298e73536889ad919f,c0aed8767e46cce56e77db0ceef83035,1
4cba4382020c8e217faee72173ecb0fc,4025ee582ef6b8c478af3b44cf89054b,1
4cba4382020c8e217faee72173ecb0fc,c211ff3068fcd2f8898192976d8b3a32,1
4cba4382020c8e217faee72173ecb0fc,f4d705aa95ccca448e5b0deb6e5290ba,1
4cd05fe0191aed72cf80d81a729d2078,ec5b3c8bb77ad22278f6e9d719a83de3,1
4ce423721c74231c174d0bb22367645a,3dd2a17168ec895c781a9191c1e95ad7,1
4cfa5155cf7cff8eb15e0b12041d058e,422879e10f46682990de24d770e7f83d,1
4d0dc4c53bbab36af36b0b6eba868d42,553e0e7590d3116a072507a3635d2877,1
4d0dc4c53bbab36af36b0b6eba868d42,ec2d43cc59763ec91694573b31f1c29a,1
4d191bb8e1eea602e77b4ab62cf4daac,bc137217dc0cb0559a1f46e0500f50b6,1
4d191bb8e1eea602e77b4ab62cf4daac,cba54528d3adcef3c12d8e8b9a48bc17,1
4d1fe8b6f5e9ee044a14467c8b2832b6,36f60d45225e60c7da4558b070ce4b60,1
4d1fe8b6f5e9ee044a14467c8b2832b6,3f14d740544f37ece8a9e7bc8349797e,1
4d28234ccc945685ca892f6184032215,368c6c730842d78016ad823897a372db,1
4d28234ccc945685ca892f6184032215,f89d2b130b571d24532514dca6fee2a8,1
4d2a058cead19bc1e7b3580be5893b2b,53759a2ecddad2bb87a079a1f1519f73,1
4d46468a975352fcca7ab6e1d828fea8,0a4093a4af429dc0a9334300e5c13ae5,1
4d46468a975352fcca7ab6e1d828fea8,e0cf79767c5b016251fe139915c59a26,1
4d5cbb095f36a674f6f4a852959ad11d,158102fe543dbaeb84d87811bfe06d0d,1
4d6bd0eb9e942d7ecd71731ebc321e23,389d119b48cf3043d311335e499d9c6b,1
4d8017262c39ed921546de8130ddec3b,3ce943997ff85cad84ec6770b35d6bcd,1
4d8017262c39ed921546de8130ddec3b,b40ec43bdfc6d6fdd65e882066a5c895,1
4d8017262c39ed921546de8130ddec3b,b7d94dc0640c7025dc8e3b46b52d8239,1
4d99f702a7e13503bcba23438b7e7888,163e6400e6dadd0fe04775c5e9331fda,2
4d9e104764077f7dfae917c7cc803212,2ff995aead9c63a1f37a07b3664ead37,1
4d9e104764077f7dfae917c7cc803212,a00a22560435cc439faf6163eabc1ef8,1
4db005ae588356c526a21122bb436852,dd768d259ee6054e0dadd66c8e2be0b6,1
4dcabe94c61f202327839a734955b0cf,e5eadf9be70a4a9fa514019542fc330a,1
4dd4862366d29145386ec1c6ce5852f4,4d0ec1e9b95fb62f9a1fbe21808bf3b1,1
4dd4862366d29145386ec1c6ce5852f4,9ad75bd7267e5c724cb42c71ac56ca72,1
4deaa9aac5d5939feb62de62e7d24b50,389d119b48cf3043d311335e499d9c6b,1
4deaa9aac5d5939feb62de62e7d24b50,53759a2ecddad2bb87a079a1f1519f73,1
4df3e96de11dfaec386adf64df85e9b8,5b3b5f9ae84ca9ead3138b199420cc94,1
4df46622377e2ddf009e7adfa43c1dc4,42697582a754e573f9e3e9e78752252c,1
4e15fee963523774998876e3624952f4,4fe644d766c7566dbc46fb851363cb3b,1
4e15fee963523774998876e3624952f4,78efe838c04bbc568be034082200ac20,1
4e1cce07cd5937c69dacac3c8b13d965,b84520a57891e7a8ae2c68741dcc7146,1
4e2134b6f89e4a041641a30e801bfbe5,1ac09f60f3c3bc2021c637ef23fa3248,1
4e23e1826902ec9f208e8cc61329b494,473795a355d29305c3ea6b156833adf5,1
4e2d666f4bbc94a8ded712172a433d65,750dcfda0a9788bba89c94bb82a322db,1
4e32c2752aeaa8d8b99da2b145a1c826,36f60d45225e60c7da4558b070ce4b60,1
4e32c2752aeaa8d8b99da2b145a1c826,e53e557d5a159f5aa2c5e995dfdf244b,1
4e39429218dac10ad4e57dafee3d92d4,2078312a2dcf1fcd8a38eabcf5dd033a,1
4e39429218dac10ad4e57dafee3d92d4,d3060c543b1b88a647cc284ed7a9dd4a,1
4e65032f1f574189fb793bac5a867bbc,cb03e4f0503f45854e87afe535e0681d,1
4e6588068c000d6f539cf24c66a96816,f49e985b4cb2d0543890d6dd00077663,1
4e6588068c000d6f539cf24c66a96816,f6e0b7ccc34e4decc1b855f8da06a5fc,1
4e78d9253ba5cc1d990eb09ea45a3a2c,5eb564652db742ff8f28759cd8d2652a,1
4e7d90791af7ac2024f8b978fa4fc095,9d0bb30eed80184666c8acad23921283,1
4e7d90791af7ac2024f8b978fa4fc095,b3cf0a98f31b76ed0cec13d9c77102c4,1
4e7da8460a307b63a7a4d98750f3a95a,368c6c730842d78016ad823897a372db,1
4e7da8460a307b63a7a4d98750f3a95a,53759a2ecddad2bb87a079a1f1519f73,1
4e807d3a4553f2ba95698b27217b5352,33c4b54c2a3e60ac5beb217d833d9f52,1
4e8a8a7ae3d820b060718c815d2ebcdb,9d8a0e115e802d845b4ce1eb794d1260,1
4e8a8a7ae3d820b060718c815d2ebcdb,dea837d4f3f30b541725d258c15e4ff1,1
4e8e4cf271d32d5e8a3f9de8dc44d515,53b36df67ebb7c41585e8d54d6772e08,1
4e8e4cf271d32d5e8a3f9de8dc44d515,e0d64dcfaa3b6db5c54ca298ae101d05,1
4e9f32f4b00e1cb9ea68c413d0171693,ec2d43cc59763ec91694573b31f1c29a,1
4ed128a71a16c4cebc15ed8537d37ed4,33e77eecc23c25a65d10f627e5053617,1
4ef6c02126b21225e011b242f9f79c6f,fa3bc8d73fe3b0ec061190651433a417,1
4f011f45db425dcd3be79d4c11e9ad05,f9be8e0e5acd947d8f49dbc390b9ab20,1
4f37b187b2d58f32f0739d1d4d9a12b1,7bf115809ab249f1bf0fa92d72e0baf8,1
4f37b187b2d58f32f0739d1d4d9a12b1,b2e7c39bb137bb4b3651862c6b611468,1
4f40e85081dccd9137138b76a3ca3367,404a57563d487aecbc2b1a01d9b89aab,1
4f4943d1a8ac2c4a65d4fba25ee8c0bb,c0c5899d3df29722ba3f12be79dfeb10,1
4f4a4c713a7892d9db23f694fc647d13,36f60d45225e60c7da4558b070ce4b60,1
4f4a4c713a7892d9db23f694fc647d13,e53e557d5a159f5aa2c5e995dfdf244b,1
4f4d2fe2987efa0b9e4e61a466e8ed8b,ce149636a055d9eded4cde55da9ebd3b,1
4f66060e5e139d6bbae10e98dc5d0377,4910917f05092f331bf3a477f791cc01,1
4f66060e5e139d6bbae10e98dc5d0377,e8c6039a25765995ac7c1ec2cbef5765,1
4f82360423c19895d2a8183e6d8ec701,a4aa7c1427c31344e5f7cc3d839fe562,1
4f88e6285f805c9a823ba23291a65ca3,f77dd338d9f75229a09cbb9a18fd0c9a,1
4f928a6270233d6c7c4e73919fa12295,058b372f969b59e8c4a27e224243909c,1
4f928a6270233d6c7c4e73919fa12295,fb55982be901439613a95940feefd9ee,1
4facc2e6fbc2bffab2fea92d2b4aa7e4,8370300e444c4394d3c3f878606a9601,1
4faddb71b28a095ba04a31c33d1062c8,158102fe543dbaeb84d87811bfe06d0d,1
4faddb71b28a095ba04a31c33d1062c8,414c53fa9c5cc4a0390682aeb2e25ec1,1
4fb7c05360acede8b9bf7df3002dfdf9,75d6b6963340c6063f7f4cfcccfe6a30,1
4fb7c05360acede8b9bf7df3002dfdf9,b1631003bdbc3b1e876f83a7d851d74a,1
4fc0bed2293b60132d8d750003a78598,ed77034b92386a1a8cfd3c648d715dde,1
4fcf56f1cf3d583a0cec41f7f523a852,4fcb3d9a5f4871e8362dfedbdb02b064,1
4fcf56f1cf3d583a0cec41f7f523a852,f4f67ccaece962d013a4e1d7dc3a61f7,1
4fcf7b9d6a54ded837b9a0ff601bf7ef,9d8a0e115e802d845b4ce1eb794d1260,1
4fcf7b9d6a54ded837b9a0ff601bf7ef,c777b9591e90c49e0745efb1051789ca,1
4fd1a56f7500d9a023a1dc23a9e014cc,38ef617a023fc4398829dd8c2b9e8be6,1
500916dd05e1a0eef077815b20b9b644,389d119b48cf3043d311335e499d9c6b,1
500916dd05e1a0eef077815b20b9b644,53759a2ecddad2bb87a079a1f1519f73,1
50344414b85e2dc2ef9fc59c456aab28,0bcc3eeca39e1064258aa1e932269894,2
5036f4227f2e546879f581d8fd3e6ec6,5fda5f5969ed8a446022953a89e1c81a,1
507d34ab7a9f465f7a023cf256e524da,389d119b48cf3043d311335e499d9c6b,1
507d34ab7a9f465f7a023cf256e524da,422879e10f46682990de24d770e7f83d,1
507dc9becd4fc65635d90682dfa9d3a3,9bb8ca338e5588c361e34eae02e8fad6,1
508cae50c5c1e72079d266a513bca9ae,7094fadc9773845c7d453e51b04289a8,1
508f416faa150cd3249d045d81c93399,461f43be3bdf8844e65b62d9ac2c7a5a,1
508f416faa150cd3249d045d81c93399,bfc0d01be79d9038c7720f983bf954e0,1
50a662e7d7e7e2a94112a4f15a37464e,404a57563d487aecbc2b1a01d9b89aab,1
50b1d0db3c5c87be7d767f483e520263,85b6cd7f57f7a06d180c93e8c74f6381,1
50b1d0db3c5c87be7d767f483e520263,bff2390f68a7b76b01ef61b684888261,1
50ce48286901a5caa70471ce58cab6f5,1c9b5793de6c3d9117b6218552c87a8f,1
50fd19860348ef2a4ff4db6168e99eee,a79c0d179a6de79b23a81b64b3980c04,1
5126071e8e67f61789f6ce9f3af56143,3ce943997ff85cad84ec6770b35d6bcd,1
51378a8908cdc12c6545fdf842383c97,23ed7a10a36c6f88a757a9c83df9ea20,1
514f8ca0f04813ed414874f8f422e6c3,d245838e3d0b2b51d751ccdc98885a8e,1
5182c0939da37d2f3acd9f2fb8b60d4f,35afc973633aaeb6b877ff57b2793310,1
5182c0939da37d2f3acd9f2fb8b60d4f,99a4788cb24856965c36a24e339b6058,1
51838d41add414a0b1b989b7d251d9ee,f9b1795281ce51b1cf39ef6d101ae8ab,1
518fe6f62ae326d330c8f6576e062994,a237de12bdf0bfe4fe220bae65a89731,1
519bfc92913c498006c2b05dbaad7525,5e5d267a41f3d8bb608c2f0bd4b4972f,1
519bfc92913c498006c2b05dbaad7525,d04e48982547095af81c231c3d581cb6,1
51c23d1b01aebce5a1e32e3d9b312aa3,c5d8b84a90f73bd09c30e71e76caaa11,1
51c2f039f08424330a6bbba4c9949d98,6e1b14d3cbb5fb3a2c00351007127dfd,1
51c2f039f08424330a6bbba4c9949d98,caf9add3dcd98d688be0064d9faf65b1,1
51d11e5abc725531b3a2fd56456885fa,8eb72e039f7857d796c5afe824d0c64c,1
51d121ddc025c1b70f8f62a1b727aecf,07c055536ebf10dfbb6c6db6dbfc36e5,1
51d121ddc025c1b70f8f62a1b727aecf,f08c59bc335a381d2b015c4efdc6dae3,1
51d8d985d769925b981b4a34ddf6dfc6,8c292ca193d326152e335d77176746f0,1
51d8d985d769925b981b4a34ddf6dfc6,f1c7f353075ce59d8a6f3cf58f419c9c,1
51d91326ffc0688da14a001de38c264b,f1c7f353075ce59d8a6f3cf58f419c9c,2
51f4f237dc6c1823bde7a4d62d006b35,19c91ef95d509ea33eda93495c4d3481,1
522d64353abb62bb8cfba2f9a72acc15,d017a2151d543a9885604dc62a3d9dcc,1
5232e2bc3a7efa19db39982eac1fe7fe,12667a519a4a3094eab02f5841b07409,1
5232e2bc3a7efa19db39982eac1fe7fe,53b36df67ebb7c41585e8d54d6772e08,1
5232e2bc3a7efa19db39982eac1fe7fe,7703b8cb5b77fbb36518ea91e2ca734f,1
523730e4b2ef7654c243699b81763112,118fa7a08a83564776c37433aca3ca71,1
523b7915f240831d06b34ab9b804a200,142edaf86e4eb5d0f928534667ab63f7,1
523b7915f240831d06b34ab9b804a200,f95d9369ebf76f811194c72bd22ff244,1
523e25fb475e982925556f0a363e7891,44f90f085c7a825863cbf867990e1513,1
52597838f6c178b19b961b068d048c71,5fc3e6a4b52b0c414458104ed4037f1c,3
525cda9909aa001ebed396f6e55eae01,349ce46a0e2e20054aa9d80c48af8816,1
525e9dbf2f675f893b9f695d5ecefb31,d1c427060a0f73f6b889a5c7c61f2ac4,1
5261961eeb22ad480eafeb8829cddacf,36f60d45225e60c7da4558b070ce4b60,1
5261961eeb22ad480eafeb8829cddacf,e53e557d5a159f5aa2c5e995dfdf244b,1
5275b2f97b9c995d3d05a58610c0bb67,dbfa741e0e5dfae13c9f023d8b8cbd96,1
5277f2c18bae9ff7f93aa8118ace6e03,154e7e31ebfa092203795c972e5804a6,3
5277f2c18bae9ff7f93aa8118ace6e03,7c1bd920dbdf22470b68bde975dd3ccf,2
527c6fbbe85cdf78ff1645e0a71e266f,00ba6d766f0b1d7b78a5ce3e1e033263,1
528553785a32652e5b1f5dc33899f754,0878b8484ae10e2ef355fac0690fabe7,1
528553785a32652e5b1f5dc33899f754,235e0d56841710b62daf088840a96ba8,1
52b8fc428690f8974a3d3ff3a162f7b7,58727e154e8e85d84052cd22b0136c84,1
52e05f52b2ccd1945aafaae6ceff7ba1,6ab6d9589ae19abcee458918d4779fae,1
52e05f52b2ccd1945aafaae6ceff7ba1,6d7a4492be45dfb8e38e762efe6614a4,1
532cf2c292f2ff4130af5fc27adc9493,2c2491f31fe7320124ccf2f3404354a6,1
5334612ff6f9f1ee518ecf5a8b2d9efc,5d790355cbeded0cd60e25cbc4c527a2,1
5334612ff6f9f1ee518ecf5a8b2d9efc,5fc3e6a4b52b0c414458104ed4037f1c,1
536a347bf87825d4f41bc936bf48a72c,c9e5a053551073d27ded320bd05971b4,1
53a104b94e4d9f4f3b427dd6e8dee994,79a564cca1924553af76d396bf7c0662,1
53b30ca78efb2b7efcd3f9e461587eb2,28a652ff04e43c1bc57937a9f8770f9b,1
53b30ca78efb2b7efcd3f9e461587eb2,90ef6790cfc145cf45f9c476d1f47af0,1
53b30ca78efb2b7efcd3f9e461587eb2,fb55982be901439613a95940feefd9ee,1
53beace9d0aa08b64d759d5f5a66550c,5e015730deea7dfbee442adfb1e29b27,1
53beace9d0aa08b64d759d5f5a66550c,5e80fe2cee2f6de9a494047ed35a2fe3,1
53e4d5ab8287848319f0220d47ee7ca0,68a058d125ba1544e726898f0b8c0523,1
53f34954c078f5034197993c0e109b95,a35a9f46dcee0a67c8c7ad8493eb4135,2
5416f8ad5bc33953624084ebc8738307,99a4788cb24856965c36a24e339b6058,1
544bd839b4e7f92a077c7bf2410f8b02,93ad397044e27dfead96813e2f895acd,1
5457ae2c352c18e3bf5cba68301d96a8,0a70bfd7366ebae1c146277751691546,1
54688ac015c0e130a8e00a28cc34ff92,946344697156947d846d27fe0d503033,1
54732c804725f94304b9f2d1107a3d6e,5a848e4ab52fd5445cdc07aab1c40e48,1
5478d9f5da865d11d32ac29f3a23ec46,a02d0123079f4ae96001ba2010d1a2df,1
547d0504ca415eb4864fa3030f73d3f3,a59fb60fddcc72a9878b7ed5cb69d8e4,1
548a09978548d2e347d494793e34c797,f889fb87b505b73de10c18b93352469f,1
549a24530925587e2faddb35f667e458,4d68f0bb076a44142f1d1725ba3b3bc8,1
549a24530925587e2faddb35f667e458,ac50a885bf3b6a817bf6a0a2f1e27af4,1
54a0adda1e4280f00619da4f756ebad3,aa70ae9ee9a798d44ae6e00ce6d82cb1,1
54a0adda1e4280f00619da4f756ebad3,c589625c8ccc7bfd2e8f1fb041e24c4a,1
54a22a0d776f341e79356ad4a761aa81,363218ba55c610b750224f90bdd34be1,1
54a22a0d776f341e79356ad4a761aa81,5d92abea542c2022dfee91dd630f2697,1
54b716ecf36f372ca6a585a68025e8a1,6a0713a63e990052795623e76cc2995e,2
54bf1780705493f3224d73bd48e53186,64fb13596caf118c438edc5c6ed2d50a,1
54bf1780705493f3224d73bd48e53186,e67307ff0f15ade43fcb6e670be7a74c,1
54e0a7cc9c09c591bd186e4569c7bf30,6fa96cbd1d917acb1ef4bc8040116105,1
54e0a7cc9c09c591bd186e4569c7bf30,c3ba4e8d3cb30049213b682e751e9d00,1
54eb010282ed1c4a38e101aa8b9aca37,810e2944bca9850b934e1570ba372e7d,1
54eb010282ed1c4a38e101aa8b9aca37,962a6951154f98f2c8e9a5b8b2bcf4a9,1
54ed3f082c9e7725a0e26e9e682fc825,2267f81f3634e3fdd5d27151ddad3c26,1
54ed3f082c9e7725a0e26e9e682fc825,5ccdfc35d9cff8db4fa46b83d5712899,1
55094b4209466f0537cc52a4e3481639,53ea9da485f6aed8a6f03a85831fe021,1
55094b4209466f0537cc52a4e3481639,d285360f29ac7fd97640bf0baef03de0,1
5518a112dff474788c0d52cd4688acff,2d27434c710806b971a721da337a112a,1
5518a112dff474788c0d52cd4688acff,86c43103446290e7efacad3701cd654d,1
5527213e610f0a189308f8e404b3a88f,d2347fba1e60ea51f533960fc555baff,1
552fc05a13d28356a38e8b13f64cbe4f,764292b2b0f73f77a0272be03fdd45f3,1
5531c5cc7089dcf2a05e8b70fe7092f3,946344697156947d846d27fe0d503033,1
5531c5cc7089dcf2a05e8b70fe7092f3,ad0a798e7941f3a5a2fb8139cb62ad78,1
5553a7c7bebd1de19f50e20a851c5eab,65dfa5d20f4beb1a0f6aad75c004434f,1
5553a7c7bebd1de19f50e20a851c5eab,ddceb6eef6af67e9fbbd4c148dbe5fd9,1
556ffcdd6185be1c44ea83be3b1b5f86,19b7148be60fb48eb30c7eb0431c1a8b,1
556ffcdd6185be1c44ea83be3b1b5f86,fbce4c4cb307679d89a3bf3d3bb353b9,1
55710afb01abb82b30e220af139ec878,a42d9c825894f96fc6ed02610891454d,1
557b158701bedbb76b856eb5f3af51b1,61a4100ccd6d9c4c808a1fd954ddb8ad,1
557b158701bedbb76b856eb5f3af51b1,b697c503df6dc2612e7f601a189718d0,1
557b75f940a01e7ba17ffbf9cc02bb9b,134a6fc4a713a799266ebd6a4f4008d4,3
55810b4feffd8d841795fc0c497da0c1,10717ff440b2320081989126e858b220,1
55886b0da0e1a4c9e753f3250419c0fa,3b0f7951038b105522c2d566b54421f7,1
558e83cbe6bde610b528833d16ba588e,9fc98e39f04be8e382d8aa5e259f5489,2
558e83cbe6bde610b528833d16ba588e,c857b96593773e940454e76efa8eabb3,2
55bea30cd78db302debc515e81a851d4,a50acd33ba7a8da8e9db65094fa990a4,1
55bea30cd78db302debc515e81a851d4,dfb97c88e066dc22165f31648efe1312,1
55dfea89540867cbe96091b82db0cb06,2136c70bbe723d338fab53da3c03e6dc,1
55e07f8738d4e72a48b0791979c15ea9,e389381479408ccdcdd406d8d3049e45,1
55efe0d41e47d41465ea4fb5f8badee0,f2d649f157cebee085ed738f23d5d6b7,1
55f21db4f9a353dcee5b774f750c65a1,a291cc846d74d97f01611894f983073b,1
5616f75d22507069b5383854a1d8c414,429e7401fafb76436f15e86498bd7364,1
5616f75d22507069b5383854a1d8c414,51ce083cd2b9078656a94655ab45b8a4,1
562b3bca5a8903b7451462b6e7aa6082,247fa5b4e2f524a22b21ef256ffc23e4,1
562b3bca5a8903b7451462b6e7aa6082,de92134fd940e9302d27c31af4581fbd,1
5634e75d99bb303da48151ff3bdba1a1,6bd4c564d1f96b0db5d02d376b4daed6,2
56357cad975389d1209d8eb2c29a99b4,24a014458ccc6e989b4fcef5fa71da58,1
564df947eb9192d7e1613b1b957cb192,186d7d472f062ca6ef30689faa935d2e,1
564df947eb9192d7e1613b1b957cb192,5d2d01b64b76916f0cbe74e407041187,1
5692f45005b99d929b723b96408957ec,368c6c730842d78016ad823897a372db,1
5692f45005b99d929b723b96408957ec,389d119b48cf3043d311335e499d9c6b,1
569ad7e947dcbded8831b60cea12f948,9c8d68903b5106018c797e0e862ae55d,1
569ad7e947dcbded8831b60cea12f948,ab1f9387c0627dd24000bfbc54fdeee0,1
56b088f218c6c02cd6e86bb9814271cb,68bf2e76db1d8e846042e54da87399ca,1
56bc36aa1d5d1b03965ae45caadb6598,54bb3470c28291c7252832f0437ca469,1
56c8638e7c058b98aae6d74d2dd6ea23,0ec7b6a863e219792bc4d50d3a62a839,2
56c8638e7c058b98aae6d74d2dd6ea23,1b2066a33aee5851ee3e44b10b36b3c8,3
56d6d1ae03e95325991e4c77bf3cbe53,4167a7ae0930579d1f27d465a1a042f0,1
56d8657415db763795b16dd5b0a8626b,400e2ea46d0af06d91c744b624ed8a59,1
56d8657415db763795b16dd5b0a8626b,ecbe1ef7e2903ff8b1d704ba78fa264d,3
56dfd0cb7bce1329fe8f4766746f0078,01ff1ff8aa5dec93e9938b989393a4ca,1
56e3a158ef88285f2c15a83db0b13d93,656e0eca68dcecf6a31b8ececfabe3e8,1
56e3a158ef88285f2c15a83db0b13d93,e59dd207c69d86e890febadc796d1078,1
56e4f649cb3c7534c9a74660a8c804fa,151133751552ad5bdd6645dfdcb0e728,1
56e4f649cb3c7534c9a74660a8c804fa,c96dae58447b1aade5e8a7e28a87a31a,1
56e80e4b4a777631c5399e3fd0d6ee85,6bd4c564d1f96b0db5d02d376b4daed6,1
56e80e4b4a777631c5399e3fd0d6ee85,83bfae859f4a37b048a3abcecb17c506,1
56f77ee91e06fb36402afa524deee676,f0c1c1d5ec61ce4c4846abd4283631df,1
5709900c6ded8af6dfb28b043943368d,2b0ee2d07306f7c9ac55a43166e9bb4b,1
5709900c6ded8af6dfb28b043943368d,5b226d7c52f86ac72457617f78cff95d,1
570eb70ff97166b85ea96be3bfb65fef,23ab7bb9eac81e85ec43ed71064cf7ce,1
5710203a16b48df3013f69a8f9d6c1e0,87d780fa7d2cf3710aa02dc4ca8db985,1
572f6043f6dab541eec0b9284b904dc5,2136c70bbe723d338fab53da3c03e6dc,1
5733010674adc0076bd5d41eb3703955,18486698933fbb64af6c0a255f7dd64c,1
5733010674adc0076bd5d41eb3703955,dbb67791e405873b259e4656bf971246,2
5735fac0e3e12fee0b0545828a977acd,5bd3ba44eb990450377a2cd863821cca,1
574e36a816bf7a295404e686062fc0de,fbc1488c1a1e72ba175f53ab29a248e8,1
575083d1c98ec2938a00cd179a40f3d2,7f1a77bec0639e473392e91a504272a5,1
575e8735ac3203bfb92c7d52919faf70,d017a2151d543a9885604dc62a3d9dcc,1
576ea0cab426cd8a00fad9a9c90a4494,9451e630d725c4bb7a5a206b48b99486,1
57714ca1784d22630b2a7b52627c4b94,5c973b4202aac5c372a483e712306f4f,1
577786ab410d98d13e0a00878cd9e8fa,1427b126f61597524866770b05d4eed2,1
577786ab410d98d13e0a00878cd9e8fa,5526b1ae9ab2688cf600783cece249df,1
57b5d9f9fa4f1ff41befbfbf0fcbc3ca,586328f570ac0b651d452f1227db4d1c,1
57b5d9f9fa4f1ff41befbfbf0fcbc3ca,73852ee3739732147010f2be732d597c,1
57c36350a705713d97444e8e4a3ba75e,1b2066a33aee5851ee3e44b10b36b3c8,1
580561d937f063a0c4ffe1e4832df2f5,a35a9f46dcee0a67c8c7ad8493eb4135,1
580670a27cdf4e994deb2c8c8e669a46,71191d3e8768745afc1c290c63f6241e,1
580e86cc6d0c8eafede3d6f2fa4bf9ab,2c71438371b35f7ce3c2511d6b0927e7,1
580e86cc6d0c8eafede3d6f2fa4bf9ab,aeb383f37bb53452cce26e3da03a6d80,1
582183483d33018384b309d31c45f353,7686fe49c98ae1c537b5cc51992f5d20,1
582183483d33018384b309d31c45f353,920840f7899b13c467d223950c89e9e9,1
582413ee5c9cf48218666c6fd967a221,1d7db62a21ffb4f220d3e8a05fa77e02,1
582413ee5c9cf48218666c6fd967a221,ccadfeab525a9eb1569983b66e5075c4,1
5840f5f059bef65fc6f3bf1f4eb48e98,07c055536ebf10dfbb6c6db6dbfc36e5,1
5840f5f059bef65fc6f3bf1f4eb48e98,8338cef8355d238f43711dcb9c0657b2,1
5842d0c9150cc3e6c4719e97f8d11a73,c9c6fde711572c1ad99ca12728c6af00,1
58498d9dec038f925f6406ebdfdc36bb,f045db2493d42bb131ef8e37c3aef061,1
585ba6a115792c0b0483d65e5ab1f4b6,33f17ed3c6906f7a7ae17a0843536db4,1
585ba6a115792c0b0483d65e5ab1f4b6,a2a61ecd4e916c3ff787c137d23957bb,1
586ed45ee165fde92d19ce4a4310cd1b,741e14d6cfe9c7dfcace49c4a0989bf3,1
586ed45ee165fde92d19ce4a4310cd1b,c2fb73db15e28aa021dcf7b2856fef27,1
58703c8104494f333026acd373ca9027,4dddd45aa241530edb5412e8846361fa,1
58812bfc80ed972fa2e7f3614c0cd22e,190d9562bfbe9d3ed876c2ac6f2f5894,1
58812bfc80ed972fa2e7f3614c0cd22e,a41d9e51c365f6e2f5eb1f98fa4097eb,1
589211c7448e6c3b58b0ba98ce089ee7,f5bb0eef3914b07a9dea355a6a3069da,1
58a4934162235b0686c74f586187998d,c1f5307decb89342351bec53668cffd9,1
58a4934162235b0686c74f586187998d,f286c2fe211df4102919d0bed084dddf,1
58a76d190359218b65947ec94f397fd2,363218ba55c610b750224f90bdd34be1,1
58a76d190359218b65947ec94f397fd2,ed5122a6a757a4fea8f32a6fb95a5135,1
58af2ee44a9ca5487bd47d13db071ea5,f8077831f3c3f393fb67b93c5acd8daf,1
58b8d526170c90c755aef183eb67182b,6bbe55cf8f85c87b6eebb775a53402f4,1
58b9df3491d94885a911b85e507c75d1,87d780fa7d2cf3710aa02dc4ca8db985,1
58b9df3491d94885a911b85e507c75d1,9d32095f76b97762307e86cfc18dd7a0,1
58cdce1e1299e7d65d1b81a4769e474a,c12b64bf0861a27e0f06c36ef82f457d,1
58d70d4116acbc696396d8a1327d3a0c,9a2e821cfc513051382e27606ab3325c,1
58e2253f083d42930c64ca32b510a512,a8d952e8e5436a6fe36d24c402d100de,1
58f5a0b391493cf37a8c32956f14d6d1,0b6a32b32a7dc68b12e8a0e0805c44d5,1
58f5a0b391493cf37a8c32956f14d6d1,461f43be3bdf8844e65b62d9ac2c7a5a,1
5925dfa8cd87ab4d852383f7039c8bc2,4cd6ba4ea3112de8fc238307c4dc6307,1
5925dfa8cd87ab4d852383f7039c8bc2,cac9e5692471a0700418aa3400b9b2b1,1
59268ee5dc0cd98a36ea808010826cc8,186fe07c8b8005ec6a498587ffbc1352,2
59268ee5dc0cd98a36ea808010826cc8,3e6d2bde9274ac275013aa90d7e2bf16,1
5927e145458a6ab7d0d8710e6956ab88,71a5f1c2a5fd9889ef26b5ac22aec9c6,1
5941ba7f91b519d195e16e34fcf61bac,1ec486885049bbb9b79351d150ed18c4,1
5941ba7f91b519d195e16e34fcf61bac,a1250bbcaa645885c9165eab1573b5c6,1
5941ba7f91b519d195e16e34fcf61bac,d103baa8d35783ff2772704ed17ddd45,1
595097e7597ebef5491032c439b1d64e,0bc4d2de176747bbc8b5e680bfdb66b6,1
595e38fad1949e25468ad1c7c06924d0,26facbccf840188b92bcc8cb89fe1f64,1
595ee036d3a69e80934a9b3618834085,e2fcaac49de7a3a90f0dc74d7b1e9f10,1
598ef1f13aba15f2b88387184f6c25ec,91497eff4735d835057824111f9532b7,1
598ef1f13aba15f2b88387184f6c25ec,c9dbe2eec19a8093cb5ac57486531c18,1
59ad0211f363428b2d44b121725e87b2,363218ba55c610b750224f90bdd34be1,1
59bba92de9b8f6be0808e4d9d64b4b43,99a4788cb24856965c36a24e339b6058,1
59d1cfd58ed06d41f21cddc4c761f9bb,014a8a503291921f7b004a5215bb3c36,1
59d1cfd58ed06d41f21cddc4c761f9bb,8d98dedc3c19de17f1a090195e85d6b6,1
59d2db950a513645b4f625a77a6d7e02,0bcc3eeca39e1064258aa1e932269894,1
59d2db950a513645b4f625a77a6d7e02,368c6c730842d78016ad823897a372db,4
59deaa85810b3c3af6536e02d782a90c,4fcb3d9a5f4871e8362dfedbdb02b064,1
59deaa85810b3c3af6536e02d782a90c,f4f67ccaece962d013a4e1d7dc3a61f7,1
59f65444dd66028dcc0cf4d88bef9a07,372645c7439f9661fbbacfd129aa92ec,1
5a494c648fde2d1ec4eb614274ea7159,acc444eb5ad26f79d5a11baa6a03c439,6
5a6b37816cefa8497b74b1ef78dbb202,9bb8ca338e5588c361e34eae02e8fad6,1
5a6b37816cefa8497b74b1ef78dbb202,b8a0d73b2a06e7910d9864dccdb0cda2,1
5a73cc26ef1d615432abc79e05ad7981,2c0c951471371afa81e47d7bf8d20522,1
5a87cdfb4b05852cbb63bce4ee13636c,4d0ec1e9b95fb62f9a1fbe21808bf3b1,1
5a87cdfb4b05852cbb63bce4ee13636c,9ad75bd7267e5c724cb42c71ac56ca72,1
5ababc6c33b702cbe31f1631d15b4b5a,a4d0871577d73bc394c482dd0998af7d,1
5ad84888519e10ff52d8af00641d41bc,d011223de539cd224b5c5c8082313d46,1
5ad96d7a95788923e8ff455366a90015,dc0fe1906bacc99199eb46fce442e1de,1
5af103d3f12fd83434cb97578a1e8d49,3ba2b0de14984ce8f072c58be8d701dd,1
5af895ee7ff98368a5bf6faeddd18cec,0bcc3eeca39e1064258aa1e932269894,1
5af895ee7ff98368a5bf6faeddd18cec,368c6c730842d78016ad823897a372db,1
5af895ee7ff98368a5bf6faeddd18cec,422879e10f46682990de24d770e7f83d,2
5afbb1d2cc7c072e60088e682aa600a3,7fb7c9580222a2af9eb7a95a6ce85fc5,1
5afbb1d2cc7c072e60088e682aa600a3,aca2eb7d00ea1a7b8ebd4e68314663af,1
5b09c620db60411b0be6f1817c6cbe71,4b96786612ebe7463132fce2c4dca136,1
5b1ae94194ff6e974356063557746e47,1c57458e824ca3d974ec1831a1a55e72,1
5b1d012dcf628dd34fe51613d4f6288b,e3de19106e36f3981c320553135a6610,1
5b26618da34612cc4947bbf6ef4fb67c,34dc9ba20762290886d4d94d07a102e3,1
5b26618da34612cc4947bbf6ef4fb67c,c6e3c9a59b663e36a8b95b2dde81fa33,1
5b3186d7cf904f2f9369aec26faba4d2,24c66f106f642621e524291a895c9032,2
5b3186d7cf904f2f9369aec26faba4d2,53759a2ecddad2bb87a079a1f1519f73,1
5b3619dbe8789d4d059f8e5725d77a13,4d0ec1e9b95fb62f9a1fbe21808bf3b1,1
5b3619dbe8789d4d059f8e5725d77a13,cad2db5e318d7283a234c517b2f28a42,1
5b3701e58aad8913eee15daaf03c0a9b,1fd3bb291e0dba9d6081eb914303993b,1
5b3701e58aad8913eee15daaf03c0a9b,ac7e981115ad47f0e051f1b8b97e73b1,1
5b3b19201bb81179198a9ce0d26ae56f,1613b819ab5dae53aead2dbb4ebdb378,1
5b3b19201bb81179198a9ce0d26ae56f,3cb39171fd36c50097f2dedbbe0dfe6e,1
5b40b6d003822b8ff229a910784fe4e5,058b372f969b59e8c4a27e224243909c,1
5b40b6d003822b8ff229a910784fe4e5,fb55982be901439613a95940feefd9ee,1
5b55b379fb13d3bb7570b308b99f0255,964093075b6885bfcc6520dd216e4d8f,1
5b55b379fb13d3bb7570b308b99f0255,c2ece64199af7a53793ed9612a89a8cd,1
5b65c2693d8103d23aa910cd33d68daa,07c055536ebf10dfbb6c6db6dbfc36e5,2
5b65c2693d8103d23aa910cd33d68daa,efa91c03c750cf82e0e9fc5523aca73c,2
5b865d0882f10f95209a53cbcea3507d,45fc964dc03d16147f82dbe844e2cdf1,1
5b881f1b0bea55f5933b61c9a99c9ecc,0f91b6a95a57a43203a9b17de98960d9,1
5b8a75e77489899ad9e6d57273aafd7f,8d024e70a7e9e92b8851684d047a7021,2
5b8a75e77489899ad9e6d57273aafd7f,9fc0c73ce4d0eaaead44e81eeefebeb0,1
5b952e3dc4849109f9b9287dfafdec45,0cf41187284d7f099adc8415a743ebbd,1
5b952e3dc4849109f9b9287dfafdec45,25e2023ed83352bde98dc1490d14c3d8,1
5bad02ee81a2002eb3b5b84d32bfc15f,b2fd74298e16eef2568d2f9dff6042c8,1
5bad02ee81a2002eb3b5b84d32bfc15f,e0d64dcfaa3b6db5c54ca298ae101d05,1
5bb6a9aec28722e554d2d205d5f825d0,6859a88437bf429e4e50768ca79a2e9c,1
5bb6a9aec28722e554d2d205d5f825d0,c4e71b64511b959455e2107fe7859020,1
5bc738a48bdb9ca1f798d56de2cce84c,422879e10f46682990de24d770e7f83d,1
5bc738a48bdb9ca1f798d56de2cce84c,53759a2ecddad2bb87a079a1f1519f73,4
5bc8c5d5447bbc14693f42df5ed88fbc,414c53fa9c5cc4a0390682aeb2e25ec1,1
5bcf87511a3d7b63b8b56fdb9ebe5fd5,a0ef8572cd061badd81ffc48dc04d1fa,1
5bdb6f56a8fb4272b802f504bb6d1287,8eb72e039f7857d796c5afe824d0c64c,1
5c00e849b56a56ea31560d5d66f933e9,53759a2ecddad2bb87a079a1f1519f73,1
5c1e844d3c776b69fc2e13e1fa3999a2,cf8316c961640d38321241895b7811c2,1
5c1f61144f3fbb984bcaa5081d4ed587,6e835aea84ae8eb68b8c14878dd43b30,1
5c309a04ba98c8099726ca9297f40e13,a8075470f960215ffb67624782f80fec,1
5c418501b87e13cd0dfdb50fe6f1d96d,368c6c730842d78016ad823897a372db,1
5c418501b87e13cd0dfdb50fe6f1d96d,b0961721fd839e9982420e807758a2a6,1
5c57b9272840fc6196e57854b688e560,695c34c5771cca25ecdc04d24a9b49f6,1
5c6158b528bf0eaa8115b298d4af28c8,6f2d7833b8f0a094571ebddebdc6623a,1
5c65a2076c901f375b01aad3a60c7447,9ede6b0570a75a4b9de4f383329f99ee,1
5c77da09750b42091c93c331d544ab53,52c80cedd4e90108bf4fa6a206ef6b03,1
5cb8c9998e51269d6c8c983def687414,5da831182fe9ba6ab33ab17bbc5d16c7,1
5cb8c9998e51269d6c8c983def687414,a42d9c825894f96fc6ed02610891454d,1
5cbfdb85ec130898108b32c50d619c39,53759a2ecddad2bb87a079a1f1519f73,2
5cbfdb85ec130898108b32c50d619c39,acc444eb5ad26f79d5a11baa6a03c439,1
5cdb73d2cb4862f0ca6436884e34b3a3,b584de1994f604fa7dfd0b6b9c6c1b99,2
5cdb73d2cb4862f0ca6436884e34b3a3,c6336fa91fbd87c359e44f5dca5a90ed,1
5ce049f2479d3d89913200539bedf131,3354a4e684f5e7199f9407db70ccd92b,1
5ce049f2479d3d89913200539bedf131,83b00325c13c44245b2c3a2befa62a0e,1
5cfc9643603c095fd7ed86a50fa17887,5a848e4ab52fd5445cdc07aab1c40e48,1
5d1344e71e0b84add677e9a77c0d95b2,83b00325c13c44245b2c3a2befa62a0e,1
5d1344e71e0b84add677e9a77c0d95b2,cc971e0365873137b8bef2ebad633e6f,1
5d1732050eefd91d4c005a4adce0eed2,14dffa241a078aeaebaef48a49e807ca,1
5d2199b8c1d82768e7fad70f5f8730fc,dbfc3878e8b8a96816236363e132e6e3,1
5d2dfd15300a557c1ddfad56a8460226,597d26435e8ef77bb0fcd26f6c07d486,1
5d323409404dee6bdb0f6cf9ef828dae,01cf7c4cffff8db0a1cbe612bd2d50a4,1
5d323409404dee6bdb0f6cf9ef828dae,53b36df67ebb7c41585e8d54d6772e08,1
5d323409404dee6bdb0f6cf9ef828dae,cd82271424be9568801391194697361c,1
5d3e6a61592164c2924ccec5c7f56058,2873da054c3a30189c5aac7b87d3b6e9,1
5d60c6925979ce7923d72a13215fb74e,c448475cc4766baebabe30ee6d5f3fb7,1
5d60c6925979ce7923d72a13215fb74e,c5b6cb0ce3279d64025831b972bf5dee,1
5d6159a362de78181e47938f73df8085,6109d0cae3bcb57d579bc0fab6e61814,1
5d630473a31031e2a445574616171841,ca92f5c2276bfd491db575cd9de5a70d,1
5d754f8207d351d98f314c7c7c1a971d,508d5e8ce8e79bb506f9f0c096b295c4,2
5d754f8207d351d98f314c7c7c1a971d,90b58782fdd04cb829667fcc41fb65f5,1
5d77cf4bfc8132075fc589f355875baa,18486698933fbb64af6c0a255f7dd64c,1
5d77cf4bfc8132075fc589f355875baa,dbb67791e405873b259e4656bf971246,1
5d8f5f50fd2c7fbe8b335d945105a37f,c68252426f70e1434cf6e465d7cae869,1
5d8f99c602be552d9707f3bd77c24d36,10717ff440b2320081989126e858b220,1
5d8f99c602be552d9707f3bd77c24d36,ed5122a6a757a4fea8f32a6fb95a5135,1
5d923ccb7548741c453df5a825da2515,c1f5307decb89342351bec53668cffd9,1
5d9f42453f12815981c981caf51a9b30,2136c70bbe723d338fab53da3c03e6dc,1
5d9f42453f12815981c981caf51a9b30,7703b8cb5b77fbb36518ea91e2ca734f,1
5d9f42453f12815981c981caf51a9b30,a84d0660dbffebf352aefbf1a6b18d00,1
5dbba6c01268a8ad43f79157bf4454a0,caf540627b7914ab734c86495fdc95ee,1
5dcc06236098340b984e6865ba850593,089cc17c8bf2226d13648392e33dabd7,1
5dcc06236098340b984e6865ba850593,6b61c9889ff5ea54a786b54fff36251f,1
5dda09ed137461608be539348c1dac39,36f60d45225e60c7da4558b070ce4b60,1
5dda09ed137461608be539348c1dac39,e53e557d5a159f5aa2c5e995dfdf244b,1
5de99aeb246c239dfdb3db80bd8d8379,cac9e5692471a0700418aa3400b9b2b1,1
5de99aeb246c239dfdb3db80bd8d8379,f3d7339839e02f580fe8fca5755e0e25,1
5e0aa142dc4760e62a74c1830cbf91b1,368c6c730842d78016ad823897a372db,1
5e0aa142dc4760e62a74c1830cbf91b1,6cdd53843498f92890544667809f1595,1
5e24610c5a55f0b6ffdaf9e846d02362,bbdb487c5f9a780a6a574fe48ed37796,1
5e33331e26d0a4e1f3fe84b3f9c5549b,372645c7439f9661fbbacfd129aa92ec,2
5e33331e26d0a4e1f3fe84b3f9c5549b,42155695adbe665066ad812855fe523a,1
5e380d3468af33b77e184046b8061a2c,aadff88486740e0b0ebe2be6c09476ae,1
5e3e9e897d07a80fc2af58088a84812a,3373d1ed7bf5f3187f110c0e9e40a02b,1
5e3e9e897d07a80fc2af58088a84812a,6c3effec7c8ddba466d4f03f982c7aa3,1
5e492797fbeb54fb3e96629a55cdd480,4b703444923b5e57bb73ba343f5ebab7,1
5e6ff5789e4d6b6d6f2a801e4da72e7a,36f60d45225e60c7da4558b070ce4b60,1
5e6ff5789e4d6b6d6f2a801e4da72e7a,3f14d740544f37ece8a9e7bc8349797e,1
5e7138389382fc1b06c0ac985011e12b,190d9562bfbe9d3ed876c2ac6f2f5894,1
5e7138389382fc1b06c0ac985011e12b,a41d9e51c365f6e2f5eb1f98fa4097eb,1
5e85d75d3e3df197f08b89a2cbaad54b,162e010af9fe224d35fd8496a273fb02,1
5e8b7a60ee5a2e6e4a7ba9428826e058,ea70c7ac7beedf6663e1ddbde272384a,1
5e8f38a9a1c023f3db718edcf926a2db,17ad6786808ab3fedfb261a70a5932d6,1
5e8f38a9a1c023f3db718edcf926a2db,bfc0d01be79d9038c7720f983bf954e0,1
5ebc16fa8e8f7628425904c85c99760a,368c6c730842d78016ad823897a372db,1
5ebc16fa8e8f7628425904c85c99760a,b0961721fd839e9982420e807758a2a6,1
5ebd246be48ec18bf3859966284333f8,36f60d45225e60c7da4558b070ce4b60,1
5ebd246be48ec18bf3859966284333f8,3f14d740544f37ece8a9e7bc8349797e,1
5ed4db82a99daa916b5a11e6c48df670,6856ab01ef22301e08a45d5842ccb247,1
5ee1a7e84a17bcddc784977557a7a186,a1a97164f38cfb98511eb68e6b40ad94,1
5eefd8328b4437dcbf0104e89c8fa305,9d0bb30eed80184666c8acad23921283,1
5eefd8328b4437dcbf0104e89c8fa305,b3cf0a98f31b76ed0cec13d9c77102c4,1
5efcc46e1fee22373a28eb2b0f26a6fc,c18ac1d6cc053c0ec7296b994ae6ffeb,1
5f01125bbbf914beeb07a673aebd31cb,4293865e4ead3d446609086b4cfedb4f,1
5f01125bbbf914beeb07a673aebd31cb,c211ff3068fcd2f8898192976d8b3a32,1
5f2a213343d506264f78cb82dd914434,99b89f140f651db441848081814dd1a1,1
5f351efac8e4116350a242abcabbe3ca,2827ebfb043a328a13a06ca9165cad0a,1
5f351efac8e4116350a242abcabbe3ca,3e5201fe0d1ba474d9b90152c83c706c,1
5f435bbe57e905e19378fa56b60e9d16,5d66715cc928aadd0074f61332698593,1
5f45aa4ef9b8fb99b95d33a970bb64a7,c706d50b57c9e83293c2586d01f32445,1
5f66ee1b2e030748fdb83ab9b01a7064,b623b7cb05ee3248fbe4a6ecbeed79a4,1
5f80e1b868be57e4d50ae6bbeae78d77,4c283386efa95fcc42ce7a7000afb0df,1
5f8ad624020f7db33a63d5a0e5d14348,179363fe9f0eee05ad34df83c160dbcf,1
5faabfe6772088c4d906b63fa81ac63d,cd48f265a63e13b762601f5f794c5fca,1
5fb5bf48cd408d971f873069e5178898,c19d5ba108c34b8255cf9a524da92bc4,1
5fbfdca262348db58bdfae6bb33b18d3,0e2d365a247d105fefc31b17ab8706d9,1
5fbfdca262348db58bdfae6bb33b18d3,595fac2a385ac33a80bd5114aec74eb8,1
5fe117882be55ee9ad0d6c6c56d11019,0f6aa686ebf2fa68554cc24d4d29db5a,1
5fe117882be55ee9ad0d6c6c56d11019,437c05a395e9e47f9762e677a7068ce7,1
5ff3b50583f44ecf55b7e7f704ca97bd,fc1d8637c0268af3db482c14b7ef8e75,2
601bf929b8d0a8feecab068a2110ae1f,186fe07c8b8005ec6a498587ffbc1352,1
6059928162bc26ee4ab6f19bb3105d94,e94df75b2e9a8b056be0c144a731f55c,1
606441378b517f9eeb89f9154a1c4d4f,9a99bb9931fce41bda596488d0653c39,1
606441378b517f9eeb89f9154a1c4d4f,c2a1ff8408a1c857c8730e4d12da714e,1
608646d3514cc48a27d666e313cfe0cc,952670bc019a73f0933157ec82ff6e4f,1
609adc68db390a15fd21648c496f50b7,386486367c1f9d4f587a8864ccb6902b,1
609adc68db390a15fd21648c496f50b7,5bfc7506459ae2a7b4b573fe557a58e1,1
609b7feab0f0c9726929ec4891447b02,389d119b48cf3043d311335e499d9c6b,1
609b7feab0f0c9726929ec4891447b02,c4baedd846ed09b85f78a781b522f126,1
60a4bc62e8551d4e1b9322b9fae45bab,0cf13ac73dbcf6586ba63b89dd1f780a,1
60e6fe581610db699ac03fec61f4d53f,11875b30b49585209e608f40e8082e65,1
60e6fe581610db699ac03fec61f4d53f,e0d64dcfaa3b6db5c54ca298ae101d05,1
60f874c577dc096ecd52bd0bf6bd5942,6109d0cae3bcb57d579bc0fab6e61814,1
60f874c577dc096ecd52bd0bf6bd5942,8cefe1c6f2304e7e6825150218ffc58c,1
610d3e47ad4921adc40aa9fd6bbeeaa5,b84520a57891e7a8ae2c68741dcc7146,1
610d3e47ad4921adc40aa9fd6bbeeaa5,d2c7a1e57b8f3e74095798f867334b36,1
61575c95d9e40ecb8277a9cd8ace01c8,a42d9c825894f96fc6ed02610891454d,1
61575c95d9e40ecb8277a9cd8ace01c8,cec09725da5ed01471d9a505e7389d37,1
615922c430abddd368735199c38e735d,386486367c1f9d4f587a8864ccb6902b,1
615922c430abddd368735199c38e735d,9fc98e39f04be8e382d8aa5e259f5489,1
615922c430abddd368735199c38e735d,c403e106353e1aa40efe783ecb39ed7a,1
618753607eae5ce77280f5a82a2a730a,3f1361100ad34281edf04ce745f62b89,1
618753607eae5ce77280f5a82a2a730a,a39cc58c1b5926b6f9f378daa89f1315,1
618ab23cb329ac11c84bc092ddb4bf09,efcef300fe9b2c558a8ea258127f6e6f,1
618ea9a8cb3ce57899efbd62532ba6e7,777d2e438a1b645f3aec9bd57e92672c,1
618ea9a8cb3ce57899efbd62532ba6e7,a0ef8572cd061badd81ffc48dc04d1fa,1
6197167907273be5ee2c7ab59d4ec8e1,9ad75bd7267e5c724cb42c71ac56ca72,1
61a87d1f60bc64b533ae054d8291406a,b8411dee248601bc460bac8e1fb8a102,1
61b6a01709e3d754942803765b85eea6,14555ba663de8689feacf1d0819cc3b3,1
61b6a01709e3d754942803765b85eea6,1d3ecbda18167c766a3381fd16108e4a,1
61e55a4c5ac0890968648505e89a0dd5,18f6ea7e8cff29f8053baac6762449f9,1
61fe766e454d5e750b33250035b4311d,4aa6014eceb682077f9dc4bffebc05b0,1
6204c4e582a95b6a350adf6988623bfb,341d85d688ecc3353cf2a968e7ad0dbf,1
6204c4e582a95b6a350adf6988623bfb,4c3ae5db49258df0784827bdacf3b396,2
6204c4e582a95b6a350adf6988623bfb,fb7a100ec8c7b34f60cec22b1a9a10e0,2
62059f8c18d0d9915439ff6d0c0038c4,0a70bfd7366ebae1c146277751691546,1
6222ef69df52b4ed71be551725551cc0,f5d8f4fbc70ca2a0038b9a0010ed5cb0,1
623674d39fd0350df92b1f91c469ba39,83b92639fffd1d55c9e04c77c86d8d2c,1
623674d39fd0350df92b1f91c469ba39,b0c8da302d49498d2ce6be8c631e4e20,1
626eedf6e29658c310f58bca8209932d,738da8ddda2e593acfdc53c2d1520dfa,1
626eedf6e29658c310f58bca8209932d,79e42c4fa2bde6e0c828d23c4fb7df35,1
62a25a159f9fd2ab7c882d9407f49aa9,a4fdd00347db855f614a18bf51606df5,1
62b8761192c86f4ead06f4a433096a2b,59c1840441f4df065f52760bf51a8442,1
62c5a92347b894e4bd61a96ae04ae7cf,dd4c3b4ab7e001aaf385ea2e68952030,1
62e539dbae33b2188f41136488f334fe,8a5835aeef83efa6aa947f84f92deb0e,1
62e539dbae33b2188f41136488f334fe,97170c28efde1b426f1c52348fe1c086,1
62faa9161d76613338c9216581e7ee1e,61937887eb6ee0b405a5759756426486,1
630331e73a79ae9a2ba821bd326ea298,f7a17d2c51d9df89a4f1711c4ac17f33,1
630f664ac3b2844e836d10abf880cd47,cd0c6e2f80f5a0ea7e366b01bcb66154,1
63387fd3e05eab4e51cf704f233db5a2,3bf95cf337a8c87435a2949c48350fc7,1
6338ba4278cdec01ef48d5b26ae97dbc,cf1d8e226162a1d0ad61f29b7ed72d82,1
6338ba4278cdec01ef48d5b26ae97dbc,e9b3cf27d68caa64832c4a7c460abcb9,1
633aa358e90a435dc47a30af5a0a832d,fb01a5fc09b9b9563c2ee41a22f07d54,1
634368c0588a6176103e9bc00679dffc,db6796aa712a2626572bb3d0b9a039cf,1
6345e3b3ba5ee47685e29ec5febc8155,6cdd53843498f92890544667809f1595,1
636443768344855307bfe5f2f2f6ba2e,2ff995aead9c63a1f37a07b3664ead37,3
636443768344855307bfe5f2f2f6ba2e,ef66e63137bdd1b2e44aa968646fc1e3,1
63669b3731dcc014feec668c3d888aa0,288dbc06591742c5d7fe90fbfb08943e,1
63669b3731dcc014feec668c3d888aa0,72172e982e8b92155069e4201c92c0bb,1
63669b3731dcc014feec668c3d888aa0,9483476ac5b7549f7df5ff12fb6fb5d9,1
6367e14c6745a59bbda1939dec7ff914,4f2c53c9a1a7a00a247b351c1fdbed13,1
6367e14c6745a59bbda1939dec7ff914,ead3077a141a9c800d6a4bb9d0d415b6,1
636b413d6b339d4687d7f18f9d89b2f6,909b87db6cb3a7ab26bd03cc59860136,1
636b413d6b339d4687d7f18f9d89b2f6,a1a97164f38cfb98511eb68e6b40ad94,1
636f22218f8430a8463c5ddc5f68fc62,276e9ed23a30582d125743aaed57ed22,1
63adc4def3cd3c39bd83083d737d98b5,17878434ca0082537806de545c2f0351,1
63b13fc15bc8996323ba9375d95547ad,014a8a503291921f7b004a5215bb3c36,1
63b13fc15bc8996323ba9375d95547ad,3c261802e239d1f2dcda5ed49aa14220,1
63b4253e688c57bdaa18741b3fea5a01,c0abb5707b6d57b4e7d9797222a77fc8,1
63cd40f426fb131353e7383e15d95bb8,015e04445dedbd5da301ef29cbb03f83,1
63cfc61cee11cbe306bff5857d00bfe4,58efb9b638561ce132216a9a612513e2,1
63cfc61cee11cbe306bff5857d00bfe4,73ae8d8ca7df19a982c92fc1265d9e46,1
63cfc61cee11cbe306bff5857d00bfe4,c94d19d021d4a8fbae5a45f904aeea90,1
63cfc61cee11cbe306bff5857d00bfe4,f7e5d0186f539b61586d7ddd247d2996,3
63df651d5e8adb6a0e4baeb66a0eea37,b1acb7e8152c90c9619897753a75c973,1
6409bccd4062c7105e9fd94c9a72082c,7bf115809ab249f1bf0fa92d72e0baf8,1
645153adc47a2b420c17687062c364bb,53b36df67ebb7c41585e8d54d6772e08,1
645153adc47a2b420c17687062c364bb,7a10781637204d8d10485c71a6108a2e,1
64652d43a3e2bbf0ce0ac8675b21b0c8,63888810573fd78e60644cdf803cd2fa,1
64652d43a3e2bbf0ce0ac8675b21b0c8,ca8b9b8192b5fd79de43cf6480c6cdeb,1
6469f99c1f9dfae7733b25662e7f1782,36c2fb4fa746273709c373f6d6ec6796,1
6469f99c1f9dfae7733b25662e7f1782,8a443635fdf9759915c9be5be2e3b862,1
6469f99c1f9dfae7733b25662e7f1782,c211ff3068fcd2f8898192976d8b3a32,5
64a49116e11b65db66622da9e26395ce,9f890da4bf8473aca1996ca037005902,1
64a5301ff6bdaf1baa00058672402d7a,a7bcee285291a97650b40fa9fa888e4e,1
64c8d3a6569ef903436cce9508324f8a,e54464e95c9fb80e4edefa0ba49133c1,1
64e037f54b4ff31461175bcc8bd210f4,06edb72f1e0c64b14c5b79353f7abea3,1
64e037f54b4ff31461175bcc8bd210f4,29fd9022374ff3fef2e8f82c39b4133e,1
64eb50e030a9cfc25970028888990054,53759a2ecddad2bb87a079a1f1519f73,1
64eb50e030a9cfc25970028888990054,81de659bfde3389fc8614bfba92e585a,1
64eb50e030a9cfc25970028888990054,dc68ee0fcb033a1ab6714fbb5db60c15,1
6513e63443ad3306789b25a8d0c864ce,3516632e8f52b679ff83d1665ecc990e,1
6513e63443ad3306789b25a8d0c864ce,70906e04da1eebf3d1b8791bd09ffe85,1
651ed17eda0600815cf614b33c535d6b,a50acd33ba7a8da8e9db65094fa990a4,1
651ed17eda0600815cf614b33c535d6b,dfb97c88e066dc22165f31648efe1312,1
6521633c1bf78289ac3f83f40907a543,42a2bd596fda1baef5719cb74f73030c,1
6521633c1bf78289ac3f83f40907a543,98b22c1129886cbd7fcae69d1c93e442,1
6521633c1bf78289ac3f83f40907a543,99a4788cb24856965c36a24e339b6058,1
65290fc39fc326193c8a5b9c71aee62f,1600dcf1cea8c0c83702e07b577ab231,1
65290fc39fc326193c8a5b9c71aee62f,e57eb018e37376580079825eb29a3419,1
6541e9e4338ae47c96d25fa8d839efd1,9ecadb84c81da840dbf3564378b586e9,1
6559799a5cf53662f7979eeb4a8b800f,0aabfb375647d9738ad0f7b4ea3653b1,1
6559799a5cf53662f7979eeb4a8b800f,a72df9d6b4412dbd03d886846a438a3c,1
65663adf8c7a498b79e57ff84ab2b654,f9d151cf2fc10d41cce64b782856320f,1
6576977872dd65f5b680e944afe3a724,1ec486885049bbb9b79351d150ed18c4,1
657a35b64b54d9b754bbfaba56d255bc,422879e10f46682990de24d770e7f83d,1
657a35b64b54d9b754bbfaba56d255bc,ba92b5a0701d2f820ba6ca8f8c86294f,1
65859c1624b7642ec285b4a71efd9506,77115ce07da135cd94ffef9ac16bb1b5,1
65942a39d31e4aa627f0f65e0298ba2f,36f60d45225e60c7da4558b070ce4b60,1
65942a39d31e4aa627f0f65e0298ba2f,e53e557d5a159f5aa2c5e995dfdf244b,1
6594a65023bcb47539aa91b0f8e98e00,0521fe3eb04940304b489d0fb49a37dd,1
65a6ec5d6e6e86bc43a2cbf235be4675,6adab229374835b551f6402e0dc53267,1
65cb8ff2ee739f679b88f1e85abf489b,0a9bdadab17a9b0f258f64d11a0adf7b,1
65cb8ff2ee739f679b88f1e85abf489b,3eef0cb94ba82de806bb30ab743c7655,2
65d7c0904b51f5b432e71a14b25121dc,154e7e31ebfa092203795c972e5804a6,1
65d7c0904b51f5b432e71a14b25121dc,7c1bd920dbdf22470b68bde975dd3ccf,1
65e2735427dedd6a787e5b065b3cc41e,94ad63831117fac82c6054d2056ed118,1
65e2735427dedd6a787e5b065b3cc41e,bd6e6fce9ada76ea2db0f1912e8e478f,1
65ee274b862c5c053367be8a70dbc029,197cb673852389801377308c616f5738,1
662d88cbd178177a50141111d3a6932c,72c0ede833dac61a24ac9a7c394066a5,1
662d88cbd178177a50141111d3a6932c,a1bf559ac1eab015ba992bd76d9d76c7,1
664770508f06c0c2fa1c37fed04a6dd7,6cdd53843498f92890544667809f1595,1
664bec69be34f4c71e72ffc560680347,23ab7bb9eac81e85ec43ed71064cf7ce,1
664bec69be34f4c71e72ffc560680347,946344697156947d846d27fe0d503033,1
664bec69be34f4c71e72ffc560680347,ad0a798e7941f3a5a2fb8139cb62ad78,1
664fe7916cb8709c6b848383c6361dcc,9348cf658c9f20576186a9f3b82c58c3,1
665f8bbe2cf428657aeb0572c27fef58,167b4b8c4bd0c401bea62f5e050d70a4,2
66655cc85ad2fc7afa12e09ac2154a29,01ff1ff8aa5dec93e9938b989393a4ca,1
6668e1ae499e2e9be475b7f708580232,b1631003bdbc3b1e876f83a7d851d74a,1
6668e1ae499e2e9be475b7f708580232,ce066f4a83649651549d717c9b566816,2
668ddbdd3ee99d4339eadfef21531d45,bbaef2eadf31fe3ea6702077398be06c,1
66a0e4ae01e565ad721e85f287a2315e,4fcb3d9a5f4871e8362dfedbdb02b064,1
66a0e4ae01e565ad721e85f287a2315e,f4f67ccaece962d013a4e1d7dc3a61f7,1
66ae4493fc7c710a8db6d9620901f40d,da6f9d8ce4950ad572b7b4fe7d7e6c90,1
66b61fb935c16dfef3626586e128a0cd,24dd446745b812ef3347d7ae00f5541f,1
66d5f99377fe9807805f089baa65c715,4fcb3d9a5f4871e8362dfedbdb02b064,1
66d5f99377fe9807805f089baa65c715,f4f67ccaece962d013a4e1d7dc3a61f7,1
66e56177b9bf464a930e57edc3694403,35afc973633aaeb6b877ff57b2793310,1
66e56177b9bf464a930e57edc3694403,7fda46e6f8996ebe3acf684cca0124c2,1
66ffab11964dda54f46a826323635120,757e8df3e7c5c52482db573f5f368e1d,1
66ffab11964dda54f46a826323635120,fb01a5fc09b9b9563c2ee41a22f07d54,1
672b26e7ff626fde67fe227d535780ba,def59eb2e17b32b980b5341984f6b500,1
672b26e7ff626fde67fe227d535780ba,f3dadecca4b876a315481c79b8adcf16,1
67300bae399a6dbc69304829f60d9094,e3f7b3cbb0ccf1f1e361e6974b22e346,1
67390dad606d5717688d052bce46dc70,423b46d7ff817b1cd19ab195c7b76546,1
673dcf90d05656ebc9f5aa4a9709f245,04c4a4b9c924494fcf82e0fba966f955,1
6746118163577769f5bad6a82a0b0790,56cdfe67fbda57c1dcc752f5f361f981,1
6746118163577769f5bad6a82a0b0790,e53e557d5a159f5aa2c5e995dfdf244b,1
6776387bf1f560cf1ead793cfb39388e,49adae85b53072da0eb9a88c3f0d2c7b,1
6776387bf1f560cf1ead793cfb39388e,e4ad97ce352e46bebac92018f6ed976d,1
6777d4af8d5920d859e894ea694b04cb,642a40d4d73b4b2604968937de13634a,1
6777d4af8d5920d859e894ea694b04cb,7736ea239e147291f6adb766c992beb1,1
6782d39234f06de1548c8e8514082d63,31c79131e883e5fd8c4c85fe9f7d2bb2,1
6782d39234f06de1548c8e8514082d63,ef1c671d636510846d72e7aa3af1e0a5,1
67abac71486100eb7aa1139abf5f7be9,8fbcb15797c830eb81cb3368ffe4a851,1
67b5d15a0fe967c8e54f9a5d7909840b,62d8daeee0db3a60c234c2d1bfd10651,1
67b5d15a0fe967c8e54f9a5d7909840b,9cbe4a1fd4db99c14512e9b2ff033ec4,2
67bddde1844b238fe25995cde1612b4e,368c6c730842d78016ad823897a372db,1
67fcfe4915b93624867d350b8191ff7b,154e7e31ebfa092203795c972e5804a6,1
67fcfe4915b93624867d350b8191ff7b,b1acb7e8152c90c9619897753a75c973,1
6814507660c72078cbada9b3660683dd,c8a4cbaafa1f0579063ec64cf40ae153,1
6832bd3ca1bf89c9e60bf3c91d846ec9,45e967683e7292b195609137fadaf2fe,2
683459cab0129375a071efb00da7c191,0b814a3c8fa6dbb849df7c28c1bd6831,1
684fdd89d877968793cfb9c8f7ef7874,f936a018eafeb52059650c9e977b53eb,1
68519bc41532d0f1a6613d278f86a5bd,7340a3839a1de1e99d149b8cf052a2ec,1
68519bc41532d0f1a6613d278f86a5bd,7ce94ab189134e2d3c05f496d635419c,1
6856178ce177496369e3a83fd143e621,75d6b6963340c6063f7f4cfcccfe6a30,1
6856178ce177496369e3a83fd143e621,8c5876b1c7768217964f353bc7e64393,1
685fe057427e2f584aadce80ca79dd98,0b039b61011417822882815943f13dac,1
686c46ddc0828bf3c0af072c44dd96b7,9cb2ed2f273027b8daa3b0863368105c,1
6871b052a835417d6d2e11153e0d3c2c,eebbed5ed3b134eceb717496c47652ba,1
687c8082beea27b62d88da5d0885f5fa,211293b50935ced8d4370f552c482d74,1
687c8082beea27b62d88da5d0885f5fa,abaefce0c17047c6829ff4078f2005d0,1
6894b2a8a74e1c7fb9452d0cb861e634,7b5d8be0e04080e4c8ee6a7ec2f1f597,1
6894b2a8a74e1c7fb9452d0cb861e634,a22f707cfd269773138c3bf3a43f6180,1
68a86584e83424bd03a1af57d79c693f,013ee64977aaa6b2b25475095162e0e9,1
68a86584e83424bd03a1af57d79c693f,e934947ca6b64f5a6d864e21dca13b73,1
68baebb3102cf89a3f2979019e77fb54,868b3136c5b206f91b8208fbfdf2cb7c,1
68cfb2c12fe97983b3e00aac4c177eb1,4f288e27579d68e616d2712ad669f99e,1
69022d7cc8657749aeb1772c1cd8a32c,f81a1edab43cbf08299503316612bacf,1
692074726678229d1fe1887a9f0abb14,283dc451ad3918badb976d56ff887289,1
692074726678229d1fe1887a9f0abb14,31c1d1dfbb4b2730140b8bd9248bcd58,1
692074726678229d1fe1887a9f0abb14,aa36c2127048efdcd47f4ad5b6b68810,1
692074726678229d1fe1887a9f0abb14,c211ff3068fcd2f8898192976d8b3a32,1
69333c9b0482a31b66b050c1c62f8cec,56cdfe67fbda57c1dcc752f5f361f981,1
69333c9b0482a31b66b050c1c62f8cec,e53e557d5a159f5aa2c5e995dfdf244b,1
693b3203dcd4cef5288c5fd8d53f0efe,8fbcb15797c830eb81cb3368ffe4a851,1
695a739f5c0cda6f66e2e60f1fbc9e0d,98a4301b1aacd45984603af55b7a1de4,1
695a739f5c0cda6f66e2e60f1fbc9e0d,ceeb8b2d571b23399910f1b83980c973,1
695cb366a3030919b19a244401a8f017,9794fba8c8aa64ab4fece2d3cbe731e9,1
695cb366a3030919b19a244401a8f017,a45af86c4a7948f5fabbb5b0132475cd,1
695dee4c200e4cabdfdb01287f5fd29d,0521fe3eb04940304b489d0fb49a37dd,1
695dee4c200e4cabdfdb01287f5fd29d,a8075470f960215ffb67624782f80fec,1
696fca7af7f751e1749087433a92c790,11fb16e86df4d50cd2c289ede0b70f42,1
696fca7af7f751e1749087433a92c790,cf5fb18f3ac3f373759295cc8ba3e2c3,1
69768afd389429f6ec48199e5fb8e61a,0a5a41c678bcf81e041826bb24eb0b01,1
698118425f0afbd4bee557e51b6bd49b,4308439e0d80d5fe03f17ba83b57c493,1
698118425f0afbd4bee557e51b6bd49b,9275e1f75faf1d3d1f54e4cb63d12a36,1
698a9cafcc15cac8cdbaee64adc6efbe,36f60d45225e60c7da4558b070ce4b60,1
698a9cafcc15cac8cdbaee64adc6efbe,e53e557d5a159f5aa2c5e995dfdf244b,1
699003f10173022740145aa4aaeaccd5,12087840651e83b48206b82c213b76fd,1
699003f10173022740145aa4aaeaccd5,5fb1e24560c31b0eaa1911d4247187ed,1
6995203f8a5ddbd2fad3a9df1e099a51,1600dcf1cea8c0c83702e07b577ab231,1
6995203f8a5ddbd2fad3a9df1e099a51,2136c70bbe723d338fab53da3c03e6dc,1
69aab61687fa416ef601af332bd0ff0d,566837caf82af3f65421f9d9d8820a27,1
69aab61687fa416ef601af332bd0ff0d,be1c4cf8a2d2aade623eb7a646d2a0bc,1
69ba27c3df0d2752b898303dc7a32262,e8ca14b6c60a3194f2353bbfe0287bbe,3
69dc49b6115371d02775f2baabd26cfa,9a0620ddaf3055b7e588e936e036a529,1
69dc49b6115371d02775f2baabd26cfa,e61c78a7343d82c0539d27df0f7dfc31,1
69e333213f390c27d001d415de206697,6a1a04054158fe995e1688d8f79605b2,1
69e4074cb5368c1539397e4ea570757a,368c6c730842d78016ad823897a372db,1
69f2934ad8b50cc05587a94cc7d68fc9,617186c3d97ea56c9c683a8a3974e8c1,1
69f7e342c28eb22ef6845facd926e810,315c6373ff469f7b7f60bbb36c319f7b,1
6a0d68294a58730f94eab8de2abcf050,afdb06ebeca917512783bcbaa8ed28c0,1
6a2ae83cded378a462e86a2e4885e750,aca2eb7d00ea1a7b8ebd4e68314663af,1
6a2ae83cded378a462e86a2e4885e750,f4f4debbcfcafe6858d1e37a1f6e436e,1
6a2c39f27e5c40a4d2a0cd94aeb8c925,82e4ad16521ca131d95e198d507db370,1
6a2c39f27e5c40a4d2a0cd94aeb8c925,b83738ac1903f7c8f0ed378cb085909c,1
6a326dfff2d6435236a10e7ead26d1b1,228f57b1acb5bdce9401c58653c8cc14,1
6a3927ab5cce387591fcbe8740e58fb6,2ffdf10e724b958c0f7ea69e97d32f64,1
6a3927ab5cce387591fcbe8740e58fb6,bce474cc95b6e77657e10939b0b4248c,1
6a41171c962a6356e8ea95518821dd45,38ef617a023fc4398829dd8c2b9e8be6,1
6a41171c962a6356e8ea95518821dd45,ceeb8b2d571b23399910f1b83980c973,1
6a56e8e6c20175d122a962a5e5dfcf5e,09dbbe2c4f26cad4d560aea043f9632c,1
6a56e8e6c20175d122a962a5e5dfcf5e,bb7181410b4e02f93f3697f765db53c7,1
6a5b2a807a2aca962c4badc649cb40b2,a710be5818329b097a82bb26b480f5fa,1
6a5b2a807a2aca962c4badc649cb40b2,d8de812ed5d981fc6a3984f4caa2aa05,1
6a64e2cf94a5779760698c1e25a2852a,7c1bd920dbdf22470b68bde975dd3ccf,1
6a64e2cf94a5779760698c1e25a2852a,b1acb7e8152c90c9619897753a75c973,1
6a6a7141119ceaeca4dfbae7a580a515,6d83ca45d94919027131b87caf3b2a6c,1
6a7e7be8e652da4e4777866459f9b007,d8de812ed5d981fc6a3984f4caa2aa05,1
6a7e7be8e652da4e4777866459f9b007,f9259c9e7c0f12c70f7a81409680a5ff,1
6a8ba9ca06038b014b687c42f4e00f3e,a6883f92891e256b926bf8b9c40fbe9f,1
6a8ba9ca06038b014b687c42f4e00f3e,e1bf2f209fd2b08e1af3ed71732d9008,1
6a9e15d6fa8ce1cabf193c21aa577f64,5be51b87d3f543e942bb8299c5bd4423,1
6a9e15d6fa8ce1cabf193c21aa577f64,616042729c11849827291496b18e9ec5,1
6aa14366984bcc5f1ea760928283d451,7ac5f520abfc0589418bc7c76cea7a7c,1
6aa2294d9975e319365a586ba919de73,130482add9fd75ccb6c57ba007694a2d,1
6aa2294d9975e319365a586ba919de73,826f5b971a308b08c7596b03ae80246f,1
6ac3770209c7cf2e5b54d47abb41063a,810e2944bca9850b934e1570ba372e7d,1
6afe12a6671753d4c6e52acc8438910b,0152f69b6cf919bcdaf117aa8c43e5a2,1
6afe12a6671753d4c6e52acc8438910b,47ea90e9a2976bc290c3cdf3b5e0573d,1
6b1b676621a55a12546f8eeeaa12d4a7,c7fd13b5e515bffdab855d0812842edb,2
6b27bfed0a7785feb3bb08725e057947,d2f5484cbffe4ca766301b21ab9246dd,1
6b46cfed037b73c631cf418c96169857,380b4664ba5bb18cc9db78ee6bac3558,1
6b46cfed037b73c631cf418c96169857,c708ba7c6269161f89ce0683cdd7c432,1
6b52d110f5167aabb2811d2bab2bc8cd,a84d0660dbffebf352aefbf1a6b18d00,1
6b663f38a6b717c09f4dca07f546fe4b,69455f41626a745aea9ee9164cb9eafd,1
6b88451897a1732390441060cbb92f0a,014a8a503291921f7b004a5215bb3c36,1
6b88451897a1732390441060cbb92f0a,14dffa241a078aeaebaef48a49e807ca,1
6b8941cebbb590b81f8fb7aeb5acf048,fc5dd987f12a7b823a76a44aa1ba88f6,1
6ba5b2dcb81470882212da717a171539,23ab7bb9eac81e85ec43ed71064cf7ce,1
6ba5b2dcb81470882212da717a171539,946344697156947d846d27fe0d503033,1
6ba5b2dcb81470882212da717a171539,ad0a798e7941f3a5a2fb8139cb62ad78,1
6ba5b2dcb81470882212da717a171539,b0c89945c034268074f5f80b362bda34,1
6ba5b2dcb81470882212da717a171539,fbce4c4cb307679d89a3bf3d3bb353b9,1
6bb0bebc0758e1a834cb5bf96b6d8feb,f71a7c95a86564873cd996896b2976f6,1
6bb535b0906b43e0041916897667aeed,c7fd13b5e515bffdab855d0812842edb,2
6bbed249de21777c6f7d5074e6c469e9,371c121dc86b3821f720e7dbe1928207,1
6bbed249de21777c6f7d5074e6c469e9,5f439ff2783a474946e17badd77aea1c,1
6bcce41d3b905cf26ad66b9fe760bbc0,e2f1ccf86759df28dd1e9f2e0e3242d4,1
6bcce41d3b905cf26ad66b9fe760bbc0,eb9b44e05684527fbfdfd0ff5cb86250,1
6bd33258105ef24dbf6d82bb7e3a06b2,d5140e1d258c83a340419c6522c7da22,1
6be28ae15cd1e7b3f3f36ac483512822,056d012d264624accb7f73d31caee034,1
6be28ae15cd1e7b3f3f36ac483512822,35afc973633aaeb6b877ff57b2793310,1
6be28ae15cd1e7b3f3f36ac483512822,99a4788cb24856965c36a24e339b6058,1
6bf558c1aae5004b6a410c3294c5e119,4231002e80d2a25aed31d65b4b91f479,1
6bf558c1aae5004b6a410c3294c5e119,a54f350cdb1f303fe39221171d003852,1
6c005d6d2d21634f3eabb0720c780d75,38ad86e536a0e27c5a4d2dc30964259d,1
6c005d6d2d21634f3eabb0720c780d75,84d2057bc1f88332d0892eea0e997d28,1
6c5524784076044070d9fe6cf151912d,2028bf1b01cafb2d2b1901fca4083222,1
6c5524784076044070d9fe6cf151912d,87cb507e0daa37bbf34956fd59eba832,1
6c9c4be72fee6872d9af6242374dcb66,4858799008e3cd4fcab9c61fbc63a2a0,1
6ca6ba9784c299b15a7ffdda7bae2927,d5991653e037ccb7af6ed7d94246b249,1
6caedf47165dd303190404ba0d47e802,5eedf4c1aa6ce63c49b7e0c547bf0ad9,1
6cbc5455e3a1b9e6daa771ef6f03b0a5,57c580a8fbf3d8374b06bee7b6f4ce31,1
6cde5e3f4698cf57292f0096633a516e,741a31499a578979be85db7f80139e62,1
6cde5e3f4698cf57292f0096633a516e,8338cef8355d238f43711dcb9c0657b2,1
6cf5a61d865d979d060812cdb48ce484,a4c7e73a8ce075149b5f6592fdd29367,1
6cf5a61d865d979d060812cdb48ce484,fe077ec80df6b4ee60bb4498d5ab1962,1
6cff9b48c421876c5595aad7913b4806,165f86fe8b799a708a20ee4ba125c289,1
6d06d8848091c6055d728ba3ec366536,09c3a2ea33f044aebffecd6681e00133,1
6d0d423516a68d7b751cdab41deb0539,086351823300e0339f6955b27998c186,1
6d0d423516a68d7b751cdab41deb0539,95ec3f7e237a87df9935a570ab6ef266,1
6d3d5771a12f5e7d00729f940bb28fd2,08574b074924071f4e201e151b152b4e,1
6d3d5771a12f5e7d00729f940bb28fd2,574597aaf385996112490308e37399ce,1
6d63baa010a3cc40160c265a6338464e,c18dfe3165eaa55de9ec8f462cd7556f,1
6d74740d498504341df1e7f104daebf0,4d9e8a6d8d07e4f47e093b8c2999ae01,1
6d97028799b1d0a91160e11d45cfeb7b,c403e106353e1aa40efe783ecb39ed7a,1
6d983c87bdeb0ca15734c8bdaa79a2ea,f71c0f4ee48321ba6b82205b2fc9e08f,1
6d9cdc2c73e65c443351811fb9039bfa,36f60d45225e60c7da4558b070ce4b60,1
6d9cdc2c73e65c443351811fb9039bfa,e53e557d5a159f5aa2c5e995dfdf244b,1
6dcf48fcc0c4d96dd7af8a0897ae9de8,812f428f6757ab16c46cffc68f2e90c5,5
6de06281a46d0d459dbe284683e0134c,dd768d259ee6054e0dadd66c8e2be0b6,1
6e10d6571ddd6b7b58d61e4d5e7dde95,183c95ad186f48c320bbac4643829d3f,1
6e10d6571ddd6b7b58d61e4d5e7dde95,952e73f7e8bee61569a32b35c19bc981,2
6e1512c1c3221bd24fa4848202727ab3,29427de7f8a9ee983d9dbc51cec569b4,1
6e1550b8966f327f29bc06b18972dbec,e5eadf9be70a4a9fa514019542fc330a,1
6e26bbeaa107ec34112c64e1ee31c0f5,473795a355d29305c3ea6b156833adf5,1
6e2f539e9e0e323859a81079581db712,75c06ee06b201f9b6301d2b5e72993f8,1
6e2f539e9e0e323859a81079581db712,9007d9a8a0d332c61d9dd611fa341f4b,2
6e3b6d57d3e6ad68922e283f89b22290,668e8ee8f69c3545109fc40f72336e8f,1
6e3b6d57d3e6ad68922e283f89b22290,81a3d1dc085d3226530f23cd4af5030b,1
6e5dd140cba7cbcb0c66aaff5e796786,29427de7f8a9ee983d9dbc51cec569b4,1
6e5dd140cba7cbcb0c66aaff5e796786,b77ae16cc8f67cd1c0ec781d5bf4da2b,1
6e620488162fe1129d32f26b751d770a,9f7b48e2d4e4d7375f71a10791faa1b8,2
6e8743c0e88d51e1e7b2455707e209e4,2ff995aead9c63a1f37a07b3664ead37,1
6e8743c0e88d51e1e7b2455707e209e4,4563095e06df1fa67de2eade86f4f01b,1
6e968652933d10e7a77047574d87e54a,ae27a5524edb2c8dc4656c670f458fb7,1
6ebb1ed7033f7f9f97270661d5660b6f,15fdd6032f35d4add5066fb90be28630,1
6ebb1ed7033f7f9f97270661d5660b6f,562502b79845deae9bcd86384921a2c5,1
6ecae395621d20aca9711709fedacade,5d5288d3096b9becaa3566f64fe88110,1
6ecae395621d20aca9711709fedacade,e44f675b60b3a3a2453ec36421e06f0f,1
6eee2898ad3dbd63c5f512b4423e2fd7,8e382dedd9ae71943f9a70f6725b748f,1
6eefa309faab7725bf4b9dce147e4ae6,7c4a8bec217df1de0df2b5aaf8175b65,1
6ef4101366e4340921398ba91fff1426,5bfc7506459ae2a7b4b573fe557a58e1,1
6efb7dc38e85a310c7e72b291d947fcf,f48eb5c2fde13ca63664f0bb05f55346,1
6f1b9f60ea8ee748140353648c2d8d8f,24fffbd0188d2b7ceb351214c514b28c,1
6f1b9f60ea8ee748140353648c2d8d8f,78119fbfa709d07b86f5ccf15043c6d6,1
6f36e0165218ac7ae521d8e44739e703,42a2efd39155b59e16bac90081495285,1
6f36e0165218ac7ae521d8e44739e703,c3097e07a0a5de0d4b4c836d90c5a284,1
6f453891a4b53a9c39319eb4e817aa18,e389381479408ccdcdd406d8d3049e45,2
6f5b9a8b6c5eda945113bdf468529a29,820e8f306dc9ffcf6d0957516084cca1,1
6f5c52ea47e32b73958b0ac0f3c34e88,134a6fc4a713a799266ebd6a4f4008d4,1
6f5c52ea47e32b73958b0ac0f3c34e88,c50ca07e9e4db9ea5011f06802c0aea0,1
6f64406ed5cfa4a2d9bd35e91bfd6587,87c9f9f88ecd5b9de26a0a61e06e1d67,1
6f64406ed5cfa4a2d9bd35e91bfd6587,a869ec6209c361ca46dad85a5530e119,2
6f65f19c2dcfcab8b76b2fafb5b840e1,81e32892fb8587aa24b175d42bb6bfcc,1
6f6abab6ce3577a7a1bf6f5c6a64f9b7,87283a98b24f9f1ac3a31b631073cf47,1
6f90ec5150be36c4475835b5941ab56f,7721582bb750762d81850267d19881c1,3
6faa792efdf7c9c6eb7cfdf68aa5e581,2b4609f8948be18874494203496bc318,1
6fc92189a4d83f8f8eb046b050ce8687,2481a472d98c582b46bc2dfeae6f539f,1
6fc92189a4d83f8f8eb046b050ce8687,f1c7f353075ce59d8a6f3cf58f419c9c,1
6fda7543bb462d03677057ffb9956e93,fbce4c4cb307679d89a3bf3d3bb353b9,1
6fddad01fc95963a667e3d96d751d051,2028bf1b01cafb2d2b1901fca4083222,1
6fddad01fc95963a667e3d96d751d051,ee0c1cf2fbeae95205b4aa506f1469f0,1
6fe09f77ec8e29ed4e619c6841f6479b,9c422a519119dcad7575db5af1ba540e,1
6fe09f77ec8e29ed4e619c6841f6479b,db5efde3ad0cc579b130d71c4b2db522,1
6ff4f4fcdadf8410fcae5bad48d7044d,36f60d45225e60c7da4558b070ce4b60,1
6ff4f4fcdadf8410fcae5bad48d7044d,e53e557d5a159f5aa2c5e995dfdf244b,1
6ffbd33f8e881a046e7bdd228ce90c8a,eff955ba97941dc6837a770367d66944,1
70115d0e9a0d564ff0bb0315ccaae0eb,0bcc3eeca39e1064258aa1e932269894,1
70115d0e9a0d564ff0bb0315ccaae0eb,422879e10f46682990de24d770e7f83d,1
70167d9510c6f54bd29bbffd0f4d9e90,ffd4bf4306745865e5692f69bd237893,1
703ad0f8e84588554b834ea24c894ea5,777d2e438a1b645f3aec9bd57e92672c,1
703d68159ad7ef05ffb804d0fccedfcb,88e84a987b4681434dedc0bc9e00826b,1
703d68159ad7ef05ffb804d0fccedfcb,d04bbac48960ecb7ea311b00ca6e1cb7,1
70457f5d80967f5f4083e0cde7e89ab6,b7d94dc0640c7025dc8e3b46b52d8239,1
704d4446bffad3f1d6b73a58426af36a,12fd8665371236b5b586ea4e448902c8,1
704d4446bffad3f1d6b73a58426af36a,e33df02e384487f2bcd3788619f89215,1
7053b255a7dc04c16609c23f9b5d11c0,84d2057bc1f88332d0892eea0e997d28,1
7053b255a7dc04c16609c23f9b5d11c0,c1f5307decb89342351bec53668cffd9,1
70601471b692cc0879300373118041ff,173d5a1b6c4ea4f41aafca840646d240,1
7063b55fee699193fd5e44253a7e4a98,1dc7685f4fdb9622d84ae2ec658d5bbf,1
7063b55fee699193fd5e44253a7e4a98,e256d05115f9eb3766f3ab752132a4e2,1
706c6cfe5101366f274a332a11671fa2,104b9503ee57d0aa2cd3a6448f242636,1
706c6cfe5101366f274a332a11671fa2,84c79830527ae823029ee6b904cf948c,1
70755e5b9df5988f592f3dec6279f1be,154e7e31ebfa092203795c972e5804a6,1
70755e5b9df5988f592f3dec6279f1be,2b4609f8948be18874494203496bc318,1
70a53a86220b0f7a5e59484ccfc7722a,98d61056e0568ba048e5d78038790e77,1
70a53a86220b0f7a5e59484ccfc7722a,a50acd33ba7a8da8e9db65094fa990a4,1
70aa9ef908248a2ec9e03b77ce1ff357,d2b0f9cd5e31ed47dbf92b157c0cda96,1
70ad91901ad4330af432978ff134fc6f,98a4301b1aacd45984603af55b7a1de4,5
70ad91901ad4330af432978ff134fc6f,a06766fec51c96d4d0bce282906735eb,5
70ad91901ad4330af432978ff134fc6f,c18dfe3165eaa55de9ec8f462cd7556f,1
70c976663a07ebfd35d81c6179258391,36f60d45225e60c7da4558b070ce4b60,1
70c976663a07ebfd35d81c6179258391,3f14d740544f37ece8a9e7bc8349797e,1
70f0fca2435f0fa72fe85699630791fc,404a57563d487aecbc2b1a01d9b89aab,1
70fc429b7bf128070c74d50e27d0c6a2,1427b126f61597524866770b05d4eed2,1
70fc429b7bf128070c74d50e27d0c6a2,5526b1ae9ab2688cf600783cece249df,1
7101512429309e75acf4faaee55e5af0,53759a2ecddad2bb87a079a1f1519f73,1
7101512429309e75acf4faaee55e5af0,b0961721fd839e9982420e807758a2a6,1
71136ba93ec2a882f2f96f59a419f640,914c9e9af640dd56f48764a225b00f89,1
711d3f9ea406a09e7f0ee3a0416e8dc7,1ebde342c905182ffc07333fc569c590,1
711d3f9ea406a09e7f0ee3a0416e8dc7,9a469eaf45dfbc43d39ba1977a3c07af,1
712c4abfd9b054e7872aad2021a4aee3,1dc7685f4fdb9622d84ae2ec658d5bbf,1
712c4abfd9b054e7872aad2021a4aee3,e256d05115f9eb3766f3ab752132a4e2,1
71511cfecc25f72fa3b05fd5795a3cd2,5a848e4ab52fd5445cdc07aab1c40e48,1
71709a152a5e4397c71820a119ac38e4,98b22c1129886cbd7fcae69d1c93e442,1
71709a152a5e4397c71820a119ac38e4,f2f411f86bd5bd427e28e2a30771761f,1
718d5855edf637b8e2f213db87dab93d,3db75f31b76375c502f64d550dcd1166,1
719268f22cb2d1632471b52cfddcb420,8e7ec8bbc0989d1ccbe6971f239eae9a,1
719268f22cb2d1632471b52cfddcb420,a6883f92891e256b926bf8b9c40fbe9f,1
719b416ebeb9f51638f343c4cc19f742,b84520a57891e7a8ae2c68741dcc7146,1
719b758d12e3c1f243c66bf47b488be1,90ef6790cfc145cf45f9c476d1f47af0,1
71a26c172a544ccc789674f1fab9d951,c9e5a053551073d27ded320bd05971b4,1
71a26c172a544ccc789674f1fab9d951,e1bf2f209fd2b08e1af3ed71732d9008,1
71b76805a1f54648a44fc6d9ca8a0c60,e5ea77a1575b40961598bca64f081976,1
71b76805a1f54648a44fc6d9ca8a0c60,f2e53dd1670f3c376518263b3f71424d,1
71be782fe7de27253a0a3b8323ab67b8,c03d44fcdfabbabd5185c8eb60f77aea,1
71be782fe7de27253a0a3b8323ab67b8,c43ab4269cbf91b373263db4c2973cad,1
71d790b151c0349e5f5b2fbb4fbe1321,3fbc0ef745950c7932d5f2a446189725,1
71d790b151c0349e5f5b2fbb4fbe1321,aba92acbdc38cb3a656015d4fa601a23,3
71e1f051740a6d2fcdc204e989035526,5a3320037d5922a7708647c81ecc1f15,1
71e1f051740a6d2fcdc204e989035526,83bfae859f4a37b048a3abcecb17c506,1
71f88e06eb78302859a034cd7d1877a1,13db47eae724e2848e12b71a617a3a41,1
71f88e06eb78302859a034cd7d1877a1,7814c273ab16783d73a9863ebfa8b141,1
71fd4b8ba810c0b2bcddcebf0fbd159c,7c65bcd66be0ad761948bfeda4e7bd2f,1
72018bf053f2e1a34052550cf276b030,a237de12bdf0bfe4fe220bae65a89731,1
72061fff095d8325b311ea24e2f4a2b5,704ef63ad0ac345842ea734060a83db2,2
720cfa0a58ece73114a3f78d2f8760c5,9d395a6bc9dbad2dfe60c8c92d8df397,1
721cd98006f87bb6fb104f620fc0979c,6c81db10f914c4d032b14fa93aa0a818,1
7228928ea2429a6e7ccd7efd24789266,5d790355cbeded0cd60e25cbc4c527a2,1
7228928ea2429a6e7ccd7efd24789266,5fc3e6a4b52b0c414458104ed4037f1c,2
722b1837fb9030936fd0529864ce186d,962a6951154f98f2c8e9a5b8b2bcf4a9,2
722b1837fb9030936fd0529864ce186d,cfe9e8e1f0400c8cc665d41722f34086,1
72b1bbfa82e60f786b639a6739a35c19,6d3d8ade6b793a08b041b6bc653c08ca,2
72bd8ec700eb4e8b39ff2fa3b8f79de6,b0c2a004d315a5ba0b19584393ac478c,1
72d00a8f1948970fda6f797912a19f66,c211ff3068fcd2f8898192976d8b3a32,1
72d00a8f1948970fda6f797912a19f66,e034c021254ff4d8da4e936e047967af,1
72d1adc072dddac82d57953a3930108a,b2855c4e42b8a50f359904c6763eeddc,1
72d1adc072dddac82d57953a3930108a,fb6782985a98aa8a59238f58239f6f1e,1
72e79d08a90aa4e10f7e5aa76e65b258,f9259c9e7c0f12c70f7a81409680a5ff,1
72e79d08a90aa4e10f7e5aa76e65b258,fecf6223a3494f35362f670e571d2a04,1
72ff384d757b9a86b989214e8801b21f,120fa011365fc39efe382cba4e50999e,1
72ff384d757b9a86b989214e8801b21f,372645c7439f9661fbbacfd129aa92ec,2
7301a2206e9f7e6beb6b92f627f1799d,d1c427060a0f73f6b889a5c7c61f2ac4,2
7305430719d715992b00be82af4a6aa8,553e0e7590d3116a072507a3635d2877,1
7305430719d715992b00be82af4a6aa8,952670bc019a73f0933157ec82ff6e4f,1
730e4b7ede33b484516435d39ab4dc49,52c80cedd4e90108bf4fa6a206ef6b03,1
730e4b7ede33b484516435d39ab4dc49,d1c427060a0f73f6b889a5c7c61f2ac4,1
7311b47a208b4f5af09ccc62fafea9e2,7686fe49c98ae1c537b5cc51992f5d20,1
7311b47a208b4f5af09ccc62fafea9e2,9ddc4249779322828f89d2a9c04f7ee1,1
7318e930c076a8a743b9aaa5de67ac78,2481a472d98c582b46bc2dfeae6f539f,1
731b6314516a598385b99728a73345ec,10adb53d8faa890ca7c2f0cbcb68d777,1
731ea3afd190908a9cbed04f42aa51e2,42a2bd596fda1baef5719cb74f73030c,1
731ea3afd190908a9cbed04f42aa51e2,98b22c1129886cbd7fcae69d1c93e442,1
731ea3afd190908a9cbed04f42aa51e2,af0a917aec9cea3b353ece61a8825326,1
7330a3475a2c65878c2c9b95266bef04,046eee903d62294ffad4e38ae6aa730e,1
7330a3475a2c65878c2c9b95266bef04,1d4de03a6141ce2a2ae5a97f51cabb37,1
733c1ae88295f97fe2dfb1b27739e813,2ea92fab7565c4fe9f91a5e4e1756258,1
7370a0c1920f4a92e1f09463099e9b42,0fc6914383c2bea767a9562c9d8b43a1,1
7370a0c1920f4a92e1f09463099e9b42,a35a9f46dcee0a67c8c7ad8493eb4135,1
737d1b3cd48d4ac3574eab1120cd7191,c7bcab3a7039340cf46705f43bab3ee2,1
737d1b3cd48d4ac3574eab1120cd7191,e4bc98f06b9893b763bb17a152219b87,1
738ffcf1017b584e9d2684b36e07469c,a72209f6ea270769cecf0ed4168d3893,1
738ffcf1017b584e9d2684b36e07469c,b5adf7b72a7eb667aafd446581c35f3f,1
7395a64f37a30f9827ca4d8292b484e8,b1acb7e8152c90c9619897753a75c973,1
73b1470cd1a6813c6a7683ffd1486698,839321c2db7b3b3eaff4944c3b052ecd,1
73b1470cd1a6813c6a7683ffd1486698,c1dfd7dc17df380ed269d0fc905f6e22,1
73b78f75df448f01b52aee67c38e1b4d,368c6c730842d78016ad823897a372db,1
73b78f75df448f01b52aee67c38e1b4d,389d119b48cf3043d311335e499d9c6b,1
73e36e84433216c72ad58b4a63655fb4,6b00cb3fe05c73d0acef3fd949a34c0f,1
73e36e84433216c72ad58b4a63655fb4,e3af4b7c220aca1535b34416de24dfb7,1
73f543ac7cc557af011be584a4dde8af,349ce46a0e2e20054aa9d80c48af8816,1
73f543ac7cc557af011be584a4dde8af,8af5b5f4f89849cc4dce36dee73dd9de,1
740b9a28b39035534bf3425b19016263,23bcd6822a33df5534f9b290216eec1f,1
740b9a28b39035534bf3425b19016263,fecf6223a3494f35362f670e571d2a04,1
742cd859b972c6c17ec43070d8c3078c,a09fb9f597a4b8a13ab0c72d70c77081,1
742e8f4db90f93804a21be643fc3ef18,2669a9fe1aaf6cb29071f8f866014afc,1
742e8f4db90f93804a21be643fc3ef18,73bcea88583002fe12b7399af4ae60da,1
743b6b21edcc4f0a9be82e591187e0a8,cb92637d91f8267856d2143b6fc7bd9e,1
7441ce776af8da3b9df3d3f3c1e13ab1,2028bf1b01cafb2d2b1901fca4083222,1
7441ce776af8da3b9df3d3f3c1e13ab1,38b5079a807bb9f22ddfa46f929accee,1
744fb2d41ededa16d3f703b7065b234c,18b0e642cbae7251e60a64aa07dd9eb9,1
744fb2d41ededa16d3f703b7065b234c,283dc451ad3918badb976d56ff887289,2
747a3bde8936cc5b862993e65c1b5a48,368c6c730842d78016ad823897a372db,1
747a3bde8936cc5b862993e65c1b5a48,53759a2ecddad2bb87a079a1f1519f73,1
747f419f11717e7a52d1175315a2365b,372124d6931c4bc48dd0d56075ebee7c,1
747f419f11717e7a52d1175315a2365b,f4d705aa95ccca448e5b0deb6e5290ba,1
749546bdf8a090828900765d7ae56fb2,a9f480bfc49f0b85e8394e1cdf685b4e,1
749546bdf8a090828900765d7ae56fb2,c25174e1e4fd7fe5c3420869d61fe2a6,1
74960d21c8da9a825f5f24d81fdc7d7d,42697582a754e573f9e3e9e78752252c,1
74ba3ec548ea09a1df6d06fd31072d71,2e511b5741ab14e7f5294df6f1310b03,1
74ba3ec548ea09a1df6d06fd31072d71,70906e04da1eebf3d1b8791bd09ffe85,1
74c96c31328cf7c44203fa3308421aef,b5e13c9a353102f79c6206ff5cb61a50,1
74cb1ad7e6d5674325c1f99b5ea30d82,0b814a3c8fa6dbb849df7c28c1bd6831,1
74ef2468836d147c610bc829ecd77677,a92930c327948861c015c919a0bcb4a8,1
74ef2468836d147c610bc829ecd77677,dc52f0f5d3ec37a93eaf956cde4e5d2c,1
74fe4e106702770ef728399ce5da503a,dab2413ead0edda9967edbc9bda2a64e,2
750550f1fbf777d9383acb856bc593dd,36f60d45225e60c7da4558b070ce4b60,1
750550f1fbf777d9383acb856bc593dd,3f14d740544f37ece8a9e7bc8349797e,1
752b204b9bbb2d9e3eb29b58059f7e17,4167a7ae0930579d1f27d465a1a042f0,1
752b204b9bbb2d9e3eb29b58059f7e17,c589625c8ccc7bfd2e8f1fb041e24c4a,1
753aed13adf95f597a521544d58c2a6b,3685c687db4b3d2da5085d23b408e93a,1
754f0aa37a9a58685e42e70973bc511c,11875b30b49585209e608f40e8082e65,1
7588c20c457369de8caad958afc1cc06,027cdd14a677a5834bc67a9789db5021,1
7589544c08cc5de364cad85ee73f4b63,68bf2e76db1d8e846042e54da87399ca,1
7589544c08cc5de364cad85ee73f4b63,ec2d43cc59763ec91694573b31f1c29a,1
7599dea7f7520c8c37351721ad6870de,c73628b1c3144b2e0c9c88072f21a213,1
75a2adfe9f86d401f24b5fe2eb9a582c,7094fadc9773845c7d453e51b04289a8,1
75a2adfe9f86d401f24b5fe2eb9a582c,e4c7ed7a832858c17d60ad5e38b00aba,1
75a398e43d9757a4f7d6f622aeb22c47,35ebf08a93899d44e756809e11b14754,1
75ac010c4a24b22c13f45dbb0d308459,eb8c629f70275fd1c4f809116cce1efc,3
75b45ab225bf88fdd7f432507030a4b8,9a99bb9931fce41bda596488d0653c39,1
75b45ab225bf88fdd7f432507030a4b8,b09790edda54333116f9cf1decc580a1,1
75bbb6b481a1df1689bb769e63ec3acb,154e7e31ebfa092203795c972e5804a6,1
75bbb6b481a1df1689bb769e63ec3acb,2b4609f8948be18874494203496bc318,1
75c7cb4037146f5c8e95ade4214396c5,981f6a96c09b7d28e5c5f2fbb282fcde,1
75c7cb4037146f5c8e95ade4214396c5,a04087ab6a96ffa041f8a2701a72b616,1
75e750a6279d55f7137bb9e9bb8662cf,fb55982be901439613a95940feefd9ee,1
75eacb17f5ef482c37c7b7903f014ece,78efe838c04bbc568be034082200ac20,1
75fd60b26fd8ec7f00dff3a5dede2c77,a9516a079e37a9c9c36b9b78b10169e8,1
75ff587e87e047a7e00f75bbcab17c00,c5d8b84a90f73bd09c30e71e76caaa11,1
760aa83faf9321a80f455369d7339a0a,9b6ee5c8c553ff804dc0b0c2d06baa49,1
760aa83faf9321a80f455369d7339a0a,ae083e4a334a4210ae0ef7323f1584c5,1
763537fbd8173d949ea5b3da1d1461b7,5d790355cbeded0cd60e25cbc4c527a2,1
763537fbd8173d949ea5b3da1d1461b7,5fc3e6a4b52b0c414458104ed4037f1c,2
763acdbb0aa14dcd7af34f6af4539267,33b9801fec06f14bb7d33af01769bb3f,1
7647c15a4f2e66304c91fcf86573a2a3,35afc973633aaeb6b877ff57b2793310,1
7647c15a4f2e66304c91fcf86573a2a3,99a4788cb24856965c36a24e339b6058,1
767d7041157e4515032f24e3634ed01e,1aa2ed670a95e9f475723707a7c3f386,1
769de7c55f035c3f3575750bcc242c87,cb584c49f570fef84e71a4297652bd48,1
76a0491dd70c125840fa259f00dfc351,389d119b48cf3043d311335e499d9c6b,1
76a0491dd70c125840fa259f00dfc351,422879e10f46682990de24d770e7f83d,1
76a0491dd70c125840fa259f00dfc351,c6e3c9a59b663e36a8b95b2dde81fa33,1
76b029c87118a29f2e3de420f5ec2fa2,c5b72065154ec27c2d1ed8a654c3348f,1
76b61cd27ca2933a2bd2669762fb229a,f2d649f157cebee085ed738f23d5d6b7,1
76c9a12722537319e44c31e70b7815c3,07bcd890d449e493b4ec23d05a9e40ee,1
76c9a12722537319e44c31e70b7815c3,b746f0f77468910428130facb2ee2d1f,1
76d1df67cfa34a2c4606537d54aea0f8,6490b9f63b0b595e1c1402b46b0f50ad,1
76d1df67cfa34a2c4606537d54aea0f8,a7c73814e6894bc049f7aac7d37f7175,1
76f7d40948174f5cde0fcf8e6147b59d,704ef63ad0ac345842ea734060a83db2,2
76f7d40948174f5cde0fcf8e6147b59d,90ef6790cfc145cf45f9c476d1f47af0,2
76ffb5b3f1186c6c8022f6047ae9ead5,6ed0ed10d62b45f3de46933b0b2989a6,1
770c46cc8437a67264254f23c1786b97,1fe8e6e01596885617fa1c90d29c2f81,1
770c46cc8437a67264254f23c1786b97,44f90f085c7a825863cbf867990e1513,1
770c6c524fc389b4cab878d19703745d,b68cf84ede4fd1e14b1740de5b727d55,1
7711aeff24a2999a4c85ed6eaa15ace5,bc055ae94989497c0d66bfa4263ccf61,1
771f344c1ac13d8ccdf2d14c48e2c6c3,4ac50dbde931c0a5ed8c33d3dc047351,1
772c4d116b85873c6d1b797314b70c4c,e4bc98f06b9893b763bb17a152219b87,1
772d34fd17482b75a4e3e1f59db60f27,afbe1e973aefbf72a330e3bc72d4b476,1
773427e58e9396f234a16271a8fa4947,bb50f2e236e5eea0100680137654686c,1
773427e58e9396f234a16271a8fa4947,bdcf6a834e8faa30dac3886c7a58e92e,1
77510eadced051a2e5419ba684946998,99a4788cb24856965c36a24e339b6058,1
7779fdf670bfe673e064b9aa5447674e,50b671fa06a05828948cd518088eba27,1
7779fdf670bfe673e064b9aa5447674e,9b968712a8768d8e23318f73476af1a3,1
777f49cd884e35d4f7983f59f5fc6c98,79706e79825f7409ef032653a271fba2,1
779069c1936428d7f521e4c1b8f958de,5bd7e57735a44e529bf066fee83a9c60,1
779069c1936428d7f521e4c1b8f958de,8b51c6ccc9c0548c951214e1cd1547ff,1
779f7ec7155dfd74a8425e40c4d34497,0a57f7d2c983bcf8188589a5fea4a8da,1
779f7ec7155dfd74a8425e40c4d34497,936a034fe3b07b7ae7c87fc8ceb0749d,1
77d4f556ebda0b4b6afb35ee72a5c902,40cb7bb3d30559b9b6c4fb62bc837962,1
77d4f556ebda0b4b6afb35ee72a5c902,b74d57e3377dd78aace6d070fc48cc88,1
7823a8988612aff9a03896c51e2c5f7b,8bab563be2e3316280e3990af91da7b7,1
7836f08f708ea6b6c44204ea95a1e4b0,10adb53d8faa890ca7c2f0cbcb68d777,1
7849336c1b7785f258ffef06aedbd216,722dc14e0848efdb771dca6de2929c41,1
78558d2f6ab7a08ac122cf5d08afe919,aeb2f7fc62c8a2a56ae6e2f1b04d4e62,1
786165c8823a3fd635edab35df391d27,25f86162fee18735fffdb762dcb10d7c,1
786165c8823a3fd635edab35df391d27,3cb39171fd36c50097f2dedbbe0dfe6e,1
78688a96aec00274a6fb74f373c75a69,34dabb8af33b3756cf72df05fb327011,1
78688a96aec00274a6fb74f373c75a69,7f1a77bec0639e473392e91a504272a5,1
786df84733884f34d941092d794dcee7,810cb3c5af006624fa32d362077af85f,1
787870a8d022009385fc9fbcbcc3a64e,ac2c77058e1e5ec1eda726fe7358ef2f,1
788a2f679187362222b67dfe89da6c1a,cce679660c66e6fbd5c8091dfd29e9cd,1
788a2f679187362222b67dfe89da6c1a,cf6514025ef5d3a93d69d2a7bfa4036b,1
78a038d19f31c40c5dd68c112ca00ad1,387e781bdd254dd8821e6194af0fa8d7,1
78b47e917e6732e91b9fd5e23205b830,6df3e292ba834323d4d8164d4c88e698,1
78b5cbc4b9ad61445b6609593addca37,5a848e4ab52fd5445cdc07aab1c40e48,1
78b5cbc4b9ad61445b6609593addca37,99a4788cb24856965c36a24e339b6058,1
78bf4d6b5371ae61bdfd442f64a1e881,617186c3d97ea56c9c683a8a3974e8c1,1
78c5f76b60a3a2588635aadc70e34df7,154e7e31ebfa092203795c972e5804a6,1
78c5f76b60a3a2588635aadc70e34df7,2b4609f8948be18874494203496bc318,1
78d4b99ae47914661abd3c888cb94efb,400e2ea46d0af06d91c744b624ed8a59,1
78d665ab97fb0bfd754a20a48476c4e7,5f504b3a1c75b73d6151be81eb05bdc9,1
78d79858662c99b94b69547d9f80e061,7aa09531577c4f30eaf1f6cbe61f6536,1
78dc91ac9a6fece2e327f74e96cac0b0,84f456958365164420cfc80fbe4c7fab,1
78e17eaaec7dac296bcdb67ae8a44405,9a98180ffbd0765e89f11cc8dd2385f4,1
78e33e5734c2ff3703426bc781471ce9,6af89b97a841482f79c52765bfe0d699,1
78e63ed7c16b6a93bfdcef66ad250a00,28b4eced95a52d9c437a4caf9d311b95,1
78fb70b5aa609b4b55c6ef3d0cb51faf,23365beed316535b4105bd800c46670e,1
78fcceb499ec9008fcecbaad21efefc6,52e9413ed0d3e64b796aac2bc2291d50,1
78fcceb499ec9008fcecbaad21efefc6,cd82271424be9568801391194697361c,1
793c14202ef7966472e9246fd83b0ae8,293ee8ac0a45f559cdeba37b938fdb66,1
793c14202ef7966472e9246fd83b0ae8,9f890da4bf8473aca1996ca037005902,1
794307f7c4fd6c8325655fb3f7b89895,389d119b48cf3043d311335e499d9c6b,1
794307f7c4fd6c8325655fb3f7b89895,b532349fe46b38fbc7bb3914c1bdae07,1
79444cb5bb16964eea4c5abb2d3aa023,97017430754804328eb9597b7f85da03,1
7959ffbef5378bff095bae2150070250,014a8a503291921f7b004a5215bb3c36,1
7959ffbef5378bff095bae2150070250,2c2b1db11f5ec66bbc6ca9d1ce3f81a4,1
7959ffbef5378bff095bae2150070250,dd6a505f83dd3c6326aa9856519e0978,1
795c1622cf7a53d63d324e862349d01c,92503fc18ca14a8f32c182ce3f1b9f05,1
79600f54c5b39ecc648eb64519a7a71c,3258acb04d37e2f91f76c9250f3b80a0,1
79600f54c5b39ecc648eb64519a7a71c,aa70ae9ee9a798d44ae6e00ce6d82cb1,1
796214f3f3b496b3b116986185984393,99c97d191bcc87e072acc4521bce44d4,1
796214f3f3b496b3b116986185984393,f497ba62f1d6b4f6a3a3266fa8623ad3,2
7973a6ba9c81ecaeb3d628c33c7c7c48,154e7e31ebfa092203795c972e5804a6,1
7973a6ba9c81ecaeb3d628c33c7c7c48,7c1bd920dbdf22470b68bde975dd3ccf,1
797c63d3c9502e7f4fbd1e01f26ddd36,d017a2151d543a9885604dc62a3d9dcc,2
7989d259bdf69447ee8e00970c3f3228,35afc973633aaeb6b877ff57b2793310,1
7989d259bdf69447ee8e00970c3f3228,99a4788cb24856965c36a24e339b6058,1
798c34ffa9047399853eab8ca7c0b9a0,079189201e6c6f0b0f70d118fff53fd5,1
799f96a722913e43fa42d9b0b49ae861,457cd0a99cfa977993e4eb6d98d95abb,1
799f96a722913e43fa42d9b0b49ae861,de92134fd940e9302d27c31af4581fbd,2
79a932ef36d3058a3bff9ed1a8d31b4c,0d85c435fd60b277ffb9e9b0f88f927a,1
79a932ef36d3058a3bff9ed1a8d31b4c,ee57070aa3b24a06fdd0e02efd2d757d,1
79abd55efd139ad036a57558aea211e4,289dfe89bc0d1eb6bea5a0a3bde85552,1
79abd55efd139ad036a57558aea211e4,e4985e03cd939f1a9f81c65e949f1688,1
79b490efb74e50979f8cf36425245859,88ffcf27478318ba55b1f9d22d65ce97,1
79b5a2fa58c611ef4c028ad1c6fe811c,0aabfb375647d9738ad0f7b4ea3653b1,1
79b9e9b310f3094c2cad708eb17508c2,154e7e31ebfa092203795c972e5804a6,1
79c3ef46b89f10777f5604a5e1ee22b5,24dd446745b812ef3347d7ae00f5541f,1
79cd4aa52496125d2b3af331e6639a4e,3e5201fe0d1ba474d9b90152c83c706c,1
79cd4aa52496125d2b3af331e6639a4e,84f456958365164420cfc80fbe4c7fab,1
79d446c714bcdf090cae56c26039c0c9,ec5b3c8bb77ad22278f6e9d719a83de3,1
79d5efcb0bea6596549bf4d3942f031a,3ac52f93c2299daa201fbb7ff36546f7,1
79d5efcb0bea6596549bf4d3942f031a,4ce9ab528124f89e091b17d11aa2e97c,1
79dfc79d89cd016b2b9fb010a9cce86a,677d8ace413e0060fa8686cde56eaf10,1
79f227df52caf2b68d36e990ff3fc652,06edb72f1e0c64b14c5b79353f7abea3,1
79f227df52caf2b68d36e990ff3fc652,f2f411f86bd5bd427e28e2a30771761f,1
79fa3eb416c3933311c949121225649f,4473f3e5c65952b074ef987fa5c24662,1
79fa3eb416c3933311c949121225649f,57d79905de06d8897872c551bfd09358,1
7a1751f98e25f665fc0130c7b001e18f,154e7e31ebfa092203795c972e5804a6,2
7a1751f98e25f665fc0130c7b001e18f,7c1bd920dbdf22470b68bde975dd3ccf,1
7a1ab9c3fefcbb92851002b232c3b597,c6dd917a0be2a704582055949915ab32,1
7a1de9bde89aedca8c5fbad489c5571c,d4a3b5aa064bf44e74f1e71862bea22a,1
7a311d62282fa63be12b02aef2fd21d1,c73628b1c3144b2e0c9c88072f21a213,1
7a311d62282fa63be12b02aef2fd21d1,fe61253e50ad6ee9f1d180da22ce5eef,1
7a350426024a624cef97f797c408db97,42a2c92a0979a949ca4ea89ec5c7b934,1
7a40da3af7a607c7275b9b8f71d730c7,1ec486885049bbb9b79351d150ed18c4,1
7a4162f7e0c7e245c68f36ccad93afa2,31c79131e883e5fd8c4c85fe9f7d2bb2,2
7a4162f7e0c7e245c68f36ccad93afa2,c9c6fde711572c1ad99ca12728c6af00,1
7a5a23b53277ee5e9d10a9d4b6a3b462,656e0eca68dcecf6a31b8ececfabe3e8,1
7a5a23b53277ee5e9d10a9d4b6a3b462,b0c8da302d49498d2ce6be8c631e4e20,1
7a774055fedca2666e77244c5e50368f,c3ce49d20cc5d56f0419f256c480e235,1
7a8afce0fdb6cd5e748818e19f1e223a,368c6c730842d78016ad823897a372db,1
7a8afce0fdb6cd5e748818e19f1e223a,53759a2ecddad2bb87a079a1f1519f73,1
7ab70b86480a1a38416d9cffa803ba6d,0bc5e6c957486577f11519bf36577b38,1
7ab70b86480a1a38416d9cffa803ba6d,c695342500b74ff952db47b541726de1,1
7ac70e85ee5c115fca1147ee0f59616e,8370300e444c4394d3c3f878606a9601,1
7ac70e85ee5c115fca1147ee0f59616e,89005f5c60b53829a9a617fe5e292221,1
7ace56ef3973c58860b3ebba3df52710,d04e48982547095af81c231c3d581cb6,1
7acf19ddc75a0935581845e1c89edb3c,14081f2d6a3ce46cfa9d852c9b1b92ba,1
7aec3230543c29dc6509a5e49ee12b46,2cf9ec82c2ca858baedfb2c2e5c06b6f,1
7aed54ede61d75cfa521558f286462b8,086351823300e0339f6955b27998c186,1
7aed54ede61d75cfa521558f286462b8,ed5122a6a757a4fea8f32a6fb95a5135,1
7afc250f9d980ea3ee0ce3b0245f1b04,3db75f31b76375c502f64d550dcd1166,1
7b05e0471103ce0ef346e87c357273fe,0d85c435fd60b277ffb9e9b0f88f927a,1
7b0c9f0a6a8fa1274c38050fc3f57c8d,c4baedd846ed09b85f78a781b522f126,1
7b0c9f0a6a8fa1274c38050fc3f57c8d,d1c427060a0f73f6b889a5c7c61f2ac4,1
7b25ab0d08d78c12d64d346bd3c8ac8b,3685c687db4b3d2da5085d23b408e93a,4
7b25ab0d08d78c12d64d346bd3c8ac8b,e8ca14b6c60a3194f2353bbfe0287bbe,1
7b32049d8495d56c8b27eae575921a60,154e7e31ebfa092203795c972e5804a6,1
7b32049d8495d56c8b27eae575921a60,7c1bd920dbdf22470b68bde975dd3ccf,1
7b51437497e9c9b82a08ddb62dfb7b88,67bd616e1ba0d3d3e8545f3113b0140d,1
7b51437497e9c9b82a08ddb62dfb7b88,9ea1152d6d52dc57ab2ea49aa626adc1,1
7b662d846265cb0ed144db95fe0c74dc,601a360bd2a916ecef0e88de72a6531a,1
7b662d846265cb0ed144db95fe0c74dc,ee406bf28024d97771c4b1e8b7e8e219,1
7b70db47e11fe1776e5fad230f1a9be1,bd6e6fce9ada76ea2db0f1912e8e478f,1
7b70db47e11fe1776e5fad230f1a9be1,c32b1155b886162db8e1ec114699a799,2
7b7d74f88fc2cd98a1d69ec802f7d802,5ad067c2cc9aa18ee03b9ccb5dbd8f8b,1
7b80d4f273b022b3fbb3e7c0ce75c763,757e8df3e7c5c52482db573f5f368e1d,1
7b80d4f273b022b3fbb3e7c0ce75c763,b7c26f18ec50a3fbdb10c7189b8f459d,1
7bbcad674e8c0ed95d070049efee7646,32bb152336c896d906a6344cdbe1993c,2
7bc3e3e04d914c88c93d683b6d095167,0bcc3eeca39e1064258aa1e932269894,1
7bc3e3e04d914c88c93d683b6d095167,368c6c730842d78016ad823897a372db,1
7bf5c9596fc39d41078cb46a86b23831,719d571299707561c34ba04ab867b32a,1
7bff4fff725edd40fde6f0ac1eb0e2dc,283dc451ad3918badb976d56ff887289,1
7bff4fff725edd40fde6f0ac1eb0e2dc,3cc4b421c1f28dd22e86fc4aaafb600e,1
7bff4fff725edd40fde6f0ac1eb0e2dc,42a2bd596fda1baef5719cb74f73030c,1
7bff4fff725edd40fde6f0ac1eb0e2dc,af0a917aec9cea3b353ece61a8825326,1
7c1cfb3c097e0f1caa90bb17675a63e5,293ee8ac0a45f559cdeba37b938fdb66,1
7c353714ed8789f928faaa4191e85197,82a61259a621866c4ba63743da29a342,1
7c396fd4830fd04220f754e42b4e5bff,9abb00920aae319ef9eba674b7d2e6ff,1
7c438259d88d8eefb977be5432d761c1,2a2d22ae30e026f1893083c8405ca522,1
7c438259d88d8eefb977be5432d761c1,52c80cedd4e90108bf4fa6a206ef6b03,1
7c5198d8a67f7da5930f067766cb468f,78efe838c04bbc568be034082200ac20,1
7c64114d404c93f2c4305a9f2e7dc3eb,c43ab4269cbf91b373263db4c2973cad,1
7c64114d404c93f2c4305a9f2e7dc3eb,d65b6607952f9e0d705b1cbdc92ac027,1
7c6e2c0b1b4f458a3000791dca180f20,cadb69af336c16aba5c5223599821245,2
7c763d069eb3926fc65593030d5c99a3,ae6b739ab6e9d7991fb2ddd70f9c0b6b,1
7c763d069eb3926fc65593030d5c99a3,e2e426d1332240070b0a836a854d057b,1
7c8f8d3ff715607148146c64ecb64b11,1b7384e0f9f5e4cb914cd3f5535a4cab,1
7c927c2454a57a0e02fcaceb99750523,99a4788cb24856965c36a24e339b6058,1
7ca6cb8e0b3525be15fb2ade182d7c35,151133751552ad5bdd6645dfdcb0e728,1
7ca6cb8e0b3525be15fb2ade182d7c35,eeb2d1e155818957df60a76fc47e75a8,1
7cb20dd79b4b5bfda52b712000a30de5,caf9add3dcd98d688be0064d9faf65b1,1
7cb9a6b438fe0a5f228bfd32ff9e1a11,51f876eb62be778c757503cf7f8a3b74,1
7cb9a6b438fe0a5f228bfd32ff9e1a11,52e9413ed0d3e64b796aac2bc2291d50,1
7cbf84875196ee1d04dc880ebbfaa7ef,19c91ef95d509ea33eda93495c4d3481,1
7cbfdb67d344d745e097fbb2a570c9e6,35afc973633aaeb6b877ff57b2793310,1
7cbfdb67d344d745e097fbb2a570c9e6,99a4788cb24856965c36a24e339b6058,1
7cbfdb67d344d745e097fbb2a570c9e6,f2e53dd1670f3c376518263b3f71424d,1
7cc17d0bf42c09b78ee39fa4c3520633,c0603988d17e4588dfce0f7f01978557,1
7cc17d0bf42c09b78ee39fa4c3520633,e5bd04e8e3cb77f1a49404d588d3e528,1
7cc23ec3506e4e1e67d0702da04a734c,eba7488e1c67729f045ab43fac426f2e,1
7ceba1a5e084db21816865aee10a80e3,31c1d1dfbb4b2730140b8bd9248bcd58,1
7ceba1a5e084db21816865aee10a80e3,8a443635fdf9759915c9be5be2e3b862,1
7cf08f01ab6a6a1365e1613989a65158,4025cbfac798d74f87c30ee87e6e9f70,1
7d0697d850eb7dc0457b08c66e323892,e934947ca6b64f5a6d864e21dca13b73,1
7d0697d850eb7dc0457b08c66e323892,f6fa93875f4a7dac03e0a22143f4d815,1
7d0983269f825d3112e5a64364b1258a,3938defa878985e56e22db94bbdea2ff,2
7d0b1773dc928e29e86a230ca9557d08,2948658cb6abc82847412be7201bfc4c,1
7d0b1773dc928e29e86a230ca9557d08,431d674f9a4fbd0957ecf6ba3fcb6899,1
7d139b4764ef2597398453664b3967a2,ba92b5a0701d2f820ba6ca8f8c86294f,1
7d139b4764ef2597398453664b3967a2,ddb9028236525b8ab493fc24f99e8d1a,1
7d139b4764ef2597398453664b3967a2,e61c78a7343d82c0539d27df0f7dfc31,1
7d15b5b3609f450652ddc385d624a2cc,83d199d296c44101c8c3b5c9c0cce9ea,1
7d19f93ed7e2ea8211975b68525b0598,5fb1e24560c31b0eaa1911d4247187ed,1
7d19f93ed7e2ea8211975b68525b0598,c72edc98e7d77f0c4c04ec80730c05f5,1
7d23ca9b9d5f41298ec3ccbb2ff637d8,06edb72f1e0c64b14c5b79353f7abea3,1
7d23ca9b9d5f41298ec3ccbb2ff637d8,5c973b4202aac5c372a483e712306f4f,1
7d2e246c38946e89eda0c9c1288fc0e3,389d119b48cf3043d311335e499d9c6b,1
7d2e246c38946e89eda0c9c1288fc0e3,422879e10f46682990de24d770e7f83d,1
7d35f5764e668c9deade51c2fd31758a,00250175f79f584c14ab5cecd80553cd,1
7d834f25bc4e9c7905f9e31e1c94c51b,18486698933fbb64af6c0a255f7dd64c,1
7d834f25bc4e9c7905f9e31e1c94c51b,dbb67791e405873b259e4656bf971246,1
7d9d637ca00bcc10eaa49e3483a256ef,017692475c1c954ff597feda05131d73,1
7d9d637ca00bcc10eaa49e3483a256ef,537795846d3155fd59b4eb12545b1b2f,1
7da3054afe371affc14d26cc2cc04358,1a43e86fd17dcec91ec053c9a1adeaac,1
7da3054afe371affc14d26cc2cc04358,82d7b276f49e72ffce78d10b20518808,1
7de1536dfbeaacfb971b48c2c93c16cc,35afc973633aaeb6b877ff57b2793310,1
7de1536dfbeaacfb971b48c2c93c16cc,99a4788cb24856965c36a24e339b6058,1
7dfa1a8f4b3419234a71533d1727e9c1,e073574bfbfbdfbe59454d8474cad673,1
7e050832e2248c400621f6b22315d4bb,640dcd3e549f736cd39e1f943ff14c3b,1
7e050832e2248c400621f6b22315d4bb,f908d3bf313a1308bfb2a46ea2685347,1
7e13c5b52f3f0e1979723ff4b9051904,0aabfb375647d9738ad0f7b4ea3653b1,1
7e13c5b52f3f0e1979723ff4b9051904,6c3effec7c8ddba466d4f03f982c7aa3,1
7e1681f9bb31800364869a2cdbe289db,0d86ff0b639e969a11a7b3dce67e181c,1
7e1681f9bb31800364869a2cdbe289db,9ad75bd7267e5c724cb42c71ac56ca72,1
7e43696e1ae594af82dd11f481dc232e,2b4609f8948be18874494203496bc318,1
7e53420f2126366b3489c18314f82803,b17808303e15dd50538c011b44295427,1
7e5ea35b3b148a29f6ea845f1096757c,7f72a8900b3d2fc8fa2635b7836d6e6e,1
7e5ea35b3b148a29f6ea845f1096757c,fef7934cc233ee5b1dc13094d98a1465,1
7e60ac4d629df56195186e2bfdef5dcf,12760bcacfaaf1457bc36e601e26dc79,1
7e68c3ac272fdd18f19234f9dc034de7,1bfb290d7273a442c874dbe74b4abae6,1
7e69734dad7cfcbe95aa59f38095057d,35afc973633aaeb6b877ff57b2793310,1
7e69734dad7cfcbe95aa59f38095057d,99a4788cb24856965c36a24e339b6058,1
7e82fd8a6c26147a8797d761fa68c497,4b96786612ebe7463132fce2c4dca136,1
7e82fd8a6c26147a8797d761fa68c497,9ecadb84c81da840dbf3564378b586e9,2
7e91ec540af718ab375b1d13271e9543,6ae38d49db7fc65ad1779828542aecba,1
7ea3dc64a652d699ace3048e904c561b,72f50924c42f32d9a236b7602686a49f,1
7ec0077665fe9020e7dfdb05b2be0162,33fac76e7f17367dedaef7954bbb33b4,1
7ec0077665fe9020e7dfdb05b2be0162,b8b426747049f2d3d6e00b486d47dedb,1
7eeb6421712844795dd8ff9ec6a58b18,c3ba4e8d3cb30049213b682e751e9d00,1
7f0a32f4af1dd3e5f0c45a633ace40ba,058b372f969b59e8c4a27e224243909c,1
7f0a32f4af1dd3e5f0c45a633ace40ba,fb55982be901439613a95940feefd9ee,1
7f35d55f87220867c7552d2ec257afef,97017430754804328eb9597b7f85da03,1
7f35d55f87220867c7552d2ec257afef,fcf28afb1353f2f12ea041dd74954226,1
7f3e8656011a9b8d6c12df5991ca69ff,ff55834c0b3272853dfe62340f2bb91b,1
7f4f709af2fd8fea44aacd30bca46264,7d854ab97c64ef9df2bbfaf332765786,1
7f4f709af2fd8fea44aacd30bca46264,84a87daa85c8b432d90bc1baa0cb4388,1
7f50c43baa66aae590aa1a067427cce5,2d110366dd24a714cb50dddc30b4101c,1
7f50c43baa66aae590aa1a067427cce5,742778ff0ce574b84b7ed2fb0788cfd2,1
7f8bac457c1d938d234436386853ed53,9fdc434e0c81bc6d990065c2a7efb4de,1
7fc3cdf9b7da8a526fde4bf5368d73c6,4e0d01d5e5e4bd454e71e7cd1491c052,1
7fd460732747aad1fe20e1049400c03d,56cdfe67fbda57c1dcc752f5f361f981,1
7fd460732747aad1fe20e1049400c03d,99f5b2240b82bf9387e5cf2fc0335b08,1
8004f80e361a5ee23aadb7418a685fc2,ee0c1cf2fbeae95205b4aa506f1469f0,1
801512ead4c9cbc98ecd208f45c975ec,060c17562f97e5bb60bc0dfa4dd5b3f2,1
801512ead4c9cbc98ecd208f45c975ec,1a080577618e7fe4d9ddd8fb2b47a964,1
801b53359d2880a9bff63574103fb74c,ce8139ec854c7484df66f211738c0746,1
80261e3b34f41fda13fbb4ffdf2222e7,6cdd53843498f92890544667809f1595,1
80275de537b6a389930536433e8baed3,03e931f387c2dd5b006aecdb12515b2e,1
80282a1a77281692a0339c2a08d0e6af,35ebf08a93899d44e756809e11b14754,1
80282a1a77281692a0339c2a08d0e6af,89321f94e35fc6d7903d36f74e351d40,2
8039b3eb4692041e3e7a17a18dffdf84,8ae1198dd85742fe30b74a96968f250e,1
803b4fc75d3fe8c5dbed83f50b3fbd8c,e6b6e13cf71449a457269f425b89dc74,1
803c530613f5c4ee03502be0d6894de0,7b5d8be0e04080e4c8ee6a7ec2f1f597,3
805e5a317f4b3e1afccb9dfd71287a36,2d0090282bd77e1ae0f6336ba500facf,1
805e5a317f4b3e1afccb9dfd71287a36,a6883f92891e256b926bf8b9c40fbe9f,1
80983160f5a84682b0f41774c5e58789,0d86ff0b639e969a11a7b3dce67e181c,1
809ea1c56f165109936fe5c51003fbfb,7b3b38b62de0edfa802192d5c18d5489,1
809ea1c56f165109936fe5c51003fbfb,fb783e3e545937820b57fe539b2c5a6c,1
80e00a7b9ead7590bf05116f0237c896,a237de12bdf0bfe4fe220bae65a89731,1
81098a634d4eab46ab9fbd0df37e52bd,3b60d513e90300a4e9833e5cda1f1d61,1
81098a634d4eab46ab9fbd0df37e52bd,e0d64dcfaa3b6db5c54ca298ae101d05,1
812c63822d11a2c1c88e722078a02c23,e35b496654367ba8f9ab8974a23331e6,1
8149101234b839e311a6f8c525206632,5d7c23067ed3fc8c6e699b9373d5890b,1
8149101234b839e311a6f8c525206632,5f622da714951c5ae86acf68c0a03d30,1
816092f5825c3e2cdfdd4af546d4d04c,6a8631b72a2f8729b91514db87e771c0,2
816b6a32903cb4376b7022e10d5aae9e,b84520a57891e7a8ae2c68741dcc7146,1
816b6a32903cb4376b7022e10d5aae9e,dc52f0f5d3ec37a93eaf956cde4e5d2c,1
816d93c61f38b7a4cebcf5e5bcb32d03,4d0ec1e9b95fb62f9a1fbe21808bf3b1,1
816d93c61f38b7a4cebcf5e5bcb32d03,665aa1d687284a4d2d2b74c0c6724625,1
8171af51c2a8d4d1e98dab0f260c57d9,15de022edf1005363381e66bed514528,1
8171af51c2a8d4d1e98dab0f260c57d9,cb43c6e1c451902b51f4f4ff512302df,1
8188d88246b1fa1783f4c55e83b72d49,ef66e63137bdd1b2e44aa968646fc1e3,3
8190d0cbc8a4e51b3d707505a79a9f6e,2481a472d98c582b46bc2dfeae6f539f,1
8190d0cbc8a4e51b3d707505a79a9f6e,3e5201fe0d1ba474d9b90152c83c706c,1
8190d0cbc8a4e51b3d707505a79a9f6e,665aa1d687284a4d2d2b74c0c6724625,2
8190d0cbc8a4e51b3d707505a79a9f6e,cd3de1984e1a77b441e1b39b8e334330,1
8194a6cea93c5c653e7956f0b962b5f7,d692d19cee022f7acab76373f297ad6a,1
819c6555091e32518b25fc90fee43660,6d7a4492be45dfb8e38e762efe6614a4,1
819c6555091e32518b25fc90fee43660,c1f5307decb89342351bec53668cffd9,1
819c65629034acc8a0e1c096c2c6715d,5570e58fb62fc2a83e5bda3974e35be5,2
819c65629034acc8a0e1c096c2c6715d,928e52a9ad53a294fdcc91bcf59d1751,1
81a96b47f96e1cc76061352ad42b0fc4,664e36c9f1780f33973e063ae2cdcc66,1
81af76c39cb9a7acdbd7eb13b8c465aa,c917cd48f8178bc6e1e4bf902c7e0b83,1
81db097ffce4bd958cfffeca7c41e301,36f60d45225e60c7da4558b070ce4b60,2
81db097ffce4bd958cfffeca7c41e301,e53e557d5a159f5aa2c5e995dfdf244b,1
81ea1f2d25c94b2d16c143331381635d,6bd248f93425ceeb625a8a97e2404112,1
81ea1f2d25c94b2d16c143331381635d,fb55982be901439613a95940feefd9ee,1
821e4e781313d2eb18711efe7a50d66a,5bfc7506459ae2a7b4b573fe557a58e1,1
821e4e781313d2eb18711efe7a50d66a,c2ece64199af7a53793ed9612a89a8cd,1
821e75291b1ad362e614c0ea79fc95a6,59be0d716996dda6b7d60b3e839efad3,1
821e75291b1ad362e614c0ea79fc95a6,a60613d36f37a7b27d3344f40f6a7945,1
8240b20d1e0a04ed761ece5c6f56bb52,3f14d740544f37ece8a9e7bc8349797e,1
8240b20d1e0a04ed761ece5c6f56bb52,56cdfe67fbda57c1dcc752f5f361f981,1
8241424764e0bfa6bfcb3c6cda391ac8,154e7e31ebfa092203795c972e5804a6,1
8241424764e0bfa6bfcb3c6cda391ac8,9453bde60c4ee52155c963641736cfc5,1
8259b1b1f125ab7649d39ad67c8505f7,8ed094bfe076c568f6bb10feada3f75d,1
827f51bdaa8e37bf31ff413e0a7699a4,a2c75a23c2f838881dd4275c0cec519f,1
82809cee3c35eb89b4dd4d2d1a22eedf,154e7e31ebfa092203795c972e5804a6,1
82b7ba90f0f9db6117ef25071323d270,422879e10f46682990de24d770e7f83d,1
82ddb85c2420994d709ee21503e44eb8,8ed094bfe076c568f6bb10feada3f75d,1
82ddb85c2420994d709ee21503e44eb8,f95d9369ebf76f811194c72bd22ff244,1
82e1a1e7c48fe142617f3cff6c5bfef3,85b6cd7f57f7a06d180c93e8c74f6381,1
82e1a1e7c48fe142617f3cff6c5bfef3,e906fa76a27488f805ba8584a4c10cba,1
82fb46292a999e7db9e2391c407f76e4,4ebab6a2135a2477b657bda38646b64b,1
83450bc87c9135bf76eccb936c559f8b,2136c70bbe723d338fab53da3c03e6dc,1
83450bc87c9135bf76eccb936c559f8b,40c7fdb4c192c7df52431d1b079f9026,1
83476105a4e9a12fcddd09081dc6cefe,0bcc3eeca39e1064258aa1e932269894,2
83476105a4e9a12fcddd09081dc6cefe,422879e10f46682990de24d770e7f83d,2
83486a65903aefe02ed3bac7c23b5f65,fd220f6fd5a3f13ef9db07428f9c935d,1
8373cc590948654ebaca5318074397ba,a4aa7c1427c31344e5f7cc3d839fe562,1
83855aa953d1bda3d37b62407695a433,a8075470f960215ffb67624782f80fec,1
83935d750c83951d7d0211a3c60e78fd,2d7ec74c6f93ad8234f2e29817b2827b,1
83935d750c83951d7d0211a3c60e78fd,9b9d1c4bd979b93c138044e032f99780,1
839c363922615cf40c8fe20a1fe505b6,35afc973633aaeb6b877ff57b2793310,1
83be9597caaf2ff1ad90bace79385397,3c883b9d3fd2d0ce448d4136349dc0a4,1
83be9597caaf2ff1ad90bace79385397,e0cf79767c5b016251fe139915c59a26,1
83bf39384884016d6218c5cee2dca7e7,5b8a5a9417210b1b84b67b9a7aefb935,1
83bf39384884016d6218c5cee2dca7e7,e5ae72c62ebfa708624f5029d609b160,2
83f6b0c43f9281884da6fb400b587207,113f80f12c8892f0c59206f70b862b40,1
840048bff3cbd6d92d97a3816521222e,cf1d8e226162a1d0ad61f29b7ed72d82,1
840048bff3cbd6d92d97a3816521222e,e9b3cf27d68caa64832c4a7c460abcb9,1
840f10bde3c94907105e032d9c2fec3b,4244733e06e7ecb4970a6e2683c13e61,1
84159fbcec32813b7cef06f3cac9cf34,3da76d120922f2c5c94b3ec02db563c9,1
8418b8ecfc9702b5eacddc5e75a4dcca,36f60d45225e60c7da4558b070ce4b60,1
8418b8ecfc9702b5eacddc5e75a4dcca,e53e557d5a159f5aa2c5e995dfdf244b,1
843abcb42649249d4e7cd63954c3e0bd,e3af4b7c220aca1535b34416de24dfb7,1
84514f009b40220330a5e42b102437bd,c6ea63369936552872ae890c82175b4b,1
84720447172b234e7504da52ee639435,1612209b0b37fbe80e1e8e1b7d19ca1d,1
84720447172b234e7504da52ee639435,50f1880f1989251727fbbfe8c0a346a6,1
84ad62f33ddb6b13553a850fd3dc2b08,914c9e9af640dd56f48764a225b00f89,1
84af029e54a6f659f7ace6f7cf0daa68,b66270a5d5b3a8585f8314b2f14420fb,1
84f30d2fd3937449dc7e0c835c281961,f74979b5e7c8d317baa1bfc0ea886ee1,1
84fa4ef93ec67a77a0329933dbf190cf,99f5b2240b82bf9387e5cf2fc0335b08,1
8505734f21396405b5477c75a45734fe,0a4093a4af429dc0a9334300e5c13ae5,1
8505734f21396405b5477c75a45734fe,e0cf79767c5b016251fe139915c59a26,2
8505734f21396405b5477c75a45734fe,ede062bcd13ef64b5cc87369e4edaf62,1
85189d642c11e7090cb2f72fed68ea42,ad4b5def91ac7c575dbdf65b5be311f4,4
85189d642c11e7090cb2f72fed68ea42,e6b314a2236c162ede1a879f1075430f,2
851d1bac980a93f46299fe299693266f,06f0e85c7892d5df893f332706340af1,1
851d1bac980a93f46299fe299693266f,fcaab5d7f656094e49fbe4ee3a506658,1
851eefea71a07755f017e75fae31f2fd,154e7e31ebfa092203795c972e5804a6,1
851eefea71a07755f017e75fae31f2fd,f76a9967d2129cda56d7b3be6cb5c9cf,1
854de56486b249c1dd6b2e23ee5ea8b9,22c5ddc22ea8cae84fc9917def682dc6,1
854de56486b249c1dd6b2e23ee5ea8b9,b1631003bdbc3b1e876f83a7d851d74a,1
8555a17ba20435f173a230c3ced133fd,389d119b48cf3043d311335e499d9c6b,1
8555a17ba20435f173a230c3ced133fd,a6ad77b15e566298a4e8ee2011ab1255,1
85603f898910f04d9cfd699ee9803837,9c7c72948a0e56fdaa07985b71dffe18,1
857104e1bfb81cb14e88ff07d1b22c70,53b36df67ebb7c41585e8d54d6772e08,1
857104e1bfb81cb14e88ff07d1b22c70,84412fdf17ffe7f7b52913a82e73b5b2,1
85730e226e2f3a1608433546133793e1,e456721fdab66b576664c035ad183965,1
8581bbeb56d3b44ff048f21b5d74eeab,1fe8e6e01596885617fa1c90d29c2f81,1
859f40a26e8b81608c6d035211098e9b,c2ece64199af7a53793ed9612a89a8cd,1
859f40a26e8b81608c6d035211098e9b,d373a9b9079c251371e94cacf40c1fe7,1
85c9cc82766d61484d4014b8f1d62dd9,d63c1011f49d98b976c352955b1c4bea,1
85cc592cd0bc4fda8effa4b10ca8eeb7,27d089865ecb267c190122ec1feddb8a,1
85cc592cd0bc4fda8effa4b10ca8eeb7,57f2bc497c1a3ebe41ba7a06d78ed159,1
85cc592cd0bc4fda8effa4b10ca8eeb7,aa8d88eb4b9cb38894e33fa624c4287f,1
85f1c5f9eee209d9dfb0a3e155209511,0a5a41c678bcf81e041826bb24eb0b01,1
85f1c5f9eee209d9dfb0a3e155209511,57e089e3103f5cda6a4ce23b77399bdb,1
860f75391be5698f015d3b234e7576d6,9db0afe3dcd2942f8bef6f7195b9a2e1,1
860f75391be5698f015d3b234e7576d6,a9410f6e58948e056b9eae0653aa0c75,1
8612673f1121d1da48f141ee9dceb20b,4ac50dbde931c0a5ed8c33d3dc047351,1
8614ac51282d77ed22393201f26ca405,d6b21712ba181dea6664f1b3e09d650e,1
861e2a5848de1a3e8fa544236a8369f9,0eda6e310c91549299a2f97d0354f7fb,1
862b2c6ccf4352c087cd60cdac498b48,1a758361b1c10b3ffe3d3373332de319,1
862b2c6ccf4352c087cd60cdac498b48,c4fc1d4489f664ce1c6c55b7089738b2,1
8635f91d481482da68f901e2f6de5c9a,53759a2ecddad2bb87a079a1f1519f73,1
863c9a8df992728d25a783b95471b674,38ef617a023fc4398829dd8c2b9e8be6,1
863c9a8df992728d25a783b95471b674,ceeb8b2d571b23399910f1b83980c973,1
86618766c9dacd2ccd49fb6492ddcbbf,5b8a5a9417210b1b84b67b9a7aefb935,1
86618766c9dacd2ccd49fb6492ddcbbf,e5ae72c62ebfa708624f5029d609b160,1
8689b3e15d4b16cfd05ecf597a523453,bb42f37fc3d9130e4a4339d24a47dd7c,1
8689b3e15d4b16cfd05ecf597a523453,c211ff3068fcd2f8898192976d8b3a32,3
869be6f00b4c49e72f9a1e2033baa9f0,9048cbd294fe0c1a3ec8c8248bc2cadd,1
869be6f00b4c49e72f9a1e2033baa9f0,dc0fe1906bacc99199eb46fce442e1de,1
869e24ad7a01801912459c8729451cd3,06dce482ace017e78349b6f1fa83a022,1
86b59358310b208f822e416e59c96672,5b3b5f9ae84ca9ead3138b199420cc94,1
86bb795b2c858e2ca3bc6271de923619,5b8a5a9417210b1b84b67b9a7aefb935,1
86bb795b2c858e2ca3bc6271de923619,e5ae72c62ebfa708624f5029d609b160,1
86bfc49565a9ca52fcbf861fcc1e67a4,d2085f7e0f9533605386960fc7e987ec,6
86e5bace0b99ae394e73ee02a28fa10e,3e5201fe0d1ba474d9b90152c83c706c,1
86e5bace0b99ae394e73ee02a28fa10e,4f88323d03ffaf090b8fb0116b33c95e,1
86e5bace0b99ae394e73ee02a28fa10e,99a4788cb24856965c36a24e339b6058,1
87315ceb47e77d03a1c90474e228db6c,2708ea4fc1340081efeffbf11f14d765,1
87315ceb47e77d03a1c90474e228db6c,bbaef2eadf31fe3ea6702077398be06c,1
873e4275daabf5ab6eff5331277244a4,79ccb1aca8fcf379a6ed2412fba0480e,1
87460ba5cff6a64958f1f6b501a081b7,f3c5707e7c539ab6533e3611da02b648,1
8746f1ba2e19bcf8bc03a946a0923d78,58efb9b638561ce132216a9a612513e2,1
8746f1ba2e19bcf8bc03a946a0923d78,f80214fd7d681d1dcf12b3acaf4f0da7,1
874fc5237d72429de2ac99ce7d897a07,da97969972a524bca894f97ea6bcff90,1
87603dde65ee7120467ddda1a883bb24,a710be5818329b097a82bb26b480f5fa,1
876c5f7ffcad19a82c0da218ecf56ba3,349ce46a0e2e20054aa9d80c48af8816,1
876c5f7ffcad19a82c0da218ecf56ba3,78efe838c04bbc568be034082200ac20,1
87794f96ff73437b7c6bccfdeffdcc2c,50e1b118f266b655f613f753914c42db,1
87794f96ff73437b7c6bccfdeffdcc2c,f4041d76285c2a34ad5013e8d287a400,1
8787cab9a95fe5a494b21e2fd1047e7f,43b54d1fc56ff394092a3dff6be2d39f,1
8787cab9a95fe5a494b21e2fd1047e7f,4f0abfbee7569e43b80f9aaa256a9bf8,1
878d1683076172a5b7ffc7126ba99acd,9bb2d066e4b33b624cbdfec7d50b3dcb,1
87a305c45891600e0244ee26c0bf1fa9,36f60d45225e60c7da4558b070ce4b60,1
87a305c45891600e0244ee26c0bf1fa9,e53e557d5a159f5aa2c5e995dfdf244b,1
87ae4c644c15d9c6b6f826dfec33b340,e19ddcc85537b41f22116c8d5425ef46,1
87c53832fd2b0b1942b0662f6c5666d6,83bfae859f4a37b048a3abcecb17c506,1
87c6d6936394bcb27ed68c418f243ea9,d3b023772520cd1c6ea58f6701679d4b,1
87c6d6936394bcb27ed68c418f243ea9,e4ad97ce352e46bebac92018f6ed976d,1
87c907fa30dd1bd3709c84b912b50c7f,74985eecf05f5ef2d7e4c59156454e2c,1
87c907fa30dd1bd3709c84b912b50c7f,cac9e5692471a0700418aa3400b9b2b1,1
87cbc22f48d2542614a44cd025238a35,f7e5d0186f539b61586d7ddd247d2996,1
87cbc22f48d2542614a44cd025238a35,f8ea5fcf9c628485e01b9c3cf52728c2,1
87e69f05e13093d268cc2de1a3690318,946344697156947d846d27fe0d503033,1
87e69f05e13093d268cc2de1a3690318,ad0a798e7941f3a5a2fb8139cb62ad78,1
87e69f05e13093d268cc2de1a3690318,b0c89945c034268074f5f80b362bda34,1
87edab45c7b7068800caa444e90bf164,56cdfe67fbda57c1dcc752f5f361f981,1
87edab45c7b7068800caa444e90bf164,e53e557d5a159f5aa2c5e995dfdf244b,1
88055311adcee315a7c05930e3849363,389d119b48cf3043d311335e499d9c6b,1
88083cd11e9ebe3f90c955770cf2bf76,940d38f0ef286bd93612fcdc91dd38ed,1
88388502f20df20b31ccd1a4aca9e898,06e73ddcb54620a36bfdb2e073c4dc40,1
88681f489d04722ee4e7a638caefc10d,31b8e7c2a22f3dba5183cc110bdd72f7,1
88681f489d04722ee4e7a638caefc10d,ba74c6b75d2ad7503175809688d5a03c,1
8870c2abd48d72e99d1664229a1f5e41,6fd82d8f842424334fedf31190e54d24,1
888187ceef448600ddb3020c3a4f4133,1878fcfa202ce65b4bfaa9d16250ee86,1
888187ceef448600ddb3020c3a4f4133,1c05e0964302b6cf68ca0d15f326c6ba,1
889d94307ee25f1a5ab0f046c08ec9dc,0fa81e7123fd0ebe03adbbe99d912827,1
889d94307ee25f1a5ab0f046c08ec9dc,a4fa3b8fa5953b0bd18bf4e0b4de499d,1
88a830a14a479075c655c2f9d3ba3934,9bb8ca338e5588c361e34eae02e8fad6,3
88a830a14a479075c655c2f9d3ba3934,b8a0d73b2a06e7910d9864dccdb0cda2,3
88a8f123107a063acbdd1c90f3d8adea,f177b434709ecb652dbee4f4b19aef2f,1
88b1ac56d07ac4a0e139d737f2e77ac0,5d66715cc928aadd0074f61332698593,1
88b1ac56d07ac4a0e139d737f2e77ac0,87a71ae93900ab55fcf685c8040769b3,1
88c92a6b6a78b3c7138878005d1c4ebf,832b74a0faa3b602a48e0f20990adaf7,1
88c92a6b6a78b3c7138878005d1c4ebf,aa70ae9ee9a798d44ae6e00ce6d82cb1,1
88d083c794a4e721f296f8423e68821f,592962829d5a715304344e656e39108a,1
88e177ee7be84f7835294d1440dea968,ac2075f88185bb528b66bfb7a5646369,1
88ecb91d6d5e47ebdc2129cd046b0935,35afc973633aaeb6b877ff57b2793310,1
88ecb91d6d5e47ebdc2129cd046b0935,99a4788cb24856965c36a24e339b6058,1
88f21f18f1c3152b023a22a0f42bdab3,4487261e208ce5d3a8d1a997ccd99dcf,1
88f21f18f1c3152b023a22a0f42bdab3,aadff88486740e0b0ebe2be6c09476ae,1
8901b2526349d372dd0bdf8d77af656d,4aaa2ddc43f64a2db232b71fc4639064,1
891618c12f88105f45643bcefe8e917f,2136c70bbe723d338fab53da3c03e6dc,1
891618c12f88105f45643bcefe8e917f,9c7ce59c96e74dfdfc51f13a4a6c3869,1
891e01e2ab20f46c3e5602cd958c1ec7,31c79131e883e5fd8c4c85fe9f7d2bb2,1
891e01e2ab20f46c3e5602cd958c1ec7,ef1c671d636510846d72e7aa3af1e0a5,1
892a397bf8506b6c30355f3fc1338900,4fcb3d9a5f4871e8362dfedbdb02b064,1
892a397bf8506b6c30355f3fc1338900,f4f67ccaece962d013a4e1d7dc3a61f7,1
892bdc0d449b798eec8375762fb411b9,42a2bd596fda1baef5719cb74f73030c,1
89468b8994a62cb344e62ab6981a6451,665aa1d687284a4d2d2b74c0c6724625,2
89468b8994a62cb344e62ab6981a6451,9ad75bd7267e5c724cb42c71ac56ca72,2
894fa561f54fa10de0bc4db8b581947e,07ffc018eaf23e086370dea42c74077b,1
894fa561f54fa10de0bc4db8b581947e,fc5dd987f12a7b823a76a44aa1ba88f6,1
8959d4251989df68934d67c1d32c5718,87aff1d9a5e94db6840c5b963a5cef90,1
8961b4ca2c5aceb7a78ea72c6e0c840a,1f30aacc69904c0d0bf8d05cb2abef72,1
89f7c5e3da839cabad742eadf4731db2,8bef2f3e34f2cc22c908921e6e9eebee,1
89f7c5e3da839cabad742eadf4731db2,b01d34f6d2545269d348181768eca049,1
8a02975938d279e8478b5f793b0290b7,2b4609f8948be18874494203496bc318,1
8a1e8b556fd5feb59a63729b5341e71a,ac8af924237ed4591dc8d9b8c6a935f0,1
8a233ba6470de63bebddd3ac86c514cb,c43b672f48eaccbecc94cdf6b4f53485,1
8a233ba6470de63bebddd3ac86c514cb,e4985e03cd939f1a9f81c65e949f1688,1
8a3aeeb20af1af4f71c73fdb720b206c,4e064cdbe4079c84a33181a96cf5609b,1
8a3aeeb20af1af4f71c73fdb720b206c,e8c6039a25765995ac7c1ec2cbef5765,1
8a3b2a4cc28d91f16a8e0dc4d08bc0ba,06edb72f1e0c64b14c5b79353f7abea3,1
8a3b2a4cc28d91f16a8e0dc4d08bc0ba,39aa98469aa7460a9764311b3f8efb12,1
8a7f96e72bededa72b184408111db3f3,a79c0d179a6de79b23a81b64b3980c04,1
8ab0bd08720ee0dcd76ffa1785e5235d,ad0a798e7941f3a5a2fb8139cb62ad78,1
8ad1d2ae8100995068fbc122a2232c8f,06bf70b6e1d67d96308235ef350edc61,1
8ae601304ff0d1de9280c32bd2e26e3b,e1901d5d99ca951543717ea5d1940a36,1
8ae601304ff0d1de9280c32bd2e26e3b,e9def91e99c8ecb7c5cef5e31506a056,1
8af0205005b85f10c4d7b9d988601a16,c18ac1d6cc053c0ec7296b994ae6ffeb,1
8af0205005b85f10c4d7b9d988601a16,e3425df9bd51be69917273c9dd92ed5e,1
8af17078122640cfb1a03b9514b1b971,ac5e164e2eda939ffa46593f90077f9a,2
8af3bf05a1bed6b602640e3af01305c9,457cd0a99cfa977993e4eb6d98d95abb,1
8af3bf05a1bed6b602640e3af01305c9,ab169b33d13e5041b9b9d4a2fafce9d9,2
8b2097f2dea7a183301103d1154f12d0,5c692818d313aa12864b48ac0c2472c2,1
8b2097f2dea7a183301103d1154f12d0,b01d34f6d2545269d348181768eca049,1
8b33725ded59c682ee7cd08837c996bd,0bcc3eeca39e1064258aa1e932269894,2
8b33725ded59c682ee7cd08837c996bd,422879e10f46682990de24d770e7f83d,2
8b33725ded59c682ee7cd08837c996bd,b0961721fd839e9982420e807758a2a6,2
8b4b84dffade27f5ebc63a467529ba30,205cf43d203186d5eb440a791a5b7404,2
8b4b84dffade27f5ebc63a467529ba30,f908d3bf313a1308bfb2a46ea2685347,2
8b4dbc06f4caccae42ee7da8edd22f77,06edb72f1e0c64b14c5b79353f7abea3,1
8b4dbc06f4caccae42ee7da8edd22f77,905b384ac5667170689505bbf30f1d07,1
8b51f29aa215ec74a25baf5bd24ed90c,4f0abfbee7569e43b80f9aaa256a9bf8,1
8b51f29aa215ec74a25baf5bd24ed90c,8d4dac6177fb8134f26fb4c5cc6c0aff,3
8b88f64495d95d12a12c0d71534d0faa,35afc973633aaeb6b877ff57b2793310,1
8b88f64495d95d12a12c0d71534d0faa,99a4788cb24856965c36a24e339b6058,1
8ba03ea7a871bdaebd65e7a4ced27c2d,53759a2ecddad2bb87a079a1f1519f73,1
8ba03ea7a871bdaebd65e7a4ced27c2d,c2ece64199af7a53793ed9612a89a8cd,1
8bab3162259edfaadd1ea2e1fe7f58dc,0fa81e7123fd0ebe03adbbe99d912827,1
8bab3162259edfaadd1ea2e1fe7f58dc,42a2bd596fda1baef5719cb74f73030c,1
8bab3162259edfaadd1ea2e1fe7f58dc,54bb3470c28291c7252832f0437ca469,1
8bb910cd8c3b29e4acf2e94e3aaffbbf,09481a6dfe9eb590dc8b265b54dc4c97,1
8bb910cd8c3b29e4acf2e94e3aaffbbf,c3ba4e8d3cb30049213b682e751e9d00,1
8bba5d98eef0fba5bc4118a9e3b0cd89,99a4788cb24856965c36a24e339b6058,1
8bba5d98eef0fba5bc4118a9e3b0cd89,eebbed5ed3b134eceb717496c47652ba,1
8bc3068714502a076cdc66f2a207bb20,154e7e31ebfa092203795c972e5804a6,1
8bc3068714502a076cdc66f2a207bb20,cf8316c961640d38321241895b7811c2,1
8bc85b1061383d0dcd4e995a726da763,372645c7439f9661fbbacfd129aa92ec,2
8bc85b1061383d0dcd4e995a726da763,cc1b0e67ffb98a08c886e8c3c27a915f,1
8bd9c53ae5e194fd363ed6714235e6be,59ebd2c07d59483d0855b5b3d5e18728,1
8c21dd8c37144807c601f99f2a209dfb,89b121bee266dcd25688a1ba72eefb61,1
8c23e3b44342b28b61d131be61a5e938,bb42f37fc3d9130e4a4339d24a47dd7c,1
8c23e3b44342b28b61d131be61a5e938,f4d705aa95ccca448e5b0deb6e5290ba,1
8c375cb8f76be2870563b67a88266213,9478ba3a27de728ec65cf5048a23f34c,1
8ca8b8dc60280d1f97c1c6817655ab63,1d6b1ff2a0ef2336832512132b3af6aa,1
8cb0a62e8c536632e7c0a985166a089b,7a81751397c8813678761201a7114339,1
8cd6f80d3c3994e2060d46ec07ff0b0a,12a3dba07d03c2dedf0c40d6499b55d3,1
8cd6f80d3c3994e2060d46ec07ff0b0a,a4aa7c1427c31344e5f7cc3d839fe562,1
8cef958341c4de7f7c982a729d3992d7,6abd84909e8ed79ef808c16f90b91093,1
8cef958341c4de7f7c982a729d3992d7,e0cf79767c5b016251fe139915c59a26,1
8cfb1c96b30bee61254d765fbc8d737a,8eb72e039f7857d796c5afe824d0c64c,1
8d0e0879191d761df1fde63cd721065d,909b87db6cb3a7ab26bd03cc59860136,1
8d0e0879191d761df1fde63cd721065d,d5991653e037ccb7af6ed7d94246b249,1
8d174d46566bd4824dea80be4d00a2ce,5d790355cbeded0cd60e25cbc4c527a2,1
8d174d46566bd4824dea80be4d00a2ce,5fc3e6a4b52b0c414458104ed4037f1c,1
8d26c82c2086dcacc175e2ffe6ee2f28,0a4093a4af429dc0a9334300e5c13ae5,1
8d26c82c2086dcacc175e2ffe6ee2f28,aadff88486740e0b0ebe2be6c09476ae,1
8d6a9a9a3668517b1637d994c94742bb,8f8cb7e4a7f16d339f87f8aa2711a003,1
8d6c930e3ef6cf55b39cd44d3cd1dd83,b3e40ff639c185b9d726b4b19c17e6cd,1
8d80fd7cd5745aeb72c314664a1ec3f5,1b7384e0f9f5e4cb914cd3f5535a4cab,1
8dafb82f687e3b0dc9e97b4198b92128,23bcd6822a33df5534f9b290216eec1f,1
8dafb82f687e3b0dc9e97b4198b92128,4a7056788ce9287c76ade358f2e2572a,1
8dbbf39064a6aa2a21f97ff0422e5acd,41c24b8ce92d1a2cac62db5edfd088b2,1
8dbbf39064a6aa2a21f97ff0422e5acd,586328f570ac0b651d452f1227db4d1c,1
8dc10e9acb420db970e64b4c99cba7ec,36f60d45225e60c7da4558b070ce4b60,2
8dc10e9acb420db970e64b4c99cba7ec,e53e557d5a159f5aa2c5e995dfdf244b,3
8dc697d03f771cecc2534534a73eaaf9,7b44e5ea770ef06810f5df89006cc8b2,1
8dcf2096a68ce8212a3f534ab31ee23e,1600dcf1cea8c0c83702e07b577ab231,1
8dcf2096a68ce8212a3f534ab31ee23e,f1d3e7a4605f6cd5f2a3cf9bde5c7845,1
8decf6ceb73bc478acf5e4e3c041e962,fd424396761d9e1609c5516b7d8ce17b,1
8e0275b5c7fb6f05e312a1079a674410,9ddd762ee8a13576a809dc66f22aa2b5,1
8e0555f8dc7199e4170bf06d17b32dfe,fd0c762860528d119344e1377b574fc5,1
8e0b3bdfb5e901dde93bf9b4b36abbd2,e8c6039a25765995ac7c1ec2cbef5765,1
8e2055281d566229b5926cb77be54f81,4e0d588f8e002f2bad9cbe0b8f66f6f6,1
8e22f3dce83f57ae02fc53050460fa76,3516632e8f52b679ff83d1665ecc990e,1
8e2c92b2442298bd653b0e9aadf4c313,a8fe47ad6f852f93cc92c7b408687de3,1
8e2c92b2442298bd653b0e9aadf4c313,cd4536501f4e8486f233ea0c0e7e1ee8,2
8e31f8c64b847de447636be1ced917f2,73326828aa5efe1ba096223de496f596,1
8e714421b31bf0865e55be929d99384c,7ce94ab189134e2d3c05f496d635419c,1
8e714421b31bf0865e55be929d99384c,86c43103446290e7efacad3701cd654d,1
8e7c6f47bfa68b6497e9d19b0b62a3ab,1164c17af70425821f88bfbdc9e907a3,1
8e7c6f47bfa68b6497e9d19b0b62a3ab,83b00325c13c44245b2c3a2befa62a0e,1
8ea95e0fc3da49749b66835754e2062e,0e34187d4312b97b5e698836d28ed040,1
8ea95e0fc3da49749b66835754e2062e,72172e982e8b92155069e4201c92c0bb,1
8ec31beb5c890497f1872b5986d3cc26,72a30483855e2eafc67aee5dc2560482,3
8ec5cd31c230817837925dd75bc74eed,ad0a798e7941f3a5a2fb8139cb62ad78,2
8ec5cd31c230817837925dd75bc74eed,b0c89945c034268074f5f80b362bda34,2
8ee1cad41a25870e75e7b78230277898,9041a4cde4a900bc259d3b1b6847f6b1,1
8ef9add628931053f28350c0ad4bc7f7,154e7e31ebfa092203795c972e5804a6,1
8ef9add628931053f28350c0ad4bc7f7,2b4609f8948be18874494203496bc318,1
8efcf8d46a42df3522551b16380846fd,2f20a2013902657c0800ddf524514e4e,1
8efdcd51f527f5aec0875573fd2210b3,a1dd59756b92c62cd39375d0b0222698,1
8efdcd51f527f5aec0875573fd2210b3,ec2d43cc59763ec91694573b31f1c29a,1
8f08ba3c31b5bf076daa9541f3c607ea,3dd2a17168ec895c781a9191c1e95ad7,1
8f08ba3c31b5bf076daa9541f3c607ea,909b87db6cb3a7ab26bd03cc59860136,1
8f1794300ad248a55eae07168219ca15,183c95ad186f48c320bbac4643829d3f,1
8f1794300ad248a55eae07168219ca15,d696750e550fd0f733979dd7e5dff921,1
8f2050954f60245f76119e9c906d917d,1ac09f60f3c3bc2021c637ef23fa3248,1
8f2050954f60245f76119e9c906d917d,2187a2f05e362364c24d44feaeb40243,1
8f2050954f60245f76119e9c906d917d,ead6d52e3dc075669af5d7a1958b0f07,1
8f2fa110f45a5b5592f1593842b7e87d,8b5632d7a4f86bd2f1331355305427e6,1
8f2fa110f45a5b5592f1593842b7e87d,a54f350cdb1f303fe39221171d003852,1
8f3dca4306d5a89e4ae2c65c110603a2,af35be35db4ad0dc288b571453337376,1
8f4968221af78d6f248322ad465279fc,64fb265487de2238627ce43fe8a67efc,1
8f4968221af78d6f248322ad465279fc,e27c4dd075a521097a085bced0631ce7,1
8f567321ba12101dedc07c70b7021069,01ef0716b68c8493434ad32430c24e18,1
8f6ce2295bdbec03cd50e34b4bd7ba0a,aede48631330269f65a8d680de491657,1
8f6ce2295bdbec03cd50e34b4bd7ba0a,f196248e8b5d060cca414a664ea9a76f,1
8f6e909d54c48380666fa71e01a13d3f,3458b4c1fcbe46e2eedb48e00960a60e,1
8f6e909d54c48380666fa71e01a13d3f,99a4788cb24856965c36a24e339b6058,1
8f710f0d7e8dab5c8c1135e63b44de7a,67b0d38a61d8e4c1c1df7d56276302aa,1
8f710f0d7e8dab5c8c1135e63b44de7a,b66270a5d5b3a8585f8314b2f14420fb,1
8f7832ceda9edb617ec4db7ac64aac47,06edb72f1e0c64b14c5b79353f7abea3,2
8f7832ceda9edb617ec4db7ac64aac47,a1dd59756b92c62cd39375d0b0222698,1
8f891a5f40cb72bf5fabda4997b4a625,29427de7f8a9ee983d9dbc51cec569b4,1
8f891a5f40cb72bf5fabda4997b4a625,2dc2efef0bbccb4ea53e2a21cdd52dc7,1
8f99c3c4a5b88689042c2e70b8477b93,113f80f12c8892f0c59206f70b862b40,1
8f9c0dc510c12654a35d2add7a6c5d34,389d119b48cf3043d311335e499d9c6b,1
8f9f1a0464f6ab0e25650be9849b086d,06ad93d66e91d09df5ce746906d9658b,1
8fa1be88b8d4b3afb521ce3170ac9af1,5d92abea542c2022dfee91dd630f2697,1
8fa5ac8b4ec110223ff69c0eb10334d1,6bd248f93425ceeb625a8a97e2404112,1
8fa60adf18fe4fd010cad0b48f6fedb4,060cb19345d90064d1015407193c233d,1
8fa60adf18fe4fd010cad0b48f6fedb4,98d61056e0568ba048e5d78038790e77,1
8fcf63613662e902d775fa5aa245c5e0,7f4e034245e45549110139d1de248f83,1
8fdb30046559b506b2ea1588cdfded0d,c6336fa91fbd87c359e44f5dca5a90ed,1
8fe4f9a0d6a47babbd498127a9109bd1,a50acd33ba7a8da8e9db65094fa990a4,1
8fe4f9a0d6a47babbd498127a9109bd1,dfb97c88e066dc22165f31648efe1312,1
8ffa5e9fcc3da23113128e94d1c75706,422879e10f46682990de24d770e7f83d,1
8ffa5e9fcc3da23113128e94d1c75706,a02d0123079f4ae96001ba2010d1a2df,1
90203f82c4c1744c53453ac3a6c41b81,31b8e7c2a22f3dba5183cc110bdd72f7,1
90635f71a521f2261d8ce0462fa6b72d,c03d44fcdfabbabd5185c8eb60f77aea,1
90635f71a521f2261d8ce0462fa6b72d,c43ab4269cbf91b373263db4c2973cad,1
9066d003674f53303ec2ac527e940a5d,d370e908175e2f3b39bb7fd33fd4c530,1
906a8a4ec9f3d4c3e64fa6d1c4fe6009,a03e401d58a45187271718c5d7610422,2
906a8a4ec9f3d4c3e64fa6d1c4fe6009,b5aebb467d9a92162173cbd234e00d99,1
90733cb485a6e26204cf267efde660cd,8a26f391ab8b209f67d87dd358f6f004,1
9082dcf13bb5feb0e686d709eb35d02c,7620a27f1d6747511f1c6f0ddb63c0ef,1
9099c659f8cd764e87a1482d258fcec9,656e0eca68dcecf6a31b8ececfabe3e8,2
9099c659f8cd764e87a1482d258fcec9,b0c8da302d49498d2ce6be8c631e4e20,2
90c205b0bed658a20ba141d2960d6811,5eb564652db742ff8f28759cd8d2652a,1
90c312d2299d36c16bbaa3d717b3dfba,36f60d45225e60c7da4558b070ce4b60,1
90c312d2299d36c16bbaa3d717b3dfba,e53e557d5a159f5aa2c5e995dfdf244b,1
90df730a12d231d7e596d2f0f314b86d,ac5e164e2eda939ffa46593f90077f9a,1
90df730a12d231d7e596d2f0f314b86d,f39288f58793ce5e6985b3f7832af88c,1
90e1f0d98aa33c74e43fb62004a829dd,c6e3c9a59b663e36a8b95b2dde81fa33,1
90e1f0d98aa33c74e43fb62004a829dd,fa3bc8d73fe3b0ec061190651433a417,1
90e6d96b9838a8f9fdc7f89fb4325ad0,481aad97c80d6786a7c6096991003274,1
90e6d96b9838a8f9fdc7f89fb4325ad0,a62e25e09e05e6faf31d90c6ec1aa3d1,1
90eb1ebf728ec4fe76781e57ee59727a,0a9a9c25c5a06532d1766e00db833a7f,1
90eb1ebf728ec4fe76781e57ee59727a,31c1d1dfbb4b2730140b8bd9248bcd58,1
90eb1ebf728ec4fe76781e57ee59727a,b141c668aca84c5877a5c66bd94fedc8,1
90eb1ebf728ec4fe76781e57ee59727a,ede062bcd13ef64b5cc87369e4edaf62,1
90f323e9f0948ddd96c6f6a8ecc75830,9e0e152552a1323f7e5dcf63d50cdae3,1
90f323e9f0948ddd96c6f6a8ecc75830,bbaef2eadf31fe3ea6702077398be06c,1
910240400459e4edf250cddd2588bfd2,1937b3e587fc766c8d1cef0c11c6aa53,1
910ef561b28c67973b74ce21e0d252ea,c80525a7dab2df6000ca88a2e7197323,1
912d43df8dc8e521c94fcdd4c94f5879,5bfc7506459ae2a7b4b573fe557a58e1,1
91352e06066eef42b60b24049ccde4fd,027cdd14a677a5834bc67a9789db5021,1
91352e06066eef42b60b24049ccde4fd,99a4788cb24856965c36a24e339b6058,1
9139df8acf63b031fb8cea0b5118c1c3,423b46d7ff817b1cd19ab195c7b76546,1
9139df8acf63b031fb8cea0b5118c1c3,6fd82d8f842424334fedf31190e54d24,1
913e4a0664572d0652473b98b808e7b5,28a652ff04e43c1bc57937a9f8770f9b,1
913e4a0664572d0652473b98b808e7b5,656e0eca68dcecf6a31b8ececfabe3e8,1
913f9de018faaa8124e1162c01797f0f,67bd616e1ba0d3d3e8545f3113b0140d,1
9146de9c43fa373c4ce8af26c8db8336,b7d94dc0640c7025dc8e3b46b52d8239,1
917de9fb824d070a7f1f4db097cbea8d,09c3d39641970009c198caed304ccfc4,1
917f89acc35bd14a9431b158236799a8,a60613d36f37a7b27d3344f40f6a7945,1
9194f9aedc33b4f984bcdcc7da7461f4,5292d2a10d727811b78d5b7dfb6c96b3,1
919bf2617845a0f73acc0361cba58267,99a4788cb24856965c36a24e339b6058,1
919bf2617845a0f73acc0361cba58267,a91c1a94d83d36316c44e00e738607b1,1
91a8e898b4d523890123febf84dfbef4,4167a7ae0930579d1f27d465a1a042f0,1
91a8e898b4d523890123febf84dfbef4,c589625c8ccc7bfd2e8f1fb041e24c4a,1
91ae31a48a197417fe33ba44ad1b2ad3,4e45c321347cc3336c76fd6350da3445,1
91b8e44f51338493ba6f0d70a0f8fd8d,35afc973633aaeb6b877ff57b2793310,1
91c0ed5fde94a56b99e4ce6d43d0d6be,3bf486d35e1a39e53cffdbb457ba4c50,1
91c3c2b10f62dc342c721e0b7f73cc58,13944d17b257432717fd260e69853140,1
91c54819f9e5ef20191322ccff6ee282,25c38557cf793876c5abdd5931f922db,1
91c54819f9e5ef20191322ccff6ee282,e68a5a5626c4b1bfc5ca78202f898300,1
91d0504cf52d3f76b154c42d78979f39,009af1277432f1a05742df69cdf72d1e,1
91d0504cf52d3f76b154c42d78979f39,b623b7cb05ee3248fbe4a6ecbeed79a4,1
91d0504cf52d3f76b154c42d78979f39,e4c7ed7a832858c17d60ad5e38b00aba,1
91da289fa4deba62c108246d150a8f4e,36f60d45225e60c7da4558b070ce4b60,1
91da289fa4deba62c108246d150a8f4e,e53e557d5a159f5aa2c5e995dfdf244b,1
91dd7f1643bbaf4593c7fa25c29b9ac4,cb5d3d2427c53fde437c52bde24840e8,1
91dda3852e8a4757ed73fc91360cfa5f,9bb8ca338e5588c361e34eae02e8fad6,1
91dda3852e8a4757ed73fc91360cfa5f,f40876e0ef3cd5f9132b1f16b04b1346,1
91f10558da786019ebe471d3ab0dab5e,7686fe49c98ae1c537b5cc51992f5d20,1
91f10558da786019ebe471d3ab0dab5e,9c5eb07abad39517f560d32066739b5d,1
91fb82fe3e8b269f82616f53f2a4a690,3fc3d637781e5d185455013606a6e2cd,1
91fb82fe3e8b269f82616f53f2a4a690,832b74a0faa3b602a48e0f20990adaf7,1
91ffaf5eb7f4bd6a48b07f3546fb7a99,7814c273ab16783d73a9863ebfa8b141,1
91ffaf5eb7f4bd6a48b07f3546fb7a99,7b5d8be0e04080e4c8ee6a7ec2f1f597,2
9202421110f6a19ddcf0b9b93602a0a1,f7e0fa615b386bc9a8b9eb52bc1fff76,1
92046e40af14f7f88398c748bb559cfe,a5f6ba3fe91a2e73f10b612131cb2404,1
92823da6f72b9323c6d1eb127a030ff8,dd0dcee76f9c12fff4bc0eb641d57c7f,1
92823da6f72b9323c6d1eb127a030ff8,ff29d8cb1cd0cd5ea37b80dac9939e1c,1
929b8bad532f969fc414b7831ff3360d,25f86162fee18735fffdb762dcb10d7c,1
929f67fce8f269879084f50385a16354,16007704980fa90718364a0dd747133e,1
92b0705c6923fe44dd71b2b737687a7c,7340a3839a1de1e99d149b8cf052a2ec,1
92b435d41607b4a216f626b5fc7be0b1,76b7fa5da50b22fe17d1e7bbde661106,1
92b435d41607b4a216f626b5fc7be0b1,a3daee3915d4fb98376e039ede6bdea6,1
92c50a9a268f9f35ac5e97abf0de997c,81e7937893af4703d4d14ca3e3765b59,1
92c50a9a268f9f35ac5e97abf0de997c,e1901d5d99ca951543717ea5d1940a36,1
92fc4892f11581ee802e8e2fa4296433,154e7e31ebfa092203795c972e5804a6,1
92fc4892f11581ee802e8e2fa4296433,2b4609f8948be18874494203496bc318,1
9314de119b47bd8bc8aebdf47850b291,41b4baff1ceec845ba126eaeb07efa4a,1
9314de119b47bd8bc8aebdf47850b291,dd60cac04e6bcbc919cb1c7dcc473211,1
931a4a1a3e2cf8b4b4d33922f1469dbe,b9976e9c22fb1540bd71d1bcd2989475,1
93360190b9375a40b65720ee99387a4a,222efa72a47277d611b8b38d71149afd,1
9340969888ebd51eb9177f0ce98903d3,1e618d311a1b7f88a9d96ec50aa85582,1
9340969888ebd51eb9177f0ce98903d3,4b96786612ebe7463132fce2c4dca136,1
93427465b223bc8292b51bb86077b695,912d1fc21117a94dc8a67186df6010a7,1
93541741ba99116c5cf5773312eff953,88e84a987b4681434dedc0bc9e00826b,1
93541741ba99116c5cf5773312eff953,d04bbac48960ecb7ea311b00ca6e1cb7,1
935b9c5a3162185f88dac06d8d08d623,41c24b8ce92d1a2cac62db5edfd088b2,1
935b9c5a3162185f88dac06d8d08d623,461f43be3bdf8844e65b62d9ac2c7a5a,1
935b9c5a3162185f88dac06d8d08d623,e0d64dcfaa3b6db5c54ca298ae101d05,1
9361aa5e3772dd008881e7126471406d,3e5201fe0d1ba474d9b90152c83c706c,1
937d10a2d38126da018cb664c17bbdc0,5411e9269501a870cabf632f05655131,1
937d10a2d38126da018cb664c17bbdc0,c58a00c22983c35a40e549564aa0aafa,1
93805ba8be262fe253c4284751762866,920840f7899b13c467d223950c89e9e9,1
93805ba8be262fe253c4284751762866,a70d74f54feefedd8108c45553766340,1
93affc403753dca0735740ee2458860a,f46098048d1a0c30ce1495246b8fd752,1
93bc212addb25a5f5139fded3c2ee6b3,54d7ad85b648d3cb2b7069ed446d7f35,6
93c25a6ad8dd65c386a6b1093b7dc642,597d26435e8ef77bb0fcd26f6c07d486,1
93c25a6ad8dd65c386a6b1093b7dc642,e3e6af2b9a779d64b3589a5b56102d16,3
93ed318c43f54a2162e4377e7122ee0a,0dadef6ed70b861b14eddb3a3ca6b73e,1
9403bc2d1bc24edda854c1c389c14da1,53759a2ecddad2bb87a079a1f1519f73,1
9403bc2d1bc24edda854c1c389c14da1,9ecadb84c81da840dbf3564378b586e9,1
9407262ed391a65dd55d3e0d31866002,368c6c730842d78016ad823897a372db,2
940bac32390de617da8240fd9e9beb4c,880be32f4db1d9f6e2bec38fb6ac23ab,1
940bac32390de617da8240fd9e9beb4c,d6bbda35f0b8505c2f824f1d90295855,1
941590fb8aef66b3a8352fe7c691879e,b3e40ff639c185b9d726b4b19c17e6cd,1
941c336ba35bc4cbd3c5bda62cfaa767,775917a2882dceb1d02aaa6b1abc1b24,1
941c336ba35bc4cbd3c5bda62cfaa767,78efe838c04bbc568be034082200ac20,1
944779ed5e0464b49fbb2108382b0ddf,e84997d75938765ef99930f908ceedf4,1
9448bf54ca4a047cb99b0dee1a9bfa25,641a45900528e8324c4848dda4e0a3fa,1
944c48a5eb418eebf66fdddd731b387f,da051bd767b7457572d55aba23fd846a,2
944ffa79cd0634703c811391cecb666c,23ab7bb9eac81e85ec43ed71064cf7ce,1
944ffa79cd0634703c811391cecb666c,74939659dbb10592e383bebf2f78272c,1
94522b20d09262256d0ef263adf3ff78,e1e932dfb67414e80b87ad97688cf2a3,1
9458812dde49284a31993430471bad36,d26580768894ea0cdc9f19dc672956c2,1
9458812dde49284a31993430471bad36,e9a69340883a438c3f91739d14d3a56d,1
9475b70c3d9add279a65672fca348944,51250f90d798d377a1928e8a4e2e9ae1,1
9475b70c3d9add279a65672fca348944,76d1a1a9d21ab677a61c3ae34b1b352f,1
947e93a9bb28256adebe49f78cff07ad,e2e426d1332240070b0a836a854d057b,1
9484a5c41bc2e68c0a8f9c45d1d8c9bc,aa70ae9ee9a798d44ae6e00ce6d82cb1,1
9496fe4967f2117feed223238c7bcc39,1c55a8be0613dd888ed9c039cea3d660,1
9496fe4967f2117feed223238c7bcc39,3f0376e782caf27ef19342d8e5c7e6f5,1
949b75abf6fdda78201547bf5f4c07f5,44d097d59e8430f88a67517cd0c4f865,1
949b75abf6fdda78201547bf5f4c07f5,5d7c23067ed3fc8c6e699b9373d5890b,1
94a19681bf6faa3c6ce3e2df1c2d97cb,b623b7cb05ee3248fbe4a6ecbeed79a4,1
94ab38525c16d9d5ce977b3fe3405ab8,ee0c1cf2fbeae95205b4aa506f1469f0,1
94aea9aae532453c72b6afbfe0eaec10,36f60d45225e60c7da4558b070ce4b60,1
94aea9aae532453c72b6afbfe0eaec10,d5991653e037ccb7af6ed7d94246b249,1
94aea9aae532453c72b6afbfe0eaec10,e53e557d5a159f5aa2c5e995dfdf244b,2
94b9a50e7c20bb52bb4e7d4f174fc3b6,55bfa0307d7a46bed72c492259921231,1
94b9a50e7c20bb52bb4e7d4f174fc3b6,b9900407a55cb2b306ae612415c3340e,1
94b9a50e7c20bb52bb4e7d4f174fc3b6,e2cac69b319c0f8a21dbf04b925121bf,1
94dd59941e972cde278936a99898a8a6,a695ab8413ea83619cde9b18292d6aa1,1
951008c1c9df3fe4fead603a9afdcb3b,1486ffdf6241755c77f5345b01232361,1
95160caf14611a705759de6bf13555b6,d64a5abc068bfa0e7e1b7ad7f64fe96c,1
95160caf14611a705759de6bf13555b6,e4e9fa024c5f014419b395452a41987c,1
953a764d4d1592d1776410e0f8aef17b,3b94e26edc496743bbce82c42f0a9903,1
95491ad3bfe9015696e52711fe5bddf3,5176d8670222d50ebbe4d4c5dfba2b49,1
95491ad3bfe9015696e52711fe5bddf3,ff29d8cb1cd0cd5ea37b80dac9939e1c,1
95828271d6bee6d5eedcd00e639d67a6,629e019a6f298a83aeecc7877964f935,1
95828271d6bee6d5eedcd00e639d67a6,91b08d34d0ba4db44da2dc382867ba49,1
95a3ac562ffc17755618fb67ce57ef9a,4ac50dbde931c0a5ed8c33d3dc047351,1
95a821edad2488ed9e7c805716ed6ce7,2b0ee2d07306f7c9ac55a43166e9bb4b,2
95aaa16c1b45878b2bf84bca34869884,2136c70bbe723d338fab53da3c03e6dc,1
95c673245afd9e175e46590ea80fd159,9d0aa87e8df1bdbe0f79353520a2d538,1
95cfb39a7e263160308a934e42cfc4e0,7f55769896fc6596e7251490b8b5e536,1
95cfb39a7e263160308a934e42cfc4e0,b6e352d888ba31d8999af279cd63aa24,1
95d47153b9bc4d0fe3b9c714c4b19c3b,154e7e31ebfa092203795c972e5804a6,1
95dd9b92502a995203fad959a4ca1695,6a2961a3f5c85026ed1b3406a9ac27cd,1
95dd9b92502a995203fad959a4ca1695,6bd248f93425ceeb625a8a97e2404112,1
95ec7fc6a1605502060075958c3f9852,422879e10f46682990de24d770e7f83d,1
95ec7fc6a1605502060075958c3f9852,7d854ab97c64ef9df2bbfaf332765786,1
95fc0e6f6939f521e44a588ff18eacb9,7fab1a1472fdd934397068931f63f3ca,1
960118b2d734220509690e16787f955e,0f1734abf5ee5d3b99353b7ccb117426,1
9604f001b227d66379f0fc355985ac34,385a33a408e9c35c9fbc2025c12f3784,1
9604f001b227d66379f0fc355985ac34,b0c8da302d49498d2ce6be8c631e4e20,1
961ca706a9f7e9d6a4ba81922cde9730,4fcb3d9a5f4871e8362dfedbdb02b064,1
961ca706a9f7e9d6a4ba81922cde9730,f4f67ccaece962d013a4e1d7dc3a61f7,1
9620e26af0dfec5a16a52cd2afa81717,ee406bf28024d97771c4b1e8b7e8e219,1
96278eb6dace1f0dce1f78d760d5587f,0aabfb375647d9738ad0f7b4ea3653b1,1
96278eb6dace1f0dce1f78d760d5587f,6c3effec7c8ddba466d4f03f982c7aa3,1
962c6b5225cdd53c41509bc38d3a8217,a9008450835cd38eabdf07eb6dd04bdd,1
965ee81499bb090eed9fc893366d415c,90aa2ab699cd0e459be93124aa91c82f,1
965ee81499bb090eed9fc893366d415c,ce6f74096c84567f22728c84f3d6e7fc,1
96701d73665eab8fc6fecb9863266efe,060cb19345d90064d1015407193c233d,1
96701d73665eab8fc6fecb9863266efe,a62e25e09e05e6faf31d90c6ec1aa3d1,1
967eb85deeab5124df2165cdada917f3,50fcba527cde578e212f114ba5cfdfef,1
967eb85deeab5124df2165cdada917f3,f264c1d9b20b5e4a340254d0405e613b,1
967ee07cb69460a7e1d42c7747142572,b150110bc5afad8ff2cce5cd50c8e2a2,1
9689908caf4de73724feed92175d867a,dbb67791e405873b259e4656bf971246,1
96b0a471aba52c813773729f3831ba52,7c6fbb3a5346dfd607386155c6f628f8,1
96b482d81d31251add90a9fe63fbbcec,389d119b48cf3043d311335e499d9c6b,1
96b482d81d31251add90a9fe63fbbcec,422879e10f46682990de24d770e7f83d,2
96d3a3257161c32fe93aea0e38b16515,36f60d45225e60c7da4558b070ce4b60,1
96d3a3257161c32fe93aea0e38b16515,3f14d740544f37ece8a9e7bc8349797e,1
96f5df0366df128842849c1d0514bc7c,1ccef988a8dd457a93b0b4833b8f0724,1
96f9204de777192f8feb7776d3cd09b4,cec09725da5ed01471d9a505e7389d37,1
970e5961383615662043afa2d9c68802,1d3ecbda18167c766a3381fd16108e4a,1
97107c892093c359b94a37cf51e09d27,c1cf541d5b33a4b04ddc1c3be7aa1c86,1
97258e1c1f77f32358eccd1c9ee5954d,6f33a4a09ae1180a0ee1ff4682b2d21f,1
97354adbd0f6a51d9c26ba45f72e5374,6413f7a28e149a324c4a914000399fb2,1
97389ed5addd9b9f90dc5b64f3e4f938,d537e54e990d95194a5733e79f1af1aa,1
97389ed5addd9b9f90dc5b64f3e4f938,ead72457c58dcea14f94c2223c684716,1
973f2fba63a7eb540f8860b0c75b63cb,fbce4c4cb307679d89a3bf3d3bb353b9,1
975d7beaccb4e4d98358dcbc564b878b,5d0a7cb413c5b59233c57177fe2f20b0,1
975d7beaccb4e4d98358dcbc564b878b,dd6a505f83dd3c6326aa9856519e0978,1
9764c899917199574678b4d3f1aacfa3,5b8a5a9417210b1b84b67b9a7aefb935,1
9764c899917199574678b4d3f1aacfa3,e5ae72c62ebfa708624f5029d609b160,1
9764c899917199574678b4d3f1aacfa3,fe59a1e006df3ac42bf0ceb876d70969,1
976a39626eb2337ee3258d4ad73f1543,a1efe4a86746c22541813e22e1d23e33,1
976a39626eb2337ee3258d4ad73f1543,c9af29e8a0c52866bb2c9f5f6344d9b2,1
9775c540f0a4db487f546de3cdc5eccd,b38b25d838ae0b8385e8cc68b9017644,1
97ba9c6276256eca910e8d36e78abfa8,36f60d45225e60c7da4558b070ce4b60,1
97ba9c6276256eca910e8d36e78abfa8,e53e557d5a159f5aa2c5e995dfdf244b,1
97bc08e526795b17e1d4f642f77ae304,3d74d787086b0e22ac320ae43b240aea,1
97bc08e526795b17e1d4f642f77ae304,b4f9530c931398e215242293c2c8ba4c,1
97c4e515366dff570902bf8eb583d4c5,5da831182fe9ba6ab33ab17bbc5d16c7,1
97e5501feb2532ef0e124d2dc4e86537,283dc451ad3918badb976d56ff887289,1
9819390871759f4e81b4e1843e4d5c42,4f0abfbee7569e43b80f9aaa256a9bf8,1
9819390871759f4e81b4e1843e4d5c42,5f42d57952b7815098979a5c4fa6f82a,1
982f532d3e8e8177c57361a39d1b1492,6f2d7833b8f0a094571ebddebdc6623a,1
982f532d3e8e8177c57361a39d1b1492,b24af8bca8813bcde4140ff8562f5e47,1
9832ae2f7d3e5fa4c7a1a06e9551bc61,461f43be3bdf8844e65b62d9ac2c7a5a,2
9832ae2f7d3e5fa4c7a1a06e9551bc61,53b36df67ebb7c41585e8d54d6772e08,6
98341ec53bd2130c32390570d0929da9,cd48f265a63e13b762601f5f794c5fca,1
98341ec53bd2130c32390570d0929da9,ed77034b92386a1a8cfd3c648d715dde,2
983994b46a18dce5db8648ebf95754af,362b773250263786dd58670d2df42c3b,1
983994b46a18dce5db8648ebf95754af,774ea72f37a7fbf1fb32b973a18f2348,1
9846c216ee14a40400f4aae954eaeb59,f2e53dd1670f3c376518263b3f71424d,1
9860181c6781bd3f0f3379866fcf7970,817e1c2d22418c36386406ccacfa53e8,1
9860181c6781bd3f0f3379866fcf7970,a155b4eeffbbec8a728eb1ad73705153,1
9864e405ffd4792b33e48e3976a6a2f9,88bd8458fdc2ceec3e71ef1d867a7b45,1
987240c66392cc81f1a1fb47f54356b3,ab1106e227a745836a0dc83b374e2575,1
987240c66392cc81f1a1fb47f54356b3,ed2067a9c1f79553088a3c67b99a9f97,1
98758d88bf4b8eef1372ddee45d63178,fe59a1e006df3ac42bf0ceb876d70969,1
988213615ddf70c848904b3885619b2f,764292b2b0f73f77a0272be03fdd45f3,1
98883b9e1d9d9c46c298c69146db811a,51d646c5c93e0f1de543528d0e24eadc,1
98883b9e1d9d9c46c298c69146db811a,a1bf559ac1eab015ba992bd76d9d76c7,1
9895459a777c96d1f180c344fc5fdefe,12760bcacfaaf1457bc36e601e26dc79,1
9895459a777c96d1f180c344fc5fdefe,170b033abb14ccc92a21b95dba58fa90,1
989aabc133cd6097fb2fc9c4a919af4b,736f1b87428f9cfe5f5184c4ac0fbe05,1
989ff17eed965d5e5949b4d9a6f6af67,e000ecbb2e86143e74b3b2c3cf15f21e,1
989ff17eed965d5e5949b4d9a6f6af67,e5f3a09149ee7db697907f61e7366267,1
98a8081d6f922b47f0b48d0b10665047,12087840651e83b48206b82c213b76fd,1
98a8081d6f922b47f0b48d0b10665047,73326828aa5efe1ba096223de496f596,1
98ac019a5eae363963d9b119e5e080ae,55bfa0307d7a46bed72c492259921231,1
98ac019a5eae363963d9b119e5e080ae,b9900407a55cb2b306ae612415c3340e,1
98ac019a5eae363963d9b119e5e080ae,e2cac69b319c0f8a21dbf04b925121bf,1
98b69c34f0422d2e025280b55531166e,389d119b48cf3043d311335e499d9c6b,1
98b69c34f0422d2e025280b55531166e,a19b6951c75da43aad691622dd2f6abe,3
98d9a0f7e940e0750fbf72f9aaab1210,a9b36aaa68ebd315701524c822800f29,1
98d9a0f7e940e0750fbf72f9aaab1210,f2af004352a06a99dca765596240cbc3,1
98e3117841a2431959d17808f04bf23c,87283a98b24f9f1ac3a31b631073cf47,1
98e3117841a2431959d17808f04bf23c,aca2eb7d00ea1a7b8ebd4e68314663af,1
9907b05bea16fa69340d1baee4a9fa13,28b4eced95a52d9c437a4caf9d311b95,1
990d8ee178bf5e1724e920166ded0c64,88c20c5a22f2ca169af8cfc2df00a7a2,1
9910e92c18776a14048773cef6592b91,7b35ccd93a2184646c03b70326626923,1
9934d9121d7b75929c14c754f1ffed75,9bb8ca338e5588c361e34eae02e8fad6,1
9934d9121d7b75929c14c754f1ffed75,f40876e0ef3cd5f9132b1f16b04b1346,1
9935b7e2683de890a208026f020e54d3,5113c9a5037013b0a750444df6dec60f,1
99411da41bbc717063cad61397ddf465,5bd7e57735a44e529bf066fee83a9c60,1
99411da41bbc717063cad61397ddf465,8b51c6ccc9c0548c951214e1cd1547ff,1
994a8e69d70eae460644d0b6db5048e9,12abc33641a0d8f9b6ce13e8753f5749,1
994a8e69d70eae460644d0b6db5048e9,a30ea5a9dbd95db5a674c4beadb4fb0d,1
995facb032e4446a511762f5f842eb11,9ff8568dfb9041b898e65ff4018c8c57,1
995facb032e4446a511762f5f842eb11,cf5407ad3a5c603fa46d5c2613661a09,1
995fe9426f030109b1614044edaf46d9,0aabfb375647d9738ad0f7b4ea3653b1,1
996fdddf8cd5bbb99b221fcaf5ba1359,03b58043df5d7424df7eac2be2511c51,1
998f20f15dcdc4cd0dcc8ae495645864,5d6bea33648f018dbb563f3a2fab09f3,1
99d1962d736052c7b8793ba94126c377,43f88c8353708451babf9bcdd1fda92a,1
99d1962d736052c7b8793ba94126c377,d6c2073fdc29a2931d1900fe474134ec,1
99d2a67470a906a6a8e3dd375750bc85,052413504e5295cd66ec4ced0b310062,1
99d2a67470a906a6a8e3dd375750bc85,b2e22c958b453a43a650a579dcac2e43,1
99d697dd68fad729283560abe0adae43,34dc9ba20762290886d4d94d07a102e3,1
9a2344afe2d1a43559906bd456567a9b,36f60d45225e60c7da4558b070ce4b60,1
9a2344afe2d1a43559906bd456567a9b,3f14d740544f37ece8a9e7bc8349797e,1
9a30b2294f18ddcee9918dd3f3554407,016cae136d358dcdacbd7ac9f1864c09,1
9a371e2e79f2b84ab837c96b91e8f079,9348cf658c9f20576186a9f3b82c58c3,1
9a472b2130845c605e1581b58e27b504,3a362c0e7f9a69276e2d95869a3e143b,1
9a472b2130845c605e1581b58e27b504,4f0abfbee7569e43b80f9aaa256a9bf8,1
9a48ced89d3cb5391a88e7a43118f9b3,616042729c11849827291496b18e9ec5,1
9a56d30e286ddea1374c143d111de34d,35afc973633aaeb6b877ff57b2793310,1
9a56d30e286ddea1374c143d111de34d,99a4788cb24856965c36a24e339b6058,1
9a60784678a900f0bf537e3b9bd9f736,8b45810da2ef9860496d56f62435fc40,1
9a60784678a900f0bf537e3b9bd9f736,a06766fec51c96d4d0bce282906735eb,3
9a65dbebd1fc503bcff809884ee4639c,c2c00c360a8407127ec5393828933bc5,1
9a7b819bc0d6d9e9ce14fc7bb3925ff8,9c31382f02ac001fe1a33a466471d98c,1
9a8b7a30b4598a9714ba770d034a3d89,6002665d65ee348dcd357c7bb2f080bd,1
9aaa6812e0daefa1f7edd5f772297d2e,2ace3826b9a1b13030adc77ae9ae7902,1
9aaa6812e0daefa1f7edd5f772297d2e,99a4788cb24856965c36a24e339b6058,1
9aae8213ff9bc04cc3ce48b85f43a173,4b96786612ebe7463132fce2c4dca136,1
9ab6bf6526a2012673c221eab415e362,4ebab6a2135a2477b657bda38646b64b,1
9ab9e6724cc65e59593099f18081fd35,25f86162fee18735fffdb762dcb10d7c,1
9abba9caa203cd4344b8c918d6ade26e,399656db7a0d49d36300b81120bffeb1,1
9abcde7f53b638ba7990754105e300a0,59a0529af96d3d459965f044c5cd1296,1
9abcde7f53b638ba7990754105e300a0,6d53aac0a317895a3d25dd19d821ec0c,1
9af2c271654a36a48beefe342ba6208a,9af9fb5e25c1c09f035e01b7936f6c6e,1
9af588da106c929a4c0aa0578ec90d80,4ae634441e444ca4bc85903cafe98d73,1
9af588da106c929a4c0aa0578ec90d80,ab9cf155f8280c3739b09fe341a185e8,1
9af713649e755bdd42938b78b4b2d538,43423cdffde7fda63d0414ed38c11a73,1
9af713649e755bdd42938b78b4b2d538,87cb507e0daa37bbf34956fd59eba832,1
9b22d6fe1f74d6e1aefec789415ec847,72172e982e8b92155069e4201c92c0bb,2
9b3225366562c086e3d5d7f26630f925,29427de7f8a9ee983d9dbc51cec569b4,1
9b3225366562c086e3d5d7f26630f925,3354a4e684f5e7199f9407db70ccd92b,1
9b352d0736779ff0e21fcbd59a7141b3,fbce4c4cb307679d89a3bf3d3bb353b9,1
9b74eb2e52bbbb88985c2fb43e02beae,a91c1a94d83d36316c44e00e738607b1,1
9b74eb2e52bbbb88985c2fb43e02beae,d2f5484cbffe4ca766301b21ab9246dd,1
9b8180cd4fe75a8acd576d0408ff8bf4,081cac4fc215928a462eb2c06a14dffe,1
9b8180cd4fe75a8acd576d0408ff8bf4,69b45497bec8e36af6fd1a31b2cd8f9f,1
9b82602fc3e9a153752f16553752d58d,0f91b6a95a57a43203a9b17de98960d9,1
9b82602fc3e9a153752f16553752d58d,fbc1488c1a1e72ba175f53ab29a248e8,1
9b85684cedccb35b49cbad4fcfe04417,52c80cedd4e90108bf4fa6a206ef6b03,1
9b85684cedccb35b49cbad4fcfe04417,c4baedd846ed09b85f78a781b522f126,1
9b9aa67941ab5886ffebd2e42a24c537,060f0122cdc8f25db4a0d7359fdae7b0,1
9b9aa67941ab5886ffebd2e42a24c537,57f2bc497c1a3ebe41ba7a06d78ed159,1
9bb5ee90bbf9e5dec4a866a9d1117328,b59b5899ecf4bcc294a72fdd48adaa94,1
9bc618f4342f7a10359d134f63241aa9,0152f69b6cf919bcdaf117aa8c43e5a2,2
9bc618f4342f7a10359d134f63241aa9,7ca5f56188492e30c50ba64de188aae7,1
9bca37310a1cc59159af130954a00334,2c71438371b35f7ce3c2511d6b0927e7,1
9bd9da79f0355157190afe3d551274dc,100260bf9206d859dc8db128c8c5afc9,1
9bd9da79f0355157190afe3d551274dc,a2a91fe6d8762e0371abd964cef88ec6,1
9bf8115570e9625107dd9705f6941f3a,553e0e7590d3116a072507a3635d2877,1
9bf8115570e9625107dd9705f6941f3a,8aa87bc5f3053b4df2b05a2d3059790b,1
9bff67cbd491a775eb1e262b778da4e6,b1d207586fca400a2370d50a9ba1da98,1
9bff67cbd491a775eb1e262b778da4e6,b36f3c918c91478c4559160022d3f14e,1
9bff77a776574edf41418ddd01bcbb4e,422879e10f46682990de24d770e7f83d,1
9bff77a776574edf41418ddd01bcbb4e,a064fbd13bfd3d9654eeb35bb47d9caf,1
9c18cd0ba86443dce5c2e5157cbd2eff,f7f59e6186e10983a061ac7bdb3494d6,2
9c2014c8ebe041a98e9603375cd7bb6b,2e513e110e3f95926fa3d1ac44444ff4,1
9c2014c8ebe041a98e9603375cd7bb6b,389d119b48cf3043d311335e499d9c6b,1
9c3a23565ded3e71fc8979579e8f091c,154e7e31ebfa092203795c972e5804a6,1
9c3a23565ded3e71fc8979579e8f091c,ec1faa2edc27ce32372fee59d1f9e969,1
9c4220872289f4e0239410f49e02e189,99a4788cb24856965c36a24e339b6058,1
9c7601f15a64084e0e54df80e188eaad,2b7fd8137a4b6427e3547cd05d3aca49,1
9c7601f15a64084e0e54df80e188eaad,d272d0921188b0bd91542d704b21404e,1
9c760a39c48113c1450dd5b65958d7fa,d64a5abc068bfa0e7e1b7ad7f64fe96c,1
9c77a1587900063f6156b00224fe16e9,1eaf224c19e07b6e50bf0119eea1dd26,1
9c77a1587900063f6156b00224fe16e9,607ef4aa416b93fdeb2a811c2c73ad81,1
9c77a1587900063f6156b00224fe16e9,8a443635fdf9759915c9be5be2e3b862,1
9c83f21126fe233bad5a62397cbc77aa,a334304f952399f2161225628a9d2891,1
9c83f21126fe233bad5a62397cbc77aa,b38b25d838ae0b8385e8cc68b9017644,1
9cb94124fb0fda10d04fccc5477573b6,36f60d45225e60c7da4558b070ce4b60,1
9cb94124fb0fda10d04fccc5477573b6,3f14d740544f37ece8a9e7bc8349797e,1
9cc5a07f169a1606fd347a56683e6ea6,24c66f106f642621e524291a895c9032,1
9cc5a07f169a1606fd347a56683e6ea6,9bb8ca338e5588c361e34eae02e8fad6,1
9cc5a07f169a1606fd347a56683e6ea6,f6584475ef4b8710cec93be723766326,1
9cc6513293fe015ded4e98c49bfe536d,34239894e175b17d8c84edc6c73b4dad,1
9cc73b2f1f13d58e4e11389fde3e2402,c1617123e66d2491ca93ceadfd36203e,1
9ccd3694bf9d11a53846dcc5c105e7b6,35afc973633aaeb6b877ff57b2793310,1
9ccd3694bf9d11a53846dcc5c105e7b6,99a4788cb24856965c36a24e339b6058,1
9ccfff93c79f3dd996cce15f26480c5b,9bb8ca338e5588c361e34eae02e8fad6,1
9ccfff93c79f3dd996cce15f26480c5b,b8a0d73b2a06e7910d9864dccdb0cda2,1
9cddd676a8bc6d15f3c0c464d382fd2a,d1c427060a0f73f6b889a5c7c61f2ac4,1
9d1773d6d4fb3faaf3173924d181952a,3bf95cf337a8c87435a2949c48350fc7,1
9d3c48d289165bcb34568746020c8be5,10717ff440b2320081989126e858b220,1
9d3c48d289165bcb34568746020c8be5,95ec3f7e237a87df9935a570ab6ef266,1
9d42d5ee226121b6dc867197ce0529cc,777d2e438a1b645f3aec9bd57e92672c,1
9d4dad0a5382a8d234d0ad979dc594f2,2ffb8b836bb62d53a77a69a67814fffa,1
9d80519e08456666caea8e3d582488f2,422879e10f46682990de24d770e7f83d,1
9d8130e675ce6c1f24cd519444f7642b,14555ba663de8689feacf1d0819cc3b3,1
9d8130e675ce6c1f24cd519444f7642b,ae7d8348fbef50928a680454fffbca00,1
9d841a91b5b7d1451157dbc8cd94ae8e,014a8a503291921f7b004a5215bb3c36,1
9d95d5b59bb358271f0999a86f02c074,bff2390f68a7b76b01ef61b684888261,4
9d95d5b59bb358271f0999a86f02c074,d9e7d13814ea50f9ae1f612ef6b3a1f1,2
9da9fdedc4814415367b1caf679f8625,b8a0d73b2a06e7910d9864dccdb0cda2,1
9da9fdedc4814415367b1caf679f8625,f40876e0ef3cd5f9132b1f16b04b1346,1
9dc44558922ff57d14d99f20d37f440f,1a428b685ede76217c9efb550c4aaa59,2
9df0c554a0b37fc0c8d3ca2f4a47ef7e,cd82271424be9568801391194697361c,1
9e47811def6c1467905f6bbcd016d179,9351b1e4334769dc0abe871ee3c7abc3,1
9e4accf95024aa6565ca1efcadb96752,0a57f7d2c983bcf8188589a5fea4a8da,1
9e4accf95024aa6565ca1efcadb96752,83e68070fbf16ac859fc13285a5ba9ba,1
9e527c9bc89a4228e5d8e136712ec63e,21fb5057dd6a737df6851a7ab7a130da,1
9e527c9bc89a4228e5d8e136712ec63e,ca9c04665b3deab07935392e7432cdbe,3
9e7aef9f78fa2e1ae37d51898c3ea692,1a428b685ede76217c9efb550c4aaa59,1
9e7aef9f78fa2e1ae37d51898c3ea692,428f4b96ba9f630e761b333673039ae6,1
9e84ca21d685766b9f52ee1232c47e49,68bf40b3abd5ffc25981c25df9ed9087,1
9eaed62db4e25ad2ac2fcdec58a8e6cc,4298b7e67dc399c200662b569563a2b2,1
9eb6958dbab7b4136d22e411cfa8ff03,d1b8f5983d9573c8e523b8c56a59497d,1
9eb77967122094a4eea4084933b47a1e,fbc1488c1a1e72ba175f53ab29a248e8,1
9f10a450cddebea0e7cd86f67c894d1c,8562e2c780a345b609e1b802d7e3e4ae,1
9f15c64a6078b40c97b3a742c8677b2e,def59eb2e17b32b980b5341984f6b500,1
9f227c6fa314eba38c6481b38736ba75,186fe07c8b8005ec6a498587ffbc1352,2
9f227c6fa314eba38c6481b38736ba75,6c55ba2343f9df32c7f88a468352ff22,1
9f227c6fa314eba38c6481b38736ba75,7703b8cb5b77fbb36518ea91e2ca734f,2
9f227c6fa314eba38c6481b38736ba75,7dac8901a50cf3317d5372cbd3186ecd,1
9f37b1215df84eae065524290b66cba6,9cb2ed2f273027b8daa3b0863368105c,1
9f4c68ce46a6cb44330dcf4ba7d7d9b7,946344697156947d846d27fe0d503033,1
9f4c68ce46a6cb44330dcf4ba7d7d9b7,ad0a798e7941f3a5a2fb8139cb62ad78,1
9f57a690cec758524945e9e990cc2255,00ba6d766f0b1d7b78a5ce3e1e033263,2
9f5b78334246addf67c6b0545bc7dd2b,35afc973633aaeb6b877ff57b2793310,1
9f5b78334246addf67c6b0545bc7dd2b,99a4788cb24856965c36a24e339b6058,1
9f5e91d56f3c3c192a0ee7fa88de7113,5d90b82ad1fdff812987fa28158b7984,1
9f5e91d56f3c3c192a0ee7fa88de7113,68bf2e76db1d8e846042e54da87399ca,1
9f67aa18a87ea9a76854deeb9385c011,020a80cb704bf65f38761fcedf2af192,1
9f6a13c93d886acbefe16ad39bbfb85c,5411e9269501a870cabf632f05655131,1
9f6a13c93d886acbefe16ad39bbfb85c,b623b7cb05ee3248fbe4a6ecbeed79a4,1
9fa090c27af98e6e37f23c0cf4feeb14,46e4940f28c9231a801873e62ca55c53,1
9fb5481b271c1f4e3afa3fffeff3db93,574597aaf385996112490308e37399ce,1
9fbc6085aef8a6c39c5c177e7634c4e4,f20a14d45e85b05ef554d10d7283f7da,1
9fdf694ddd72ea586dc72ceb7a0d2d91,0d86ff0b639e969a11a7b3dce67e181c,1
9fdf694ddd72ea586dc72ceb7a0d2d91,5f00c50de3d989194f0439e343480372,1
9fdf694ddd72ea586dc72ceb7a0d2d91,a04f52ded97b5530e8783e3c002b90f0,1
9fdf694ddd72ea586dc72ceb7a0d2d91,b8fefc9c1f951969968e904d08bfa8cd,1
9fe8cb705d35cf54025160f9f01b7cc4,8640f0c0e2d0af93274cad7452f80034,1
9fe8cb705d35cf54025160f9f01b7cc4,d2d39433df84064b1556612cc52cefca,1
9fe8cb705d35cf54025160f9f01b7cc4,dc52f0f5d3ec37a93eaf956cde4e5d2c,1
9feb173c01e083d641d2a5ec10b304e5,368c6c730842d78016ad823897a372db,1
9feb173c01e083d641d2a5ec10b304e5,389d119b48cf3043d311335e499d9c6b,2
9feb173c01e083d641d2a5ec10b304e5,53759a2ecddad2bb87a079a1f1519f73,2
9febc9f07c093eff66ee9dae0dba9aa8,a19b6951c75da43aad691622dd2f6abe,1
9febc9f07c093eff66ee9dae0dba9aa8,ef66e63137bdd1b2e44aa968646fc1e3,1
9ff6787921b9aecefdb9c8212ebd8679,99444c1e11fc38755dae86f5c67d3d1a,1
a00a13ac36037d575bb016caf8f50d53,c1488892604e4ba5cff5b4eb4d595400,1
a029899dd8534557a81c369475ff80c8,2f13d1dc8b4e1d9d8027be50339546a9,1
a029899dd8534557a81c369475ff80c8,368c6c730842d78016ad823897a372db,1
a029899dd8534557a81c369475ff80c8,389d119b48cf3043d311335e499d9c6b,1
a029899dd8534557a81c369475ff80c8,422879e10f46682990de24d770e7f83d,2
a029899dd8534557a81c369475ff80c8,53759a2ecddad2bb87a079a1f1519f73,2
a08abf6ef3509b1e3b0e96bea4dbe96c,3a98bcea866c31f53b35a41d3822f908,1
a0abd26659c9914690cbd3320d39fd96,5d5288d3096b9becaa3566f64fe88110,1
a0abd26659c9914690cbd3320d39fd96,65266b2da20d04dbe00c5c2d3bb7859e,2
a0abd26659c9914690cbd3320d39fd96,cd48f265a63e13b762601f5f794c5fca,1
a0b8cb877c42bab28dc9548a600ca0c7,7b717060aa783eb7f23a747a3a733dd7,1
a0b8cb877c42bab28dc9548a600ca0c7,dd4c3b4ab7e001aaf385ea2e68952030,1
a0d58c3abf0bc947e39f72976db72428,7a5d0e89d069c89b2112e9da539343c2,1
a0e0770d529c5da6dd71d5be8620aa3b,2028bf1b01cafb2d2b1901fca4083222,1
a0e0770d529c5da6dd71d5be8620aa3b,bbaef2eadf31fe3ea6702077398be06c,1
a0ec75d54358c7f8aa3d2fd6f1fcf523,6fd82d8f842424334fedf31190e54d24,1
a0ef77ac3d3662b055dc12b045da37ed,42ec84ace63b58b8c5a7ba7be01d5fb8,1
a0ef77ac3d3662b055dc12b045da37ed,f7a17d2c51d9df89a4f1711c4ac17f33,1
a0f0afc7a4efcbaf3013321cf39269e9,4cc8bfa581f41841ce5e24aba773a44a,1
a0f0afc7a4efcbaf3013321cf39269e9,c354569eefd558bf201d0aedf35608ed,1
a1044dd75b74fbc485b040575a14acf0,b4436da747c3a53ab07ac0e71de17dcd,1
a10fe3c477989c968aa284bd448b1d5b,dbb4ce89c8ed5fb6fd901e2e51093179,2
a10fe3c477989c968aa284bd448b1d5b,f71973c922ccaab05514a36a8bc741b8,1
a12a621f30840fa2b54038c8b8a3c0c9,c6ea63369936552872ae890c82175b4b,1
a12a621f30840fa2b54038c8b8a3c0c9,f1c7f353075ce59d8a6f3cf58f419c9c,1
a133f658a4d462264b8d4d8cbb282393,7c6fbb3a5346dfd607386155c6f628f8,1
a13d3e08e93017d233c021a49d9a2c54,3ce943997ff85cad84ec6770b35d6bcd,1
a13d3e08e93017d233c021a49d9a2c54,b7d94dc0640c7025dc8e3b46b52d8239,1
a147b35c04951884b4bbd65a0085cf88,d8f254be723da6488610b42935533b05,1
a184ab92a07993e1127cce0765981979,7a9cf133da2a6494259ffeeab11b6276,1
a1874c5550d2f0bc14cc122164603713,20531b0644a0719b8d506c4db3c56609,3
a1874c5550d2f0bc14cc122164603713,33f17ed3c6906f7a7ae17a0843536db4,1
a1874c5550d2f0bc14cc122164603713,389d119b48cf3043d311335e499d9c6b,1
a1874c5550d2f0bc14cc122164603713,5440e1ed49a1153d573b1543dd10d95e,1
a1a374f4c131638dc698c76bebd11769,3cc4b421c1f28dd22e86fc4aaafb600e,1
a1a374f4c131638dc698c76bebd11769,87d780fa7d2cf3710aa02dc4ca8db985,1
a1a374f4c131638dc698c76bebd11769,8a443635fdf9759915c9be5be2e3b862,1
a1bb96820529725c3c79a77c69e7e792,6e40985ec667ded54668d2b70a7aa0a2,1
a1c1665f040ebd05f327c8e9dc1cdf4f,d1c427060a0f73f6b889a5c7c61f2ac4,1
a1c61f8566347ec44ea37d22854634a1,c4baedd846ed09b85f78a781b522f126,1
a1cdbc5dca5586402ae4d87f099258a0,a3fd6c4ecde9035c3e8dd4e0fd8b8048,2
a1cf0b1b6d8bdb6170db08446546b6f5,35afc973633aaeb6b877ff57b2793310,1
a1cf0b1b6d8bdb6170db08446546b6f5,50e1b118f266b655f613f753914c42db,1
a1d53377ab83871b0ad483b03ac69d6c,8920f1824cd68512eb6fb0b0f41004bf,1
a2027a1c6f9e04a875c44ea09061d3f2,06edb72f1e0c64b14c5b79353f7abea3,1
a2027a1c6f9e04a875c44ea09061d3f2,64fb265487de2238627ce43fe8a67efc,1
a231b02134665d0d59438a0008e6e082,36f60d45225e60c7da4558b070ce4b60,1
a231b02134665d0d59438a0008e6e082,e53e557d5a159f5aa2c5e995dfdf244b,1
a2340c8d2161d51eb6bfd2880c84f58c,42faf2e98f0486405f5dfac48e5cba7d,1
a2340c8d2161d51eb6bfd2880c84f58c,6fb42788c5ef9affaa2fec30ca8b6053,1
a2370b590b2453d5a748d4c4c35f900b,35557c68a22ecebcf066e25ca2ddc144,1
a239b8e2fbce33780f1f1912e2ee5275,03bb06cda40712fb8473f7962fb7d198,1
a239b8e2fbce33780f1f1912e2ee5275,ecf23a6c1689e2bed38171ececac6138,1
a247a15216fff8c0dfde06ecdc550388,5d5288d3096b9becaa3566f64fe88110,1
a247a15216fff8c0dfde06ecdc550388,ecbe1ef7e2903ff8b1d704ba78fa264d,1
a24b6a5a883426cbe71b43fd0a3d508a,0bcc3eeca39e1064258aa1e932269894,1
a24b6a5a883426cbe71b43fd0a3d508a,368c6c730842d78016ad823897a372db,1
a24b6a5a883426cbe71b43fd0a3d508a,53759a2ecddad2bb87a079a1f1519f73,1
a262442e3ab89611b44877c7aaf77468,3e442d09f9dfef002aadf31960869f65,1
a262442e3ab89611b44877c7aaf77468,e84997d75938765ef99930f908ceedf4,1
a26fff917d367b218a794da1eecba3fc,41c24b8ce92d1a2cac62db5edfd088b2,1
a286380edea73341e7bc2e88e703e031,4d0ec1e9b95fb62f9a1fbe21808bf3b1,1
a2979436ea8e2cadacb6bd64e8b37d9b,7d0e0214a0852cf0c90032c7992cf27f,1
a2b7188b91416738f3f713f6e107f276,7e6c4a0bf900e259f50ba63331fd2785,1
a2cc1d19b7e7709a50efc5501e2d52df,422879e10f46682990de24d770e7f83d,1
a2d2201f14b81eb836de9fef6d305311,19c91ef95d509ea33eda93495c4d3481,1
a2d2201f14b81eb836de9fef6d305311,3fbc0ef745950c7932d5f2a446189725,1
a2d8125361b16f316df65f4603b88e23,f4f67ccaece962d013a4e1d7dc3a61f7,1
a2ee01609cebac76651bfc4814f5500e,3c261802e239d1f2dcda5ed49aa14220,1
a2ee01609cebac76651bfc4814f5500e,b1f32fc9713cf8c0813fff7c9c8262b2,1
a30af9d68fbfcafb8451854c528587f5,060c17562f97e5bb60bc0dfa4dd5b3f2,1
a30af9d68fbfcafb8451854c528587f5,ae7d8348fbef50928a680454fffbca00,1
a31ef19138e1e8ddad1c8c30612a044d,c21afe62d4629a660593fd9b5e6223bb,1
a327e19095ffb086d25f7ee477c9d3c6,5bfc7506459ae2a7b4b573fe557a58e1,1
a331b262a1e59c1452d774af0e33c465,bce474cc95b6e77657e10939b0b4248c,1
a331b262a1e59c1452d774af0e33c465,e0d64dcfaa3b6db5c54ca298ae101d05,1
a3531b78e25e6948ff198a441c30b8eb,45e9db074ca64dc81ee6f06185544d6e,1
a3531b78e25e6948ff198a441c30b8eb,9c7bdf67b06b419aefb93cfdfc96c55d,1
a358f5086c8e4e3e935c9bbf8b6db573,24c66f106f642621e524291a895c9032,1
a358f5086c8e4e3e935c9bbf8b6db573,330144665b875c2b4555f88d9f4ed7c1,1
a368079a0bebc82daf9ee12fd8a6ccd1,64fb13596caf118c438edc5c6ed2d50a,1
a368079a0bebc82daf9ee12fd8a6ccd1,d5ad2be418dec48e9d0c4745e431c384,1
a38b86dce31f7c014a0c958b548f6a64,e07cf6c8c490ceac43740740459d87ff,1
a38b9fe75865c4716f17f8f5cb8e7a6d,1dc7685f4fdb9622d84ae2ec658d5bbf,1
a38b9fe75865c4716f17f8f5cb8e7a6d,e256d05115f9eb3766f3ab752132a4e2,1
a3933b244e31797e3d98cfadd9e1ef08,8c591ab0ca519558779df02023177f44,1
a3933b244e31797e3d98cfadd9e1ef08,d1c427060a0f73f6b889a5c7c61f2ac4,1
a3b3611519b288e646558999d27d0e82,bff2390f68a7b76b01ef61b684888261,1
a3c22bbd3ae5d6200ac82078b67eec2a,5403528d987ad26e8d7cb25940411987,1
a3c22bbd3ae5d6200ac82078b67eec2a,c3ba4e8d3cb30049213b682e751e9d00,2
a3c776e946f1056964f85942ce783c40,9bb8ca338e5588c361e34eae02e8fad6,1
a3c776e946f1056964f85942ce783c40,b8a0d73b2a06e7910d9864dccdb0cda2,1
a3dc27d87234f862d7e61a0148c77fa9,994ab76f0da3349fffcfe5d598e9babb,2
a40096fc0a3862e9e12bc55b5f8e6ab2,67fc455b96e0908bc5e0d917237b2977,1
a41b86830f14039dc56fb5a1879879e9,3685c687db4b3d2da5085d23b408e93a,2
a41b86830f14039dc56fb5a1879879e9,e8ca14b6c60a3194f2353bbfe0287bbe,1
a4238bd7610115c6ba248432a104766a,99a4788cb24856965c36a24e339b6058,2
a437e42f784a39406852ce706b09ffb2,2f20a2013902657c0800ddf524514e4e,1
a437e42f784a39406852ce706b09ffb2,7efd7d1a1a985eae9fecdb134fd657d3,1
a44b31b99d33ba6c128b857d28842ea8,be0dbdc3d67d55727a65d4cd696ca73c,1
a44b31b99d33ba6c128b857d28842ea8,d8a77723111124b921fd73b3914e8cbb,1
a4669a28dd126c93ca64ddf49a15e496,36f60d45225e60c7da4558b070ce4b60,3
a4669a28dd126c93ca64ddf49a15e496,e53e557d5a159f5aa2c5e995dfdf244b,3
a484d6a80277ccf24d9980cf34c47546,583f158587cdecda3e8bdea694021e39,1
a484d6a80277ccf24d9980cf34c47546,c329abd2a10fad4a2f83377956328c67,1
a49541d03e056ca867d3b96f267b8a9a,9ad75bd7267e5c724cb42c71ac56ca72,1
a49541d03e056ca867d3b96f267b8a9a,cad2db5e318d7283a234c517b2f28a42,1
a4aade0ce7988cd421340d39d0fba92d,368c6c730842d78016ad823897a372db,1
a4aade0ce7988cd421340d39d0fba92d,389d119b48cf3043d311335e499d9c6b,1
a4bfe05c0977b521c31704c8aa540c39,48ee9be392f28ae3a64518a070f4d06a,1
a4e456eca4b667dc31e1881a4b56b319,2cf9ec82c2ca858baedfb2c2e5c06b6f,1
a4e456eca4b667dc31e1881a4b56b319,4298b7e67dc399c200662b569563a2b2,1
a4e71a98a7a1490fff07e7a65cf06be2,3516632e8f52b679ff83d1665ecc990e,1
a4e71a98a7a1490fff07e7a65cf06be2,d0a672bae47ae7c26b8e1e2ec152edcf,1
a50ba93de0b9232054725bee745d71f0,9e2ce829b01f3d1a0a9d5ddf7ee21864,1
a50ba93de0b9232054725bee745d71f0,de17feec1983829fec4bc58cadaa43f3,1
a518c60e2e7f3a2820b4ef5cf5107189,66a0a6e02b7f543e5b021ce361f267d4,1
a518c60e2e7f3a2820b4ef5cf5107189,e0ce26ae52c9ab0b8c8e42129d6c1996,1
a54de86aa4370cc93031bb4e99d436b0,ee15827f0aa0a837f8edc88de60b7850,2
a55e19719dab7efad8d5b7b0bedf5326,00905d58c87afcbce21420b3712cacaa,1
a565d889e6411ccbb4232fdfec246789,777d2e438a1b645f3aec9bd57e92672c,1
a565d889e6411ccbb4232fdfec246789,e68a5a5626c4b1bfc5ca78202f898300,1
a56d7533e35b29f5c591bf498b6cc6d1,89b121bee266dcd25688a1ba72eefb61,1
a56df37f1251ec47d5ad53dab3043f38,f819f0c84a64f02d3a5606ca95edd272,1
a57efc75b64a030eb02c4ebe7f48e45f,36f60d45225e60c7da4558b070ce4b60,1
a57efc75b64a030eb02c4ebe7f48e45f,e53e557d5a159f5aa2c5e995dfdf244b,1
a58c3fb6af3c545575b2d93dd050aec9,0bcc3eeca39e1064258aa1e932269894,1
a58c3fb6af3c545575b2d93dd050aec9,422879e10f46682990de24d770e7f83d,1
a59169a3afbcf3dd2c01d3edcdd7d024,d316be2b41acc6a122548a0d08570ca6,1
a5ba329297100ea689fa263768b35b8b,65650c84064ff1a79e4a05988f4c3e9f,1
a5c62e7e896b7e6ed95d39714f51304a,06c6e01186af8b98ee1fc9e01f9471e9,1
a5c62e7e896b7e6ed95d39714f51304a,7f0362988b16ac7b5f65dc5fd0fbc77f,1
a5c806ebe5b25d0ab1e7f0da0e17d6bc,81288df52439985f610be64465e53f57,1
a5c93e7b12545f61cbf92efa2d77f1f3,1a909e04ddbc64bda3fc905834678201,1
a5c93e7b12545f61cbf92efa2d77f1f3,4298b7e67dc399c200662b569563a2b2,3
a5c9660af607788526f45b6774ac2594,77cc62dc80ebe12a0452d1ce0565acdc,1
a5fcbc9e71f8d589a161c685cadedd6e,f7c7bd3105bd26ce0de4072af7159f84,1
a6067b8524c5ace8872e34f87a37c3f1,cfe6e9c01d0bbb5df9a75f0e3286baa9,2
a6067b8524c5ace8872e34f87a37c3f1,ec8ae427905e10052ee4f1e9993b6763,1
a61a0484f0c42f81f6299b8d89123823,500870614ddcf5bd84f7d26861026c8a,1
a61a0484f0c42f81f6299b8d89123823,8c154410716f31649d25e436f7d5d838,1
a660768f87f5460dead886e622dd5741,cd48f265a63e13b762601f5f794c5fca,1
a660768f87f5460dead886e622dd5741,d99526b1e4fa5f57b8bde34a7337b5ee,2
a66315c850c3712707754c1eca7a8069,b60c241f66e031959b70e1c60725f0bc,2
a676674630bb75afa401d173d691473e,a50acd33ba7a8da8e9db65094fa990a4,1
a676674630bb75afa401d173d691473e,dfb97c88e066dc22165f31648efe1312,1
a68ad412c53f45ccc69644d62568224f,14dffa241a078aeaebaef48a49e807ca,1
a69d31a5f6011df99d415808d6d640b9,04ea63ab87df726ebf45c0982dd90a1f,1
a69d31a5f6011df99d415808d6d640b9,920840f7899b13c467d223950c89e9e9,1
a6af4c9bc9407009467c56b92f0d5a66,717e96fd0fc2d06fe158982bce5e6a8f,1
a6af4c9bc9407009467c56b92f0d5a66,cac9e5692471a0700418aa3400b9b2b1,1
a6c0dc36c5d39cfa7e5a8bba7f08f560,eef398550dd9575d23eb2d8be74bd45a,1
a6c7bbea6e469cbc9a4cd1fe3c7aff12,2029248294c186017ecfc48cecd47bbd,1
a6cc2b0e951069e78ca04b7c5d68d8af,11875b30b49585209e608f40e8082e65,1
a6ccdaa678f87c99610b6767570a0bce,43423cdffde7fda63d0414ed38c11a73,1
a6ddea592cbc5da9970a9a9803c07347,35afc973633aaeb6b877ff57b2793310,1
a6ddea592cbc5da9970a9a9803c07347,99a4788cb24856965c36a24e339b6058,1
a6e56ce065f297714559452de03a2ca6,1427b126f61597524866770b05d4eed2,1
a6e56ce065f297714559452de03a2ca6,17878434ca0082537806de545c2f0351,1
a6e56ce065f297714559452de03a2ca6,2b4609f8948be18874494203496bc318,1
a6ecedfb81724dfa96774f35c0aba2f2,b0c89945c034268074f5f80b362bda34,1
a70f7f3e8d47b1ba38c8069096af384b,c8c969c3a6423f48df9fde8a13e6770b,1
a70f7f3e8d47b1ba38c8069096af384b,ead3077a141a9c800d6a4bb9d0d415b6,1
a72a2d4e19868dba726c0e6f49198c7e,0bcc3eeca39e1064258aa1e932269894,1
a72a2d4e19868dba726c0e6f49198c7e,657247f6f60543b93e3cc708a8e6329c,1
a734b778c0eaf878d7954324c135d3e2,368c6c730842d78016ad823897a372db,1
a74c55db1520986fe4c117a54a0fc287,79da264732f717f10ebf5d102aa6c32a,1
a74c55db1520986fe4c117a54a0fc287,dab2413ead0edda9967edbc9bda2a64e,1
a74cca5b53aa3fb9a6841f847033dcc1,11dcc970f7a5581e1bf777b6da3f7096,1
a74cca5b53aa3fb9a6841f847033dcc1,59fc88d07b8100b80600e42f3e5ac79d,1
a7657330b1c135f3acd420326e335b2c,0cc18feec97e534a363ec0b14c632692,2
a7657330b1c135f3acd420326e335b2c,67b0d38a61d8e4c1c1df7d56276302aa,1
a7751ca7aa429b41cf9065a425d52aea,36f60d45225e60c7da4558b070ce4b60,1
a7751ca7aa429b41cf9065a425d52aea,3f14d740544f37ece8a9e7bc8349797e,1
a783997c6d6e57782d4d2dcbc5c9edaf,3dd2a17168ec895c781a9191c1e95ad7,1
a78856b0e5b47a539274777a789acd6c,0bcc3eeca39e1064258aa1e932269894,1
a78856b0e5b47a539274777a789acd6c,389d119b48cf3043d311335e499d9c6b,1
a78856b0e5b47a539274777a789acd6c,d1c427060a0f73f6b889a5c7c61f2ac4,1
a7bbfaf8a288c45dc38d4693535dd63f,e456721fdab66b576664c035ad183965,1
a7d9a3e447614288937ad2bba991676c,b17808303e15dd50538c011b44295427,1
a7f21a9577f8813f7dd7c2b57c4ee7fa,2eb384017334e47db9ccf364216799df,1
a7f45c1961dbd98e7a14f3d38ea11c06,09b0d15a8cc9a84e7af7e0225f67dc45,2
a7f45c1961dbd98e7a14f3d38ea11c06,a02d0123079f4ae96001ba2010d1a2df,1
a8013fd4e4acf9c0c679bda6d572eeee,516ccdc0667fe7e260156d1998ef9546,1
a8013fd4e4acf9c0c679bda6d572eeee,8d7d29e5fb9ff5333009326c87fc04e9,1
a80153762f273240190493c26154bd87,c403e106353e1aa40efe783ecb39ed7a,1
a8060584a077038962852f3184a4571e,145028037adecb27b1a58cf9597676cc,1
a8060584a077038962852f3184a4571e,c92a761aaccfb831d4220d44648f260a,1
a80a048ab08d27168131328d4e2fde1c,4e1346d7b7e02c737a366b086462e33e,1
a80bfbd1e59358c3afb4b2980455f171,06ad93d66e91d09df5ce746906d9658b,1
a83cc01cd09394ced3e8c97808d94d7d,0a4093a4af429dc0a9334300e5c13ae5,3
a83cc01cd09394ced3e8c97808d94d7d,e0cf79767c5b016251fe139915c59a26,2
a865a3f8b39809ab1ba53cd0e8122999,a54f350cdb1f303fe39221171d003852,1
a8953e3d7677addada63eee79b91e7ff,36f60d45225e60c7da4558b070ce4b60,1
a8953e3d7677addada63eee79b91e7ff,e53e557d5a159f5aa2c5e995dfdf244b,1
a8df4001abe77cf8473902c2b7efe418,5af8f974918d5e68bc22ea894296adb6,1
a8df4001abe77cf8473902c2b7efe418,74ae869eb82594d9cbe6e934cf143e0c,1
a900ff99a192cbaf6ae8e867a95117a3,89005f5c60b53829a9a617fe5e292221,1
a900ff99a192cbaf6ae8e867a95117a3,ca5c923962558430573f83661dbe36d6,1
a90cee8ed0f5b3e060f3127580f0ed49,9b37a918bcf2c8e1064e867cf1df4637,1
a914b2be4782207abc6758095ec9e8aa,e988092a8afe5d9393a5c3a7ca17691c,2
a944a93bfa1d65b1523c45f9ccb01ec0,bd6e6fce9ada76ea2db0f1912e8e478f,1
a95a7250342fa968f37ddc74a5199ae6,a50acd33ba7a8da8e9db65094fa990a4,1
a95a7250342fa968f37ddc74a5199ae6,dfb97c88e066dc22165f31648efe1312,1
a97d43b24d76819903192611aca17914,59c1840441f4df065f52760bf51a8442,1
a982bd0fec12d781fecd9f1e17cb81bf,2b7aa376a6e728560bddb5558cc48e89,1
a9ad87d8be80f58819a2f5872e17d6be,748b719f4cbfdcb99cae90bf4bb16217,1
a9b4929689bc74b4d8764b7214a9bbc8,186fe07c8b8005ec6a498587ffbc1352,1
a9b4929689bc74b4d8764b7214a9bbc8,87cb507e0daa37bbf34956fd59eba832,1
a9bf88ae7e6a141ebeb3369b4914d488,027cdd14a677a5834bc67a9789db5021,1
a9bf88ae7e6a141ebeb3369b4914d488,e78506414d2563b6414cfd84b7fa0802,1
a9d7b1930b1726fae8b6bd573b7dcb11,211293b50935ced8d4370f552c482d74,1
a9d7b1930b1726fae8b6bd573b7dcb11,7cb5b984262835ef46a1ed83d04d0d44,1
a9df27d1c8633d9edf7908edba7a4116,5d0a7cb413c5b59233c57177fe2f20b0,1
a9df27d1c8633d9edf7908edba7a4116,d6bbda35f0b8505c2f824f1d90295855,1
a9e070f61d35aa13e420c8597b5ccb3d,380b4664ba5bb18cc9db78ee6bac3558,1
a9e070f61d35aa13e420c8597b5ccb3d,9c7ce59c96e74dfdfc51f13a4a6c3869,1
a9e4348b76f85861ada324e72dc92aca,562502b79845deae9bcd86384921a2c5,1
aa158429a498b4afb75488e56032f193,5d6bea33648f018dbb563f3a2fab09f3,1
aa158429a498b4afb75488e56032f193,7b5d8be0e04080e4c8ee6a7ec2f1f597,2
aa2630ebac79aa0c7749370b705121bc,5eedf4c1aa6ce63c49b7e0c547bf0ad9,2
aa2dc299bd56aea7e298c4877f03603f,f4d705aa95ccca448e5b0deb6e5290ba,1
aa326373dd3c719eeb21d742971eff9f,2f20a2013902657c0800ddf524514e4e,1
aa3bf249b773d47a88cd191c16152086,82a61259a621866c4ba63743da29a342,1
aa45ad6fcba95488ece6beda576c7106,8c38d21062ec6ee492c3500d01150b7a,1
aa591348866497ba6bf83de62e4f8813,372124d6931c4bc48dd0d56075ebee7c,1
aa5dd0414c0e9ad24f22e06bec1dc805,6d83ca45d94919027131b87caf3b2a6c,1
aa60cdc29dfb37e9388bdd20aa4d7a61,242edc6b84c00f0d48c664a020a92c52,1
aa60cdc29dfb37e9388bdd20aa4d7a61,5411e9269501a870cabf632f05655131,1
aa7601db46d40e3f6a3a8a7d72797729,3fbc0ef745950c7932d5f2a446189725,1
aa819ffd42a7a52ddfaee53f024fafdd,368c6c730842d78016ad823897a372db,1
aa819ffd42a7a52ddfaee53f024fafdd,985c412b0ac92ed9d8a76bbeab6d44eb,1
aaa346447b09efdc442a08b80e86d77a,2d27434c710806b971a721da337a112a,1
aaa346447b09efdc442a08b80e86d77a,86c43103446290e7efacad3701cd654d,1
aaad6d68de5490cba508e4203ddc87de,060cb19345d90064d1015407193c233d,1
aaad6d68de5490cba508e4203ddc87de,98d61056e0568ba048e5d78038790e77,1
aab0cf2b7b1d9c3fd242397d73ed044b,5e98b7fecc62c3ebeaa8252269b2d6fe,1
aab579a39b1b5c223c2e1a4bbf8ff977,36f60d45225e60c7da4558b070ce4b60,1
aab579a39b1b5c223c2e1a4bbf8ff977,e53e557d5a159f5aa2c5e995dfdf244b,1
aaebb8c7afcdabf86258d26301d4ee06,566a4f2c4385f36d15c00dfcaae132d1,1
aaebb8c7afcdabf86258d26301d4ee06,62ad9a8972411e333e16347051a98e2a,1
aaf97f99c731d8d84810ff16e6ded10d,9ac3471b9357338ea8054108a00389e3,1
aaff146bd210808c7d004a05966472a7,283dc451ad3918badb976d56ff887289,1
aaff146bd210808c7d004a05966472a7,42a2bd596fda1baef5719cb74f73030c,1
ab0f956f72812ae4636be4e15b58031e,f4b952dd7ab601c02bb1bd06395f45f6,1
ab0faabf48c8c0108c13277d2b701f16,be1c4cf8a2d2aade623eb7a646d2a0bc,1
ab243cd9e788d689cc822380f59616e1,6af89b97a841482f79c52765bfe0d699,1
ab2833d17fa6bccadb045eaf458e7e5e,cce679660c66e6fbd5c8091dfd29e9cd,1
ab2833d17fa6bccadb045eaf458e7e5e,cf6514025ef5d3a93d69d2a7bfa4036b,1
ab58f2fb5f71caac6366303095c0cd41,20090bcd0d43eb49feb63d53d387780b,1
ab58f2fb5f71caac6366303095c0cd41,3fbc0ef745950c7932d5f2a446189725,1
ab654ea423caf4fd8644891d185c3fc9,2d27434c710806b971a721da337a112a,1
ab654ea423caf4fd8644891d185c3fc9,86c43103446290e7efacad3701cd654d,1
ab6a9070b1a32a6ded0bf6410399ab55,ad4b5def91ac7c575dbdf65b5be311f4,3
ab6a9070b1a32a6ded0bf6410399ab55,e6b314a2236c162ede1a879f1075430f,3
ab70705eee7a807cd34221f71dc53d42,3f14d740544f37ece8a9e7bc8349797e,1
ab70705eee7a807cd34221f71dc53d42,f293514e0176006f3af40d473cf24a1e,1
ab744045d2445f5bae53b57a4b99bfbf,10335f29114548c89998eb43398f58e5,1
ab744045d2445f5bae53b57a4b99bfbf,c708ba7c6269161f89ce0683cdd7c432,1
ab93bfed86e2417198d66cf58945442e,6d68112743e7ed2de3932554b033f544,1
ab93bfed86e2417198d66cf58945442e,fde90f06296b26995fd0de6f16610d70,1
abbfbf1e1a64f6826febdfc96c3887e1,a412a4cce5810a2d4fc9ce36664a929b,1
abbfbf1e1a64f6826febdfc96c3887e1,c69ee3d090e5c25f7e8633b164fc001b,1
abc9e5b32caf6ec0c8fa356117b66d66,774ea72f37a7fbf1fb32b973a18f2348,1
ac307db9d15fc5bb19b61298bd6bd1ed,0ec96e6d31a1493b0475805c9ae1a0a2,1
ac307db9d15fc5bb19b61298bd6bd1ed,e9a69340883a438c3f91739d14d3a56d,1
ac41f579acca6c3b73f910753216d632,6f33a4a09ae1180a0ee1ff4682b2d21f,1
ac94b0426cf12741dbd4c0138a2afa73,946344697156947d846d27fe0d503033,1
ac95cdab584cac0e86ce97a5399ecf79,d9e7d13814ea50f9ae1f612ef6b3a1f1,2
ac986f7ba1b566e5116f30662a1c1d41,4ae634441e444ca4bc85903cafe98d73,1
acaf5177d6de60fda7ce77c48abb5230,34dabb8af33b3756cf72df05fb327011,1
acc374bd9024806a83121b1d2565db2f,21fb5057dd6a737df6851a7ab7a130da,1
acc374bd9024806a83121b1d2565db2f,f35927953ed82e19d06ad3aac2f06353,1
acc4424c209233de519e034152f30304,93a12c289ca2b78e7069e469f5053ef2,1
acc4424c209233de519e034152f30304,e59dd207c69d86e890febadc796d1078,1
acea6bd29b8c1e3c6a8b266a8fb4475e,14dffa241a078aeaebaef48a49e807ca,1
acea6bd29b8c1e3c6a8b266a8fb4475e,3c261802e239d1f2dcda5ed49aa14220,1
acea6bd29b8c1e3c6a8b266a8fb4475e,880be32f4db1d9f6e2bec38fb6ac23ab,2
acea6bd29b8c1e3c6a8b266a8fb4475e,8d98dedc3c19de17f1a090195e85d6b6,1
acea6bd29b8c1e3c6a8b266a8fb4475e,d6bbda35f0b8505c2f824f1d90295855,1
acf91aaa6f337456d3c506a5a494552c,1da5a90b5fbd1e1bc37b7bbb999c7bd3,1
ad155bc0931cb6bab63d4ff2515c3159,38ef617a023fc4398829dd8c2b9e8be6,1
ad155bc0931cb6bab63d4ff2515c3159,9d32095f76b97762307e86cfc18dd7a0,1
ad45f980fbeb063f41cbbf20bc3e8399,c45f017c36f9112a8bb4f170edfb1870,1
ad6f43630e7b620fe39325940b8e9cf1,90b86c830114ddc888f6380a223ee285,1
ad7072317d373de9bdc9b4ed5b6c5a85,3db75f31b76375c502f64d550dcd1166,1
ad97668eed5826a5d800b15351bea269,688ad0169550f8e2eb0307b61df3ba12,1
ad97668eed5826a5d800b15351bea269,8ed094bfe076c568f6bb10feada3f75d,2
ad99c498c47110d1f9347a154f334d88,29fd9022374ff3fef2e8f82c39b4133e,1
ada6236b6bba2b0c3588aea846e43afb,64fb265487de2238627ce43fe8a67efc,1
addc1082e059523e5ef2e7486d1d8905,368c6c730842d78016ad823897a372db,1
ade4eefdf0232fa26f1988cb56edc58c,389d119b48cf3043d311335e499d9c6b,2
ade96e0b2c4e31ee44d25203a746d311,781afe929e3016a667f5f439afd55fce,1
adfe61acba44add7d03a0eb04abd79ec,059ca09d32720d9adce3ae12e181339d,1
adfe61acba44add7d03a0eb04abd79ec,d8cabd83757ecf48a7d2628dee9135c1,1
ae0ef1d2e3a62b54a83dadad4db14f5d,1acb18fc869c5489d5f76abcd681165e,1
ae1d1e3aace44aeae97187488325c43f,1427b126f61597524866770b05d4eed2,1
ae1d1e3aace44aeae97187488325c43f,5526b1ae9ab2688cf600783cece249df,1
ae207cf8119fd10e3b9ac24570089fad,288dbc06591742c5d7fe90fbfb08943e,1
ae207cf8119fd10e3b9ac24570089fad,4b456247c6fd6370f0c01903b0c6d67d,1
ae20947231d4d44dde1680a7ab14d90a,bdb4be6ce2f7f2b5be0a16088028c7fc,2
ae3b415f236744102ea56e54097f16f5,2de5c479fb0c490a0f2a2f3ab36e71b6,1
ae3b415f236744102ea56e54097f16f5,f9b178c9fdc90bbcfbd6c6b49ed47d4c,1
ae3e48f07b8242fa45f29dca1ce36a08,4910917f05092f331bf3a477f791cc01,1
ae3e48f07b8242fa45f29dca1ce36a08,86c43103446290e7efacad3701cd654d,1
ae3e48f07b8242fa45f29dca1ce36a08,907539b8216ca1250e5e974b4047699d,1
ae3e48f07b8242fa45f29dca1ce36a08,d2d39433df84064b1556612cc52cefca,1
ae4040757eb5b3be43a7c0ea27260d50,35afc973633aaeb6b877ff57b2793310,1
ae4040757eb5b3be43a7c0ea27260d50,99a4788cb24856965c36a24e339b6058,1
ae4395be33e633d0c87010d59847e5ed,e0d64dcfaa3b6db5c54ca298ae101d05,1
ae44510fbe1ff7826298182f9f21aee9,73bcea88583002fe12b7399af4ae60da,1
ae44510fbe1ff7826298182f9f21aee9,e0d64dcfaa3b6db5c54ca298ae101d05,1
ae52fa61f27bd494a25bc4c101fa29d0,7c1bd920dbdf22470b68bde975dd3ccf,1
ae52fa61f27bd494a25bc4c101fa29d0,b1acb7e8152c90c9619897753a75c973,1
ae7b79796d47ab59f417a154efcdbb77,b1bd4278cdf42ce07b61d1a19d1aed07,1
ae8482b27b2119e2c3278f5ddf9c1024,0d85c435fd60b277ffb9e9b0f88f927a,1
ae8482b27b2119e2c3278f5ddf9c1024,ee57070aa3b24a06fdd0e02efd2d757d,1
ae864af1d62fc952073ddcd1ab59a233,005030ef108f58b46b78116f754d8d38,1
ae864af1d62fc952073ddcd1ab59a233,75c06ee06b201f9b6301d2b5e72993f8,1
ae899cddd0d9a9ae7f10099595241089,9257d3f01cd400076c63470f92434c7e,1
ae899cddd0d9a9ae7f10099595241089,c0350d6ac413eda4641bf92ab687f1b5,1
ae8f90eee944188a461e71e76c2933ac,ee3cfb33869693f2a7e8417c795d8cfc,4
aea1ccbc3f29445178036e658e686eb1,4fcb3d9a5f4871e8362dfedbdb02b064,1
aea1ccbc3f29445178036e658e686eb1,f4f67ccaece962d013a4e1d7dc3a61f7,1
aeb60b971e54df6473d586ada758ca72,ad4b5def91ac7c575dbdf65b5be311f4,3
aeb60b971e54df6473d586ada758ca72,e6b314a2236c162ede1a879f1075430f,2
aeb8478d4eba0ec09751b4c9341b3cac,41db6d8062fcd38410c699743ccc0265,1
aebc1c715aad58419ecb2d919f449127,aa280035c50ba62c746480a59045eec4,1
aebd72416330dcdb02e8d478fd81c9f6,36f60d45225e60c7da4558b070ce4b60,1
aebd72416330dcdb02e8d478fd81c9f6,e53e557d5a159f5aa2c5e995dfdf244b,1
aecfcfbdbed5deaea72b8f500f5bd071,c7b3cf9de7be95b3e09e7a63315685eb,1
aecfcfbdbed5deaea72b8f500f5bd071,f71973c922ccaab05514a36a8bc741b8,1
af0450a3075f107a38cd7daadc98f990,70120d2f9b9193aa0030342072d8adec,1
af0450a3075f107a38cd7daadc98f990,94fb18015068e3550e6a8f0729558904,1
af0c56271f45797ea6bcb96de7de9a8e,14dffa241a078aeaebaef48a49e807ca,1
af0c56271f45797ea6bcb96de7de9a8e,aa280035c50ba62c746480a59045eec4,1
af0f26435fade1ca984d9affda307199,be59d6c35e43e4bae41772d4b87136a4,1
af417df88fa589d65603e559ee80a22c,35afc973633aaeb6b877ff57b2793310,1
af417df88fa589d65603e559ee80a22c,99a4788cb24856965c36a24e339b6058,1
af4a0bb895d2c8c821bd955648aca24e,665aa1d687284a4d2d2b74c0c6724625,1
af4a0bb895d2c8c821bd955648aca24e,9ad75bd7267e5c724cb42c71ac56ca72,1
af4fa1cf57ef7ad8c28fdb80f86258d0,a9b36aaa68ebd315701524c822800f29,1
af5b766ebb8329a34871cbafc1e2352b,4f0abfbee7569e43b80f9aaa256a9bf8,1
af5b766ebb8329a34871cbafc1e2352b,5f42d57952b7815098979a5c4fa6f82a,1
af5e9dd2db7d2ad0a110f3a4b02fd783,1bfe62f326ac7bec0f5a83c10cfff228,1
af5e9dd2db7d2ad0a110f3a4b02fd783,a9f480bfc49f0b85e8394e1cdf685b4e,1
af7854a3570a864baa19f099c67d3e07,5215505db2113a032810c3644c346a38,1
af7854a3570a864baa19f099c67d3e07,57f2bc497c1a3ebe41ba7a06d78ed159,1
af9665a7a1cf3fb1ae02dd83e8c54c8d,8ced2631a18d2e0814557875b3bb907b,1
af9665a7a1cf3fb1ae02dd83e8c54c8d,9d32095f76b97762307e86cfc18dd7a0,1
af999d9279d4befda914eca18a9c0251,a53d9459ab35c28053d6b7732fb8ca07,1
af9a52ccfb2dc56579bcbdce3fa127a7,07c055536ebf10dfbb6c6db6dbfc36e5,1
afd7854781ccdc3222b69421f9c7c6ee,386486367c1f9d4f587a8864ccb6902b,2
afd7854781ccdc3222b69421f9c7c6ee,9e2d3a8d8ffad53e2e35282a2020221c,1
afed5a21e94b4e3e5fbe6c7e4bc92f4c,ed2067a9c1f79553088a3c67b99a9f97,1
aff7f8b5669fbc5d6f6097ce45e63b19,97017430754804328eb9597b7f85da03,1
afff0a82d666cefe84a5bbafc923f8cc,516ccdc0667fe7e260156d1998ef9546,1
afff0a82d666cefe84a5bbafc923f8cc,8d7d29e5fb9ff5333009326c87fc04e9,1
b0244718d4393188d94d5dce8224f2ff,d017a2151d543a9885604dc62a3d9dcc,1
b02f8d4c8c69decddc438e6daf08982e,15de022edf1005363381e66bed514528,1
b03d35ad6272610aa766b2e1559f43c4,005030ef108f58b46b78116f754d8d38,1
b03d35ad6272610aa766b2e1559f43c4,51250f90d798d377a1928e8a4e2e9ae1,1
b0468c2f2573d7b6bc5bc33479785e2a,4deb009c36a910076a023947a7929201,1
b0468c2f2573d7b6bc5bc33479785e2a,a1e903cd2d23763ef8b85ec12eb79d9c,1
b04b3653ac441004b247e96ac0829d0c,5dee2c14e1989141e15d341d4c62d72a,1
b04b3653ac441004b247e96ac0829d0c,cac52d956eff0cacf32f4b0f0f3aac5c,1
b05dc8ebf6b00bda6748a2ed4a5fbcac,a22f707cfd269773138c3bf3a43f6180,1
b079e8a1977edd900b4522be9dec0245,d1c427060a0f73f6b889a5c7c61f2ac4,1
b08fab27d47a1eb6deda07bfd965ad43,00faa46f36261af8bbf3a4d37fa4841b,1
b08fab27d47a1eb6deda07bfd965ad43,aa280035c50ba62c746480a59045eec4,1
b09f1bff1aff13c997af071602bc048b,315c6373ff469f7b7f60bbb36c319f7b,1
b0ac5b393b78a6e8185fd3acb154748d,593236d0ff46b4299b4787fb8d43f7f0,1
b0ac5b393b78a6e8185fd3acb154748d,9b4d597238711e4dfc04d98bb2e5ed17,1
b0ac5b393b78a6e8185fd3acb154748d,d04bbac48960ecb7ea311b00ca6e1cb7,1
b0b057559c54c99e41a21c40c08f7780,eea1d0033f3735c72d0501fdc2be0437,1
b0b219d68cb80e8440a7fccd3dab3851,36f60d45225e60c7da4558b070ce4b60,1
b0b219d68cb80e8440a7fccd3dab3851,e53e557d5a159f5aa2c5e995dfdf244b,1
b0c5293ef398d678e68671488c8b87bf,3fbc0ef745950c7932d5f2a446189725,1
b0c5e02d315f15318e37d7aab7ebb289,0aabfb375647d9738ad0f7b4ea3653b1,1
b0e9276c9a1616b659dba62a86625edb,7650dd3b2dc10798a8cbccc78d9e6e3b,1
b0e9276c9a1616b659dba62a86625edb,90aa2ab699cd0e459be93124aa91c82f,1
b0f47d39f0e55621071ec1e93ca6b74d,da1cfaaffa7720fe28f26f18d52f5ad9,1
b1011cba0fd71c89bdb2a5c3b90bb1ae,601a360bd2a916ecef0e88de72a6531a,1
b1039a56990acdddd5438aea568557db,656e0eca68dcecf6a31b8ececfabe3e8,1
b1039a56990acdddd5438aea568557db,e59dd207c69d86e890febadc796d1078,1
b1079e3544bf2cf3786e52f5f0220738,07c055536ebf10dfbb6c6db6dbfc36e5,1
b1079e3544bf2cf3786e52f5f0220738,741a31499a578979be85db7f80139e62,1
b1079e3544bf2cf3786e52f5f0220738,8338cef8355d238f43711dcb9c0657b2,1
b1153ed93605e954b8710b36c8c5f5e8,2c0c951471371afa81e47d7bf8d20522,1
b118181abcb0f3623b02187e09399f27,73852ee3739732147010f2be732d597c,1
b1392563c59e549bb83fb81ee4a7fdb4,0bcc3eeca39e1064258aa1e932269894,1
b1392563c59e549bb83fb81ee4a7fdb4,b0961721fd839e9982420e807758a2a6,1
b1449986ee6516d3797d782b01c36e80,7814c273ab16783d73a9863ebfa8b141,1
b1449986ee6516d3797d782b01c36e80,acc444eb5ad26f79d5a11baa6a03c439,2
b1509fcb21da7376ef86182f65298ded,d692d19cee022f7acab76373f297ad6a,1
b157d45094580a4a5a90af5331351c13,372645c7439f9661fbbacfd129aa92ec,1
b1717e0d57454ea7b24b1da9e7c2e4f5,45f0310974e6082deeda855f91984347,1
b17ed96ffdf66518b4cf65e328298e7b,ee406bf28024d97771c4b1e8b7e8e219,1
b19cef5ff7f04dc4a3c0888a2643bc8f,b8411dee248601bc460bac8e1fb8a102,2
b1a6621008f2bb41784232794e2ef0a3,308a7360ee2e0ecfb6aa7708428692af,1
b1a6621008f2bb41784232794e2ef0a3,b9023d686fca0dca3ac844814e92e92b,2
b1a82c8d03f1811eb03d6cb6555ea68e,c96dae58447b1aade5e8a7e28a87a31a,1
b1a8a0800eac99ec4d83d6ca350a690e,1d3f55c00acdb29bd959f2760abc8b7d,1
b1a8a0800eac99ec4d83d6ca350a690e,4fcb3d9a5f4871e8362dfedbdb02b064,1
b1acdafc7f3a6e64a03daa1ca70faa4f,2136c70bbe723d338fab53da3c03e6dc,1
b1acdafc7f3a6e64a03daa1ca70faa4f,a92930c327948861c015c919a0bcb4a8,1
b1addddee0c4b35550114227d2328cc4,e44f675b60b3a3a2453ec36421e06f0f,1
b1addddee0c4b35550114227d2328cc4,f20a14d45e85b05ef554d10d7283f7da,1
b1e12d161a96fad9fd17d98cb73e619e,1ac09f60f3c3bc2021c637ef23fa3248,1
b1ff13ebf017d85788fb63189c1dba6b,45cfee87da128a8f939226bedd92a72d,1
b21420e415588331cf9797592a3d9456,36940188c2ad1a212b94931a08cc3c29,1
b222983612ccf9940049ebca9c555130,22c5ddc22ea8cae84fc9917def682dc6,1
b22a0549b8ec4030adb91fa355eea83b,496f6bd86011e5a9ddea8dc96e802340,1
b22a0549b8ec4030adb91fa355eea83b,d4a8ab90e626911fa92af68c07228390,1
b233915725d368ec61c224efb81ed915,389d119b48cf3043d311335e499d9c6b,2
b233915725d368ec61c224efb81ed915,422879e10f46682990de24d770e7f83d,1
b2563478ebf8bdfe13eca2364484373a,af0a917aec9cea3b353ece61a8825326,1
b2563478ebf8bdfe13eca2364484373a,f2f411f86bd5bd427e28e2a30771761f,1
b25a21b56a2d74da49e04cadbc9e0dd8,40c7fdb4c192c7df52431d1b079f9026,1
b25a21b56a2d74da49e04cadbc9e0dd8,f731f8587d4088c174397e010cf892a9,1
b26fa76ddf33e534491e4ec46f51bc64,b9ee7519d0187d2389af62ba6c612963,1
b27739502aee0eb80a4699f471027da2,fbc1488c1a1e72ba175f53ab29a248e8,1
b280b21cbf50d47495d29845ec6449a0,50fd2b788dc166edd20512370dac54df,1
b280b21cbf50d47495d29845ec6449a0,566a4f2c4385f36d15c00dfcaae132d1,1
b29bd5c2f25523fa4754d058fd513707,98b22c1129886cbd7fcae69d1c93e442,1
b29bd5c2f25523fa4754d058fd513707,f4d705aa95ccca448e5b0deb6e5290ba,1
b2a35fdfe13998540dc5fdda95e35ceb,4da0329350218978429b287440f4b87a,1
b2a35fdfe13998540dc5fdda95e35ceb,617186c3d97ea56c9c683a8a3974e8c1,1
b2ad5a5e154642b975afe1d70ef27f63,1871f846d88e6b0632e1058b61d35964,1
b2ad5a5e154642b975afe1d70ef27f63,202bd859659a841de892b00c341300ff,1
b2b114ecefe93aa93d0f2bdd14ac8f84,4fcb3d9a5f4871e8362dfedbdb02b064,1
b2b114ecefe93aa93d0f2bdd14ac8f84,f4f67ccaece962d013a4e1d7dc3a61f7,1
b2b8c30ebaecd258b046a58574474c0c,0a4093a4af429dc0a9334300e5c13ae5,1
b2b8c30ebaecd258b046a58574474c0c,bb48c8fda6bcf73c9a0178fd1a1a366d,1
b2bd387fdc3cf05931f0f897d607dc88,36f60d45225e60c7da4558b070ce4b60,2
b2bd387fdc3cf05931f0f897d607dc88,99f5b2240b82bf9387e5cf2fc0335b08,1
b2bd387fdc3cf05931f0f897d607dc88,a1a97164f38cfb98511eb68e6b40ad94,2
b2bd387fdc3cf05931f0f897d607dc88,ae52eeb8383b94455f0a08b1f88ad002,1
b2c805d1fa2476f094b4177744ac6491,d70c831282615555625658baeb52eaa6,1
b2c913a0723c7737e11067861e061913,26facbccf840188b92bcc8cb89fe1f64,1
b2c913a0723c7737e11067861e061913,810e2944bca9850b934e1570ba372e7d,2
b2e9a05d23ea17713b5d7799f2004f8e,78819ab10b4a44927c832a21c06849e0,1
b316e256ce45161d3ab81f74834376e8,f1fe595ee7ef768b41bd9b246d13432d,1
b318a9471f7e803303ab808bfd4605f3,f65464750198350b78735037a9b35dd2,1
b3393eca96cd098382248663504da521,1bfb290d7273a442c874dbe74b4abae6,1
b3393eca96cd098382248663504da521,3eef0cb94ba82de806bb30ab743c7655,4
b33bcd190054cfb026a0c0f8a2a2b18c,68ad45d48d69404aeb71ce87e1b2c948,1
b388ef1fc20ac12fa9fb8bd448d2f961,52c80cedd4e90108bf4fa6a206ef6b03,1
b388ef1fc20ac12fa9fb8bd448d2f961,8c591ab0ca519558779df02023177f44,1
b39dde6dd619943190a8cc9aa6db38a4,2fa5da96109ea94cc9fb50cc589ed65e,1
b39dde6dd619943190a8cc9aa6db38a4,44a6e4ecf7b48f87481c243383b1c4cf,1
b39fb81ffe4567441ce76b6f29550d04,9e10eb05d9f369d5c38c475425cc2ee9,2
b3a34bbf1a1d11885918ad3ad99083ae,781afe929e3016a667f5f439afd55fce,2
b3a6549b3cd47a7117094faafce8b10d,460a66fcc404a3d7306d5f50fcb2d18a,1
b3a6549b3cd47a7117094faafce8b10d,4c8b28305f570899b6ded964ddd234a9,1
b3fb9a1bb9d4c8a0b334658c5372da8f,acc444eb5ad26f79d5a11baa6a03c439,1
b40dbfe9e5c408e8e4d943656ad1ece6,a87567bdce60de6f901e3d7c6d8df820,2
b410d7fd96e7ff12af1d2f87aae875a8,36f60d45225e60c7da4558b070ce4b60,1
b410d7fd96e7ff12af1d2f87aae875a8,3f14d740544f37ece8a9e7bc8349797e,1
b4324bf24671bd5c4ebfcd2a8c639e86,060cb19345d90064d1015407193c233d,1
b4324bf24671bd5c4ebfcd2a8c639e86,98d61056e0568ba048e5d78038790e77,1
b434a4f306b4eb09c0d57b76f0c4684d,723f62c36c298037716bf60c0ad0df3a,1
b434a4f306b4eb09c0d57b76f0c4684d,727a46f0b58a9ef165af9f7ebcfebfa9,1
b4418ae2225a81808d6c5a61f3a719ff,ab1f9387c0627dd24000bfbc54fdeee0,1
b4487f7becb51a93d4d0ef1256e60d99,2136c70bbe723d338fab53da3c03e6dc,1
b4487f7becb51a93d4d0ef1256e60d99,e57eb018e37376580079825eb29a3419,1
b44c3e3d672e8d4fa98b45abb3c38d66,3e5201fe0d1ba474d9b90152c83c706c,1
b44c3e3d672e8d4fa98b45abb3c38d66,99a4788cb24856965c36a24e339b6058,1
b463aa86422087e97281b2787590fb0d,18486698933fbb64af6c0a255f7dd64c,1
b463aa86422087e97281b2787590fb0d,dbb67791e405873b259e4656bf971246,5
b46ace6f12b26ad64443c557953aee62,9ddc4249779322828f89d2a9c04f7ee1,1
b471f6779ed58f5dbcf786cf9842067a,0fa81e7123fd0ebe03adbbe99d912827,1
b471f6779ed58f5dbcf786cf9842067a,87d780fa7d2cf3710aa02dc4ca8db985,1
b471f6779ed58f5dbcf786cf9842067a,8a443635fdf9759915c9be5be2e3b862,1
b471f6779ed58f5dbcf786cf9842067a,fb783e3e545937820b57fe539b2c5a6c,1
b487ee8ae3db526610eaefeae1e1412b,f7f59e6186e10983a061ac7bdb3494d6,1
b495d807ccbd38ea1be486a826c88008,6a1c65dbbecc1ece8c22856122a774ac,1
b496bda4b2d6934b9e731a96889fd89e,d1c427060a0f73f6b889a5c7c61f2ac4,1
b49b2c657a8e73683be19111b5754ca5,53759a2ecddad2bb87a079a1f1519f73,1
b4be8ffe5a39196f0098f30316f7d7a1,656e0eca68dcecf6a31b8ececfabe3e8,2
b4be8ffe5a39196f0098f30316f7d7a1,93a12c289ca2b78e7069e469f5053ef2,2
b4d20b907a61795e8c8f3a7966c6cfb9,a5bbc554f75cf4afa2cd56791015ec27,1
b4d20b907a61795e8c8f3a7966c6cfb9,eecc2c78b528d8073b4f1c4bddf92aae,4
b4da3c8deec3e1c31023d39ba20bb40e,18486698933fbb64af6c0a255f7dd64c,1
b4da3c8deec3e1c31023d39ba20bb40e,dbb67791e405873b259e4656bf971246,2
b4e4f24de1e8725b74e4a1f4975116ed,b5c315fb01a02190500528edf520883f,1
b5128c97b1b2be63ef8fb4f741d85fa4,9ad75bd7267e5c724cb42c71ac56ca72,1
b5128c97b1b2be63ef8fb4f741d85fa4,cad2db5e318d7283a234c517b2f28a42,1
b51e75ee3ae75c726398af3dfcbb5008,1ebde342c905182ffc07333fc569c590,1
b51e75ee3ae75c726398af3dfcbb5008,ce6f74096c84567f22728c84f3d6e7fc,1
b52b8debdefe66d4c0d7f44d9b4ff088,a9516a079e37a9c9c36b9b78b10169e8,2
b530945168f12f82a3f9be3a5e243afa,cda960fc8a8987dd224a17dddfffdaa5,1
b530945168f12f82a3f9be3a5e243afa,f4cd1164757f2f82e7f949e9ba129664,1
b53b27d7c61cc80d2b2eaf6f1ff8a861,72a30483855e2eafc67aee5dc2560482,1
b53b27d7c61cc80d2b2eaf6f1ff8a861,ecbe1ef7e2903ff8b1d704ba78fa264d,1
b56c60ed244eed72ff5640a41bf254d5,d0fe4295267f15ccaceac4fb233d8c9a,1
b593353aa4c093b71235ece9689ce7e4,a70d74f54feefedd8108c45553766340,1
b5a5f413d1debecd51fd0e4874c03bbb,b2fbf8beb178c391c49d80fa8c4435b6,1
b5b46581465f851df3529a30d2503f59,1491a8ff192d4b5c369b0eaa2fe33ee5,2
b5d391e8447d5ae0f8b852be83249e07,09b0d15a8cc9a84e7af7e0225f67dc45,1
b5fc114d1c1bbd091ee62a31110c56d2,7b5d8be0e04080e4c8ee6a7ec2f1f597,1
b5fc114d1c1bbd091ee62a31110c56d2,d678178aa4291cd25a755a90188375c8,2
b608532e04a3070b4b31178948f5c43b,437c05a395e9e47f9762e677a7068ce7,1
b608532e04a3070b4b31178948f5c43b,d285360f29ac7fd97640bf0baef03de0,1
b60a410d454528f9b70cd6fb479fba68,429e7401fafb76436f15e86498bd7364,2
b60a410d454528f9b70cd6fb479fba68,9ddd762ee8a13576a809dc66f22aa2b5,1
b60c8404de6587cab091a3fd0079f14c,0320a1be5c5224f64bfbffa583cf03d6,1
b60fcee0a2f8f958bf64aa7e2606b21a,81e7937893af4703d4d14ca3e3765b59,1
b60fcee0a2f8f958bf64aa7e2606b21a,e1901d5d99ca951543717ea5d1940a36,1
b61cd386c324cb8c071b4bd6ce7dea86,afd22faefd9584467a374bf7a50f0996,1
b61de7fcc331da9b8493a4ec5ba50a51,0fa81e7123fd0ebe03adbbe99d912827,1
b61de7fcc331da9b8493a4ec5ba50a51,fb783e3e545937820b57fe539b2c5a6c,1
b6216e2929abf9261e14d2e40f9a4d17,aca2eb7d00ea1a7b8ebd4e68314663af,1
b6216e2929abf9261e14d2e40f9a4d17,c857b96593773e940454e76efa8eabb3,1
b64064e3ae051f50b6f1eb12552d30e4,fa66c43e63966d8b1770f6df326e05fb,1
b643c19d91a65d73f94ba8e037668986,177d3d5bb9d4d29222a222e3b3554f41,1
b643c19d91a65d73f94ba8e037668986,2239cf6b4421c4bd57f8a87127800929,1
b64ebaf3d11b7209fe566364cc359a51,7c1bd920dbdf22470b68bde975dd3ccf,1
b64ebaf3d11b7209fe566364cc359a51,b1acb7e8152c90c9619897753a75c973,1
b651ab27596778b670b66e53ff4edb38,6f33a4a09ae1180a0ee1ff4682b2d21f,1
b654c99744f2fa112d4f7a7762ecfdfe,99a4788cb24856965c36a24e339b6058,1
b654c99744f2fa112d4f7a7762ecfdfe,eebbed5ed3b134eceb717496c47652ba,1
b6551acfa77dba27fb288e08dbe02f84,5c973b4202aac5c372a483e712306f4f,1
b659acd60c6a36583dcb78c06639c324,6f3b5b605d91b7439c5e3f5a8dffeea7,1
b65b4e0ccf23f096b3eb8bce350a400a,154e7e31ebfa092203795c972e5804a6,1
b65b4e0ccf23f096b3eb8bce350a400a,7c1bd920dbdf22470b68bde975dd3ccf,1
b65e1b1d5e469f9f39446671399ba1d7,f59871b3d9da4c64cbe41ad3dd04dc14,2
b688e646e12a367e13e5d5f77dad15db,517dd1c1cda3892f83d386dcf9a4e9b7,1
b68a98377d20140feaa17eeb61687459,37bc5c7b7dca15cfcbe282fb0dd0bab3,1
b6aa5a87f6c08e2510324edca009810f,d017a2151d543a9885604dc62a3d9dcc,1
b6aa5a87f6c08e2510324edca009810f,f3dadecca4b876a315481c79b8adcf16,1
b6bb8e4780df00a25fa34335d3dc1330,0bdd9a52d192d64770e33ae559512478,1
b6bb8e4780df00a25fa34335d3dc1330,202bd859659a841de892b00c341300ff,1
b6c083700ca8c135ba9f0f132930d4e8,f4b952dd7ab601c02bb1bd06395f45f6,1
b70170c1c602142b425d3049b0729cf5,783caabd539c4079ec08423e30719fba,1
b7474898d0dccad79a77bf2b0d23bbab,177d3d5bb9d4d29222a222e3b3554f41,1
b7474898d0dccad79a77bf2b0d23bbab,4dddd45aa241530edb5412e8846361fa,1
b7741f7ec50ab6bcd52ab08ea8f214d9,36f60d45225e60c7da4558b070ce4b60,1
b7741f7ec50ab6bcd52ab08ea8f214d9,3f14d740544f37ece8a9e7bc8349797e,1
b7b162291adff744d6f3c6450557ffee,06edb72f1e0c64b14c5b79353f7abea3,1
b7b162291adff744d6f3c6450557ffee,0bbdc963004d9b2fd3427ee3c5ae3608,1
b7b162291adff744d6f3c6450557ffee,7094fadc9773845c7d453e51b04289a8,1
b7b68a8bb6ca48aefdd5790e04cda817,186fe07c8b8005ec6a498587ffbc1352,1
b7d8524e14913b79fe082a5fc2efffd7,d8de812ed5d981fc6a3984f4caa2aa05,1
b7e2b4e7e5bbfc11eb1b22e6d822926b,d017a2151d543a9885604dc62a3d9dcc,1
b7f1332e60b8d4d1fd404de7a9601437,99a4788cb24856965c36a24e339b6058,1
b7f170888469e5332e43c92edd77793f,12fd8665371236b5b586ea4e448902c8,1
b7f170888469e5332e43c92edd77793f,cf6514025ef5d3a93d69d2a7bfa4036b,1
b8049423197f431fc750c59c808038cd,fcf28afb1353f2f12ea041dd74954226,1
b81c447e1a3203c7ca70eb2b245dc456,b000447e24e31a4d7e628ca4d0622131,1
b81e63948bfc11535eb52b79a50ca7d5,186fe07c8b8005ec6a498587ffbc1352,1
b81e63948bfc11535eb52b79a50ca7d5,2f70195374f6c3d3c6542edf5bd17c8c,1
b83736ca9d8ee95188aebbe3e590e0b5,0d86ff0b639e969a11a7b3dce67e181c,1
b84dbaedbe3ea55d7cc0894fbea73910,36f60d45225e60c7da4558b070ce4b60,1
b84dbaedbe3ea55d7cc0894fbea73910,e53e557d5a159f5aa2c5e995dfdf244b,1
b854c56e1163bced9c3ebf1e4a6576f3,389d119b48cf3043d311335e499d9c6b,1
b8731e690e93059f3b4963e28014c654,2cbc1ae9dc8c4d81b096db0ee01ae0e6,1
b8731e690e93059f3b4963e28014c654,7dac8901a50cf3317d5372cbd3186ecd,1
b8939dbecf0659982b0e7d21c3731f7b,c7b3cf9de7be95b3e09e7a63315685eb,1
b8939dbecf0659982b0e7d21c3731f7b,f71973c922ccaab05514a36a8bc741b8,1
b896655e2083a1d76b7b85df8fc86e40,82a61259a621866c4ba63743da29a342,2
b896655e2083a1d76b7b85df8fc86e40,cec09725da5ed01471d9a505e7389d37,1
b89ba10870f6b2ad9ffb1b2f052df62a,1e618d311a1b7f88a9d96ec50aa85582,1
b8a11136550032517dcc9183f87c057c,1ccef988a8dd457a93b0b4833b8f0724,1
b8b468fcb7dd44194b4aecb89c8fc103,480be8d20c4b6a7df1eae0f2c17f2db2,1
b8baa482e2e3b439ab972fba47c9be48,9d8a0e115e802d845b4ce1eb794d1260,1
b8beb7a6bfb7ed884386a8da46be8f8e,19c91ef95d509ea33eda93495c4d3481,1
b8d31a82b1bb71983bbc08e4751baeab,7814c273ab16783d73a9863ebfa8b141,1
b8f5e262105d173c8b1a866469789648,48ee9be392f28ae3a64518a070f4d06a,1
b8f5e262105d173c8b1a866469789648,cbdb9bf611328898bd4b32a384506b3a,1
b8f5e262105d173c8b1a866469789648,e4c7ed7a832858c17d60ad5e38b00aba,1
b8f77228f32fce5c13df55da21fad23b,1e618d311a1b7f88a9d96ec50aa85582,1
b8f77228f32fce5c13df55da21fad23b,8cef0a48dd6a31a4da7683d1f35d8925,1
b913e12201852f1b7b0a3a3378447a0a,345ebf31824c3871cbb94c377190d6f9,1
b93a5a889d5631f90288141fed44d192,44feb28a74abb0f2f303412d60160750,1
b9746b56cf8884c9724b03900e46cf0c,480be8d20c4b6a7df1eae0f2c17f2db2,1
b976c741872bb53d918b8a4cd1b1a2d5,6421588f55f75de28cb3357e07723d14,1
b976c741872bb53d918b8a4cd1b1a2d5,7efd7d1a1a985eae9fecdb134fd657d3,1
b9833a43443ed9fad7a66f9ffb80684c,0fce35c0b7338bda3e52e2389f0c0762,1
b9ab7ada653baddc579d8c8bbd8b8e1c,e9b3cf27d68caa64832c4a7c460abcb9,1
b9badb100ff8ecc16a403111209e3a06,7340a3839a1de1e99d149b8cf052a2ec,1
b9badb100ff8ecc16a403111209e3a06,c3adcd846a294794059da678fb939220,1
b9bc9bff513bbaed5de7772ad0993461,83bfae859f4a37b048a3abcecb17c506,1
b9bc9bff513bbaed5de7772ad0993461,de17feec1983829fec4bc58cadaa43f3,2
b9de353000bbdc1f5d6cc2fc945ce452,4cee3d875eb2f9d331aae01b8c4781e8,1
b9fc2d4c90bdadc7052fabe8353084ed,2028bf1b01cafb2d2b1901fca4083222,1
b9fc2d4c90bdadc7052fabe8353084ed,75d6b6963340c6063f7f4cfcccfe6a30,1
ba07af42a4b3a09a1c7af2292e84b80a,6d83ca45d94919027131b87caf3b2a6c,1
ba0c0e497661b804dbb590a6c5660b77,f4d705aa95ccca448e5b0deb6e5290ba,1
ba16ab3721ffd6b57fc87a7a4f6a4fcf,ab1f9387c0627dd24000bfbc54fdeee0,1
ba1e828b59fa27e05c2371b086f8e973,5bd7e57735a44e529bf066fee83a9c60,1
ba1f5ad17265433bf40d142786c2d5fa,40cc62bf0cf7aacfd12d865c196baa55,1
ba7674c3d15d5a0b9fa46c862925efd5,9ecadb84c81da840dbf3564378b586e9,2
ba7674c3d15d5a0b9fa46c862925efd5,eb8c629f70275fd1c4f809116cce1efc,1
ba77e9b6506636dcbd03e463d4786f24,9e0e152552a1323f7e5dcf63d50cdae3,1
ba77e9b6506636dcbd03e463d4786f24,f71050e65776861c8c3ec7a2d2b0194c,1
baa8144c90cc484cda27858b86a32f99,ec2d43cc59763ec91694573b31f1c29a,1
bacc5ea5a06e45a99a88e8ffb19c3ee7,f7f59e6186e10983a061ac7bdb3494d6,1
bb148baa21a7909dc588f566d9f5bdb5,58efb9b638561ce132216a9a612513e2,1
bb175bce1cf8c3d7a14d41f7f54bcc89,5113c9a5037013b0a750444df6dec60f,1
bb175bce1cf8c3d7a14d41f7f54bcc89,81288df52439985f610be64465e53f57,1
bb182f55e4cff6eabfc26d08354b5995,43f88c8353708451babf9bcdd1fda92a,1
bb182f55e4cff6eabfc26d08354b5995,bc055ae94989497c0d66bfa4263ccf61,2
bb2c6ce06cdb390d1223f021a9cc0943,1d4de03a6141ce2a2ae5a97f51cabb37,1
bb2c6ce06cdb390d1223f021a9cc0943,1f30aacc69904c0d0bf8d05cb2abef72,1
bb4d84a2b45b22ed710ac8c0dec63d1a,154e7e31ebfa092203795c972e5804a6,1
bb6069c06ebe289c666ac63a12d1443b,2ff995aead9c63a1f37a07b3664ead37,1
bb6069c06ebe289c666ac63a12d1443b,6a23ae3187f1dac41b7210a8c7739d6b,2
bb6d785b806cb1eef824812b06b9f15b,aadff88486740e0b0ebe2be6c09476ae,1
bb6d785b806cb1eef824812b06b9f15b,e03102efbc2229024c89be731f0aedcb,1
bb7a29428a71e286a02f1377d42d6a35,389d119b48cf3043d311335e499d9c6b,1
bb7a29428a71e286a02f1377d42d6a35,422879e10f46682990de24d770e7f83d,1
bb80ab8ffb7d3b9f9a11b3f06eef10c3,8d4dac6177fb8134f26fb4c5cc6c0aff,1
bb8486cad0e431659227f6fb18fc6a72,50fd2b788dc166edd20512370dac54df,1
bb8486cad0e431659227f6fb18fc6a72,84003eefe52bb4112252409a24ae3a73,1
bb99e6ae642f462d7bf05db05fc9aa11,3f14d740544f37ece8a9e7bc8349797e,1
bba29bdc2bd4deeb7bba3c61ea98e012,330144665b875c2b4555f88d9f4ed7c1,1
bba29bdc2bd4deeb7bba3c61ea98e012,fe75529a267b76ac6e96f0c322a899a4,1
bbc4d86624927ed9617d2664bf85d1dd,a695ab8413ea83619cde9b18292d6aa1,1
bbe8686a830c0caaf68452997d73d396,750a49a83f6ad13ccdf4a761309483f2,3
bbe8686a830c0caaf68452997d73d396,f1c7f353075ce59d8a6f3cf58f419c9c,1
bbf65e7823171a84e70a495dd6c34ceb,0a4f9f421af66d2ea061fbb8883419f7,1
bbf65e7823171a84e70a495dd6c34ceb,43b54d1fc56ff394092a3dff6be2d39f,1
bbf65e7823171a84e70a495dd6c34ceb,c4baedd846ed09b85f78a781b522f126,1
bbf65e7823171a84e70a495dd6c34ceb,d1c427060a0f73f6b889a5c7c61f2ac4,1
bbfa16828a49c356b46dcbea56ded834,ab1106e227a745836a0dc83b374e2575,1
bbfa16828a49c356b46dcbea56ded834,f889fb87b505b73de10c18b93352469f,1
bc2387c48428a2e128eaa3d5b18b3591,2c2b1db11f5ec66bbc6ca9d1ce3f81a4,1
bc2387c48428a2e128eaa3d5b18b3591,8d98dedc3c19de17f1a090195e85d6b6,1
bc394684831f0cc9e99a4e592c329fe7,946344697156947d846d27fe0d503033,1
bc394684831f0cc9e99a4e592c329fe7,b0c89945c034268074f5f80b362bda34,1
bc3e7032668d3f411c227eec09221362,868b3136c5b206f91b8208fbfdf2cb7c,1
bc7b9e0d078c0c01f622b38cfcd7ee9c,29b85c2f1ec5f4d02b03737a8fd3698b,1
bc877a9f97bb3f3d4fcd5f86028f81a9,a8fe47ad6f852f93cc92c7b408687de3,2
bc877a9f97bb3f3d4fcd5f86028f81a9,cadb69af336c16aba5c5223599821245,1
bc98051cee7c0111167e6f40a4ed76f6,7f7da198305ad62091daf841ed6acc6e,1
bc98051cee7c0111167e6f40a4ed76f6,8aa6223e400af9c97b07c75993142721,2
bcabe34e299eaf51bb601e89401e25e4,2d7ec74c6f93ad8234f2e29817b2827b,1
bcabe34e299eaf51bb601e89401e25e4,b948a6dd0adccdcf3ea81888bf678924,1
bcb63903e6e5a3a94181de0c728fbf4a,4298b7e67dc399c200662b569563a2b2,1
bcb63903e6e5a3a94181de0c728fbf4a,eaa26a34984cbfedc19b1e45f09f3c9a,1
bcc9a08b533971412be737fd5bd918b3,fe9dfbe7f974621789683b7b78be2a16,1
bcca9404e66ecba9714e6eb9343d2054,2f70195374f6c3d3c6542edf5bd17c8c,1
bcca9404e66ecba9714e6eb9343d2054,a92930c327948861c015c919a0bcb4a8,1
bce006e903be688f122a39f45b210090,99f5b2240b82bf9387e5cf2fc0335b08,1
bce006e903be688f122a39f45b210090,e53e557d5a159f5aa2c5e995dfdf244b,2
bcf0a5f0f3ec8639f940749aab360d8f,7340a3839a1de1e99d149b8cf052a2ec,1
bcfc1d8cf64a476b003cee4599f9fd11,e9def91e99c8ecb7c5cef5e31506a056,1
bcfc9032cea53ef734a6008742d954fc,dd61e943598eec72351633dd6a72d5dc,1
bcfdca13b3b657eeccd2528bd38d0425,410d5b211dce5611e7a6412bf0cc30fa,1
bd0512ab6c631a62fdc974a682600f56,4c2394abfbac7ff59ec7a420918562fa,1
bd10ec3ad72914d1866c911956f9180d,4d0ec1e9b95fb62f9a1fbe21808bf3b1,1
bd10ec3ad72914d1866c911956f9180d,9ad75bd7267e5c724cb42c71ac56ca72,1
bd175eda0510a90fcb57ead16a5e85d3,1dc7685f4fdb9622d84ae2ec658d5bbf,1
bd175eda0510a90fcb57ead16a5e85d3,e256d05115f9eb3766f3ab752132a4e2,1
bd5af67af7b8eccd6c6227070b9123ac,e24f73b7631ee3fbb2ab700a9acaa258,1
bd6c1c99a4f6c28c98927351eb226e80,36f60d45225e60c7da4558b070ce4b60,1
bd6c1c99a4f6c28c98927351eb226e80,e53e557d5a159f5aa2c5e995dfdf244b,1
bd736e1877605c12825515535cc3eec7,acc444eb5ad26f79d5a11baa6a03c439,1
bd748b6890efcaa0e79187653b2d6a91,8e7ec8bbc0989d1ccbe6971f239eae9a,1
bd748b6890efcaa0e79187653b2d6a91,cd360a9f341f57c25699dbac377f5efd,1
bd7d88dec7e9cce42ae70631cd7b25ee,68bf40b3abd5ffc25981c25df9ed9087,1
bd7d88dec7e9cce42ae70631cd7b25ee,e4ad97ce352e46bebac92018f6ed976d,1
bd8483bb4a89a0734108e6d2d979e707,6bbe55cf8f85c87b6eebb775a53402f4,1
bd859b24955ed06b0605a79f60ef34f9,242edc6b84c00f0d48c664a020a92c52,1
bd859b24955ed06b0605a79f60ef34f9,e7d26dd6742baca292020c158e6720c3,1
bd86b1862fe796149a4d2af57bd85451,77fa3381855b6763c52ca3b72824f508,1
bd86b1862fe796149a4d2af57bd85451,ac0bb4405e9661957160dd5ee9d5585c,1
bd8bee2d841f2573c7c4f2d49dfdcaf0,64d0feb1bcf9c7fe7b5dad3271c10910,1
bd8bee2d841f2573c7c4f2d49dfdcaf0,7868a64aa111bbb4f41f8e1146c0becb,1
bd8e0f3ea9fb694fc53c7a358643fc06,222684e29ad17ce818d1b01753c0cfb8,1
bdc50dc35ff42f9b42da7516d3d443b1,84f456958365164420cfc80fbe4c7fab,1
bdde9ce1c27b88a7fe3ef13ad6a80b5f,7736ea239e147291f6adb766c992beb1,2
bdf0db9861842b73a9d715e8574914d6,c18ac1d6cc053c0ec7296b994ae6ffeb,1
bdf598132b2804c8fa2d548155059d0a,8d98dedc3c19de17f1a090195e85d6b6,1
bdf598132b2804c8fa2d548155059d0a,d5b703c271f43f9c588a6f512a00f77e,1
bdfd71dfee6faa67122cc7cdbc14d9f7,02475368dfb38934fe55f574024fe1d7,1
be08ef2ebaeb41941a53aa75db874099,12abc33641a0d8f9b6ce13e8753f5749,1
be09f3273b8ef531c15a9ea93d1b6280,078e8db43688ea060cf754e7bd2b92e7,4
be09f3273b8ef531c15a9ea93d1b6280,96d1c06692244e2fed6e1f9aa9552770,4
be20851f26648632a9715c1e5491404d,21ee06f7fd37a6fe4841865339411674,1
be20851f26648632a9715c1e5491404d,61509eaebb2d4bd1a7511b1a75703f8c,1
be2931e7e0cff6a086cc7a0a04bb0816,98d61056e0568ba048e5d78038790e77,1
be4cb52f1e018e4ad1abc82eac59bfd3,52c80cedd4e90108bf4fa6a206ef6b03,1
be4cb52f1e018e4ad1abc82eac59bfd3,d1c427060a0f73f6b889a5c7c61f2ac4,1
be4eb163762cf164f26f81021c4a5e97,36f60d45225e60c7da4558b070ce4b60,1
be4eb163762cf164f26f81021c4a5e97,e53e557d5a159f5aa2c5e995dfdf244b,1
be54df277bac50d1ff64f1c5df2730dd,2ccd049c8e7ea210e079a1aa8ad92477,1
be54df277bac50d1ff64f1c5df2730dd,c784a651cf319526cc7cf854f83cb941,1
be6fc02ad3ccde9632a496c819cbf1ff,001b72dfd63e9833e8c02742adf472e3,1
be6fc02ad3ccde9632a496c819cbf1ff,e19ddcc85537b41f22116c8d5425ef46,1
bec92eaa63e71ab2e9e8a5b5d9871d09,0fa81e7123fd0ebe03adbbe99d912827,1
bec92eaa63e71ab2e9e8a5b5d9871d09,1eaf224c19e07b6e50bf0119eea1dd26,1
beceaa52fb2f761e647222b3cf7ce0b2,4c1e109ecdf58453de365d217cefa64c,1
bef83ea220f4c7096b391b90323f44dc,e0ce26ae52c9ab0b8c8e42129d6c1996,2
befed7f0bf7fc3d0262b0f95989a36ae,3ec2984cb2de1675a0306bfc60dbe5a5,1
bf021b222ddfd6549c1ae7b11a8522d8,0aabfb375647d9738ad0f7b4ea3653b1,1
bf021b222ddfd6549c1ae7b11a8522d8,6c3effec7c8ddba466d4f03f982c7aa3,1
bf087cbc0138d7066e1c41d1a97973dd,59be0d716996dda6b7d60b3e839efad3,1
bf087cbc0138d7066e1c41d1a97973dd,a60613d36f37a7b27d3344f40f6a7945,1
bf0a805b588b889511e15496905cf7c5,3006b8f5b476750a03137c1b2755cea1,1
bf0a805b588b889511e15496905cf7c5,6ab41d7f15e7af9d6c7cd912055acc1a,1
bf257f507db19138f5bc4065313c1f87,36f60d45225e60c7da4558b070ce4b60,1
bf257f507db19138f5bc4065313c1f87,e53e557d5a159f5aa2c5e995dfdf244b,1
bf3ea1f12c45857c553757b918beecf4,3ce943997ff85cad84ec6770b35d6bcd,1
bf448042b40749d8b95fe00c08a9b5cb,45b280868bcc8124d9309f459a42eeaf,1
bf448042b40749d8b95fe00c08a9b5cb,8d219c7aa1a8032569bbd8c4ad515daa,1
bf4ab46b9030a846535307564fd4f525,0ec96e6d31a1493b0475805c9ae1a0a2,1
bf59acdae64e9900fd93e4847baa1978,cd48f265a63e13b762601f5f794c5fca,1
bf59acdae64e9900fd93e4847baa1978,ed2067a9c1f79553088a3c67b99a9f97,1
bf5ed75fca98e8f79c49e9a5bf7690e1,8db7c6497625f4f17d770bd01912cbe8,1
bf6656ef50e6fd00e7517b01d615b4f3,d8de812ed5d981fc6a3984f4caa2aa05,1
bf79e2be560481b2e6014798b4331a18,c403e106353e1aa40efe783ecb39ed7a,1
bf7e07e4ccc7df0889db4653d60c3f27,005030ef108f58b46b78116f754d8d38,1
bf7e07e4ccc7df0889db4653d60c3f27,51250f90d798d377a1928e8a4e2e9ae1,1
bf8a865cfd975450c959e09370173492,dfb97c88e066dc22165f31648efe1312,1
bf8a865cfd975450c959e09370173492,f67ad6b3366ae186b8d29087e6d5ebd0,1
bfb33fedf91eb21f6d32ad5345989a6e,550dc4417c636abc04c71404342de695,1
bfb33fedf91eb21f6d32ad5345989a6e,9df634af5c467f3b07f3d92f7765aa64,1
bfca7a9e3e07df51447510ede80822ec,386486367c1f9d4f587a8864ccb6902b,3
bfcdddab5a2fe5dd1d1b8330795f4061,cd48f265a63e13b762601f5f794c5fca,1
bfcdddab5a2fe5dd1d1b8330795f4061,d696750e550fd0f733979dd7e5dff921,1
bfe1ecef0f01ad67e5e0cf1860e94e60,547b95702aec86f05ac37e61d164891c,1
c0126bf681e55a07cb86c35b0b88af95,47a3fbd41bb53db64dacc4562ba3aa52,1
c0126bf681e55a07cb86c35b0b88af95,e2e426d1332240070b0a836a854d057b,1
c0140285255813aa0830caed71942ed5,99a4788cb24856965c36a24e339b6058,1
c0140285255813aa0830caed71942ed5,f2e53dd1670f3c376518263b3f71424d,1
c01ac50f437f46cc8fffb6d1a01d8631,389d119b48cf3043d311335e499d9c6b,2
c02c6d51253cabefd33f927d7f943ea7,31c79131e883e5fd8c4c85fe9f7d2bb2,2
c02c6d51253cabefd33f927d7f943ea7,c9c6fde711572c1ad99ca12728c6af00,2
c036799f1b7d9832bfa372f83278182a,c3adcd846a294794059da678fb939220,1
c0378e9280a6e9401f2b0fd4a288496b,5eb564652db742ff8f28759cd8d2652a,1
c0378e9280a6e9401f2b0fd4a288496b,bbdb487c5f9a780a6a574fe48ed37796,1
c04cbbead43078dd5cbf68d1959ab8fb,d5140e1d258c83a340419c6522c7da22,1
c0536ee7a009264e0f1bf1c8f4c54ad3,167b4b8c4bd0c401bea62f5e050d70a4,2
c07618bfaa04fc9fa7aabffee599757d,64fb265487de2238627ce43fe8a67efc,1
c08a1a1b4aae4ec2e11ac593bf7a65df,b046862b2553fe4962392cdc93a2ae93,1
c0ab0c71f36879a7e904700157a6d88c,819fc0e9c061a08bac3d5044eb92b173,1
c0be0cb64640de5fe50b0b238339db96,386eebb43722ab502f04f7900bd2451b,1
c0be0cb64640de5fe50b0b238339db96,9e10ae46a3021a02f1692448ef9fa1db,1
c0c3a3877e47b166130d5f6e76de11d0,38273c03eb0f88327f62c1d521260623,1
c0d3fe5df1e0d9f039d407115d15b0a0,056d012d264624accb7f73d31caee034,1
c0d3fe5df1e0d9f039d407115d15b0a0,592962829d5a715304344e656e39108a,1
c0f139fe95b95fe9648723696465c72b,dea837d4f3f30b541725d258c15e4ff1,1
c0fc2e3595c750de75d36e7db9399e83,4fcb3d9a5f4871e8362dfedbdb02b064,1
c0fc2e3595c750de75d36e7db9399e83,f4f67ccaece962d013a4e1d7dc3a61f7,1
c10a61611ad2716c2b36246300f6bf09,1891f20b2a27a8b700d7a7ff5a7a0039,1
c10a61611ad2716c2b36246300f6bf09,4d272fe20c57c64dc74b3db191fc31ef,1
c1133ec81daffffd4871e9353a3c8fb3,0c9ff9d8ed9b9bdd825487b3a66e05f5,1
c155f561686b486818a09b0c1e18f7a1,31c1d1dfbb4b2730140b8bd9248bcd58,1
c155f561686b486818a09b0c1e18f7a1,4025ee582ef6b8c478af3b44cf89054b,1
c17526359e1068290ebf7dd22a856de7,25f86162fee18735fffdb762dcb10d7c,1
c17dec01473d89441bb6a93fcb58e663,08574b074924071f4e201e151b152b4e,1
c17dec01473d89441bb6a93fcb58e663,bee2e070c39f3dd2f6883a17a5f0da45,1
c1a4b53b842e8d216fb21eead6bd42b3,368c6c730842d78016ad823897a372db,1
c1a57f5222ef4a8987b8477784809637,7fb04722aba7a2b632bac8f9819796f3,1
c1a57f5222ef4a8987b8477784809637,9f890da4bf8473aca1996ca037005902,1
c1be25a7bdf52d7885d726bc67bd2c04,68a058d125ba1544e726898f0b8c0523,1
c1d43ef6f70aff50201a1b882176a346,be59d6c35e43e4bae41772d4b87136a4,1
c1e936d4c4fd02c66085ed43914d0b67,0aabfb375647d9738ad0f7b4ea3653b1,1
c1e936d4c4fd02c66085ed43914d0b67,6c3effec7c8ddba466d4f03f982c7aa3,1
c1ec8a554c30f17eb209bd09df0d98e7,99444c1e11fc38755dae86f5c67d3d1a,1
c200738bdf77c733d12c17c44f6df7a6,e53e557d5a159f5aa2c5e995dfdf244b,1
c200738bdf77c733d12c17c44f6df7a6,ee57070aa3b24a06fdd0e02efd2d757d,1
c2420179b6e09b39bd84ab44ec412a51,cd2ea14a901da3b47b33516f3ca6929e,1
c2551ea089b7ebbc67a2ea8757152514,ba4bfbf74dbe7ab37e263b9326da0523,1
c25c0986d7cbe84b3e9a4ab6ce828da1,698b3ddae2f0b80c2a48fb40624ca4e4,1
c25d2fb6d22e04ce43c3652e3cacadad,154e7e31ebfa092203795c972e5804a6,1
c25d2fb6d22e04ce43c3652e3cacadad,2b4609f8948be18874494203496bc318,1
c25d2fb6d22e04ce43c3652e3cacadad,82c3ea364e5480f335f6743ee725a921,1
c293bfd1d0d3bca4b541fbfeb93d4d96,2eb6e8f39feaf75fc5163f774d38f0f1,1
c293bfd1d0d3bca4b541fbfeb93d4d96,d3060c543b1b88a647cc284ed7a9dd4a,1
c297bb9230dc3152522d0c2b4caa7a1a,96f027a4749058d508f6c1bda657c79d,1
c297bb9230dc3152522d0c2b4caa7a1a,a4aa7c1427c31344e5f7cc3d839fe562,1
c2a444c39a2d87b50039f910db917e3d,060f0122cdc8f25db4a0d7359fdae7b0,1
c2a444c39a2d87b50039f910db917e3d,d63c1011f49d98b976c352955b1c4bea,1
c2abc77bf1bc80c51993b0c70ab14226,03e931f387c2dd5b006aecdb12515b2e,1
c2abc77bf1bc80c51993b0c70ab14226,85b6cd7f57f7a06d180c93e8c74f6381,1
c2abc77bf1bc80c51993b0c70ab14226,d9e7d13814ea50f9ae1f612ef6b3a1f1,1
c2b85086965c0fed46df434ddd474a9a,154e7e31ebfa092203795c972e5804a6,1
c2b85b27ebd380c2c156e3e8773bd4c6,1191e61a83c807323c6c1cb5eac9ff3c,1
c2b85b27ebd380c2c156e3e8773bd4c6,937c825572d26b9e5a723527c6d625c6,1
c2dd0c2c04f270a0ce042946d1e1857d,51ce083cd2b9078656a94655ab45b8a4,1
c2dd0c2c04f270a0ce042946d1e1857d,9ddd762ee8a13576a809dc66f22aa2b5,1
c2e9a50bcf76b5783bc96f906f95bceb,99a4788cb24856965c36a24e339b6058,1
c2e9a50bcf76b5783bc96f906f95bceb,fcdb929c70287379ce31deed3f733d72,1
c2f7ac13c2e0937f956659002e5d5783,154e7e31ebfa092203795c972e5804a6,1
c2f7ac13c2e0937f956659002e5d5783,f1fe595ee7ef768b41bd9b246d13432d,1
c32c120fa230c291ecc017406aa2f39d,ffc0b406806006602c5853b00ab5f7fd,1
c35716befca4818c7b68a67eb22b6dee,b2fd74298e16eef2568d2f9dff6042c8,1
c35716befca4818c7b68a67eb22b6dee,f77dd338d9f75229a09cbb9a18fd0c9a,1
c3733cbdb41f37b5477b2c01c523e220,0c80d4d910506b4e1db996ff1fa5c658,1
c3733cbdb41f37b5477b2c01c523e220,f1c7f353075ce59d8a6f3cf58f419c9c,1
c37449d8b51eefa148cd87b2c605a1c1,5bfc7506459ae2a7b4b573fe557a58e1,1
c385f43894ac5ac31c50339ccf16e8f0,a8b0dd2c57b49b649373ff5a495a697e,1
c3a7e076f7c03a272a069709bed9c93c,7eb96ea641252f20b26fd6878d009a1d,1
c3a7e076f7c03a272a069709bed9c93c,b2fd74298e16eef2568d2f9dff6042c8,1
c3a8c3c742829113458555ed8d300404,2b4609f8948be18874494203496bc318,1
c3a8c3c742829113458555ed8d300404,5ef5431386aa79c61253305b46525fbf,1
c3aac0f3675a314a924cb484549447c5,0c9ff9d8ed9b9bdd825487b3a66e05f5,1
c3aac0f3675a314a924cb484549447c5,4fcb3d9a5f4871e8362dfedbdb02b064,1
c3c002bfe1364c4dd611fbcc53ad55bc,438b5ad4eda7949fae4a4b834a69bcd6,1
c3c002bfe1364c4dd611fbcc53ad55bc,b66270a5d5b3a8585f8314b2f14420fb,1
c4063084f01f085897c04bcbd81fcb69,283dc451ad3918badb976d56ff887289,1
c4063084f01f085897c04bcbd81fcb69,bb50f2e236e5eea0100680137654686c,1
c40b4a21d854ab194280dadc8998061f,a4fa3b8fa5953b0bd18bf4e0b4de499d,1
c4295b913119b04f3c9d28a7bfd524f1,35afc973633aaeb6b877ff57b2793310,1
c4295b913119b04f3c9d28a7bfd524f1,99a4788cb24856965c36a24e339b6058,1
c4536b58064f144d0538c9cc69c2765d,3af4f5bb8b0616387fe23646fa94e256,2
c45d4de67afc1595e075c69f75dd9d6a,27d089865ecb267c190122ec1feddb8a,1
c45d4de67afc1595e075c69f75dd9d6a,dc52f0f5d3ec37a93eaf956cde4e5d2c,1
c45ece361aab055ea6c55b61eb2d99c0,6c3effec7c8ddba466d4f03f982c7aa3,1
c499023d38f0db1bcf3db96b3c8a5dee,be5353e2c543ba4f67831f95d3775420,1
c4a0997ebd5dc2e05c2afdd835a002aa,5d790355cbeded0cd60e25cbc4c527a2,1
c4a0997ebd5dc2e05c2afdd835a002aa,5fc3e6a4b52b0c414458104ed4037f1c,1
c4a5dbcdc7c33758cf5efff999c6203c,389d119b48cf3043d311335e499d9c6b,1
c4a5dbcdc7c33758cf5efff999c6203c,422879e10f46682990de24d770e7f83d,2
c4ba227e9593faaf28a4ea8e5ec6c93f,36f60d45225e60c7da4558b070ce4b60,1
c4ba227e9593faaf28a4ea8e5ec6c93f,e53e557d5a159f5aa2c5e995dfdf244b,1
c4ba7e07879b1e3547efb4ec43c20b0d,fb4dc3571e0698692224020b5b1b672a,1
c4ca8994984553d0b0fcf2d989033118,85df978207ed4024ea16570dbb64fd6e,1
c4de6c1719eff03b6d30aff09571e272,d5991653e037ccb7af6ed7d94246b249,1
c50794dfc62b62a84f72475abf38b4e3,5403528d987ad26e8d7cb25940411987,1
c50794dfc62b62a84f72475abf38b4e3,d8f254be723da6488610b42935533b05,1
c51a1f42780144ae12d0e529abc3f83f,6ab6d9589ae19abcee458918d4779fae,1
c51a1f42780144ae12d0e529abc3f83f,8c591ab0ca519558779df02023177f44,3
c53e944da3d3ad66ccb7527165b78681,120fa011365fc39efe382cba4e50999e,1
c53e944da3d3ad66ccb7527165b78681,68a058d125ba1544e726898f0b8c0523,1
c53e944da3d3ad66ccb7527165b78681,eab67bf937aaadc19f83383a331d2dd9,1
c55821f6a2a59a93d4cde13a2ec14661,e15cee02291017f6f12b4115ffb417e6,3
c55a587f3f473189e4dcb9c9fea74fea,189f163ac190749c553a4835c22aa3a8,1
c55a587f3f473189e4dcb9c9fea74fea,920840f7899b13c467d223950c89e9e9,1
c55ad9a8c04e8009e4ac169f7344a583,1b0e39ec889889ea1d492603d8512bfb,1
c55ad9a8c04e8009e4ac169f7344a583,5a6e53c3b4e8684b13388d6aa4afdf12,1
c5cc0bee4b73138ed973a1720df085aa,61d01171a3784bab50137290350e5332,1
c5d3ed7ec11b725a565192292bb411cc,389d119b48cf3043d311335e499d9c6b,1
c5d3ed7ec11b725a565192292bb411cc,b0961721fd839e9982420e807758a2a6,1
c5e913ed94ec2040210bbee0a7d10b1d,3713f19c71c4be21ced80738e2fa49bc,3
c5e913ed94ec2040210bbee0a7d10b1d,508d5e8ce8e79bb506f9f0c096b295c4,3
c5f0d3a9f49be326dd2b7f48ec5d7912,68bf40b3abd5ffc25981c25df9ed9087,1
c5f0d3a9f49be326dd2b7f48ec5d7912,d3b023772520cd1c6ea58f6701679d4b,1
c5f6047fb345ffd234cf5b26268988be,24a014458ccc6e989b4fcef5fa71da58,1
c632f50941cea29d2d1501813c183dcf,0f91b6a95a57a43203a9b17de98960d9,1
c632f50941cea29d2d1501813c183dcf,fbc1488c1a1e72ba175f53ab29a248e8,1
c644c379a96ef9468f073699ae37a84b,a8fe47ad6f852f93cc92c7b408687de3,1
c644c379a96ef9468f073699ae37a84b,d12ad7f92749db41296a64e02c0bd5c8,1
c658495c41a24ef33a852db6840738a1,06edb72f1e0c64b14c5b79353f7abea3,1
c65e4c1159907cd349e6b6e6c2fec285,3eef0cb94ba82de806bb30ab743c7655,2
c67329fd07872a68d6d6d1f1626a0760,e8b61f78db501ea0ca45677d1ca27de2,1
c692007cb765407ea7510cb5b4f47512,007c63ae4b346920756b5adcad8095de,1
c6a49ed851473cd57dca5baa77595fe7,7935ddc510afb7d08989660b382b7f26,1
c6abdb335cf117fb7fe0bb9bc1365586,4a5c3967bfd3629fe07ef4d0cc8c3818,1
c6df3869c263531ebd51f0454a353605,0152f69b6cf919bcdaf117aa8c43e5a2,1
c6df3869c263531ebd51f0454a353605,642a40d4d73b4b2604968937de13634a,1
c6df3869c263531ebd51f0454a353605,7ca5f56188492e30c50ba64de188aae7,1
c6e03a8f511b7765fd06c2bcf591f9e7,6856ab01ef22301e08a45d5842ccb247,1
c6e6c968421911e3975a6f7160a1d4b6,4fcb3d9a5f4871e8362dfedbdb02b064,1
c6e6c968421911e3975a6f7160a1d4b6,f4f67ccaece962d013a4e1d7dc3a61f7,1
c71c9304453701631f589b64d6aa5dce,813329d52f377306fa1614ca9a962cd5,1
c71c9304453701631f589b64d6aa5dce,96d6c71675adc35bcf32f970cdffe2d6,1
c731a46dd44dfe456ccfa8968206943d,be837f2e0152a208d4386f4126d5bd7c,1
c731a46dd44dfe456ccfa8968206943d,c73628b1c3144b2e0c9c88072f21a213,1
c7325ee1a92c0c0d4b95b8616f0abcae,145028037adecb27b1a58cf9597676cc,1
c735c714dbe80672320182bb48bba3ba,060cb19345d90064d1015407193c233d,1
c735c714dbe80672320182bb48bba3ba,98d61056e0568ba048e5d78038790e77,1
c75ea04d55a5c6681619813b75ee0215,ea20f928ceaa7f146fe62a0cc8413ee5,1
c75ea04d55a5c6681619813b75ee0215,eb8c629f70275fd1c4f809116cce1efc,1
c76762dfb642ac154475239639f7f8f4,e27c4dd075a521097a085bced0631ce7,1
c76e101f384a7ce4088ffd4ff805ef32,d4dccae17c83ffbaafc50d763503e9eb,2
c77dcf1fc66bff10f3dfc9a8113a995b,8f7ae8d7845cdabafb4b6f20d8bc5a43,1
c7819760e70376028f519e3b57e6c441,013ee64977aaa6b2b25475095162e0e9,1
c7b4749501147c8b69fd551ac98b3a6e,ad4b5def91ac7c575dbdf65b5be311f4,1
c7b4749501147c8b69fd551ac98b3a6e,e6b314a2236c162ede1a879f1075430f,1
c7b577de54cb78d5d8f60f78f0476a52,9bb8ca338e5588c361e34eae02e8fad6,1
c7b577de54cb78d5d8f60f78f0476a52,b8a0d73b2a06e7910d9864dccdb0cda2,1
c7be32b419def77f9a7cb96ca8b25626,9451e630d725c4bb7a5a206b48b99486,1
c7be32b419def77f9a7cb96ca8b25626,dd4c3b4ab7e001aaf385ea2e68952030,1
c7c19110042036e6266adc998cbf1289,19c91ef95d509ea33eda93495c4d3481,1
c7c19110042036e6266adc998cbf1289,819fc0e9c061a08bac3d5044eb92b173,1
c7cf316c752d0adbf0d47feed7fdd0ef,5440e1ed49a1153d573b1543dd10d95e,1
c7cf316c752d0adbf0d47feed7fdd0ef,a01c3a8e3ccddf44069c082b1590f19a,1
c7d0a20c76156bfdb46296ff08c36537,06dce482ace017e78349b6f1fa83a022,1
c7e7c9292cbefb5a73573095f0ff21a6,a0b7d5a992ccda646f2d34e418fff5a0,1
c7f812dce068c1d276120b3fba208f7b,c80124276571cd4bef53cf35d9b36c5c,1
c7fb8ec1ea35af7e89f989b6e17e2bd8,bd66403f5f11696c897a825d5235697f,2
c803385049057260f738c18c12749747,315c6373ff469f7b7f60bbb36c319f7b,1
c8198557f56764b4436d30b9059b3586,b3e40ff639c185b9d726b4b19c17e6cd,1
c82fcd6d4d15d0b52c8dad81603e46f8,53759a2ecddad2bb87a079a1f1519f73,1
c83c41456526926a16e2f95d3652b6d3,389d119b48cf3043d311335e499d9c6b,1
c8539b829959902cdab9e9b0412f04bf,553e0e7590d3116a072507a3635d2877,1
c854b68bc405ed4609cbe9f480913864,02ed3b595447e948efc3eac897e4df0e,1
c863f613022e5ce024c630ffa65ab51d,880be32f4db1d9f6e2bec38fb6ac23ab,1
c865881f15d8af063e388419469bc228,03e931f387c2dd5b006aecdb12515b2e,1
c865881f15d8af063e388419469bc228,b60c241f66e031959b70e1c60725f0bc,1
c88c20de057349c1ac37ff886bfb9a36,c4ee4437696f1885d323b41852fedc8c,1
c893e6fe915add1b28ef934048f0023e,a9ccb9dca11ae8ca804b47417d0411f2,1
c89d91308d60d2f2076d20296962f2c3,154e7e31ebfa092203795c972e5804a6,1
c8a8ad6bd2023625940fd80137b53423,4167a7ae0930579d1f27d465a1a042f0,1
c8a8ad6bd2023625940fd80137b53423,4713819035a9ef628d084f8ff4fa71f2,1
c8abffe7e68de3d6c4b6dd6d4c320dd4,634256dbcd184b3757ffd7632c9fe52a,1
c8abffe7e68de3d6c4b6dd6d4c320dd4,72ef87b1953a2844ed089bd6dcf73913,1
c8bd06c47119f3cde6606b5e829bd861,51ce083cd2b9078656a94655ab45b8a4,1
c8bd06c47119f3cde6606b5e829bd861,ba92b5a0701d2f820ba6ca8f8c86294f,1
c8ce1d59b750fcf05f75188e8104e1f3,1a69b9ec6d25d7656d024ad51f55c0ec,1
c8ce6e595a13490bcc23db5a7915b4e8,5c692818d313aa12864b48ac0c2472c2,1
c8ce6e595a13490bcc23db5a7915b4e8,a84d0660dbffebf352aefbf1a6b18d00,1
c8cfa46e5d1f306b819532624342debb,100260bf9206d859dc8db128c8c5afc9,1
c8cfa46e5d1f306b819532624342debb,a2a91fe6d8762e0371abd964cef88ec6,1
c8e2ea7e324f7dd660e7481ec85bef3c,696c39c44288187022347dcb177ac304,1
c8e2ea7e324f7dd660e7481ec85bef3c,de17feec1983829fec4bc58cadaa43f3,1
c8e6e6c897dffc9ab8fd3a817279e3db,854f1672c41eaa84b3e3a79e06146f63,1
c8ebb17d3f42219f10a9985722d16906,e27e689c4ce425f2fe7e2a270fd4d2db,2
c8ed31310fc440a3f8031b177f9842c3,4a5c3967bfd3629fe07ef4d0cc8c3818,1
c902f3ef39179b58e803da196af3467a,7b85e3deef35afd6ebed5461ee8f0641,1
c902f3ef39179b58e803da196af3467a,7c1bd920dbdf22470b68bde975dd3ccf,1
c90610b4cd15ff318841445c558c41fb,5f6906793eb1d554d76c39398ce08693,2
c90610b4cd15ff318841445c558c41fb,8338cef8355d238f43711dcb9c0657b2,1
c90610b4cd15ff318841445c558c41fb,d41a23bd2bc3ec10cfffc66c0611a290,1
c9158d089637ab443c78984d20da7fc0,e336c656869480e20d04ca9389b12167,1
c931d7982b3155bc40a6b7dce040feaa,ead3077a141a9c800d6a4bb9d0d415b6,1
c937a5d7fe89380c128d9b8746495474,b92a7304ebad1ca5b393b53b2de5c70a,1
c937a5d7fe89380c128d9b8746495474,dc404a1496a08f9f5540c8b5d4b92925,1
c957b57bcaff0ed3a494d95c865de4a1,b74d57e3377dd78aace6d070fc48cc88,1
c968cdb924339d7a42e0c448153b72cc,70869aae4d447a8815db20569604a9e7,1
c968cdb924339d7a42e0c448153b72cc,aed75ad669fbebd5a385ac7cc2ae7573,1
c988628b7bc5d9c645eb7a3a66f31b46,03e931f387c2dd5b006aecdb12515b2e,1
c988628b7bc5d9c645eb7a3a66f31b46,8562e2c780a345b609e1b802d7e3e4ae,1
c9a05ad9be22fbaecdc1db80fb90690f,d00f6c52d2730de05fb409f09ab6e732,1
c9a5cd5c36cd6397cebd070cbc4f8258,25437c6ccd9cdc28db375f821881224f,1
c9aa0996870732db5ac17997ef1a8330,2827ebfb043a328a13a06ca9165cad0a,1
c9aa56428d8b5bba23a9c7a435b09645,2b939dc9b176d7fa21594d588815d4a4,1
c9aa56428d8b5bba23a9c7a435b09645,9fab8bd1f9c69cf2301b8ad3bec47480,1
c9b1fefb2abaaef18c6a3009b1e18cba,4e5dc46fe4e31dd605f374ee43f0268e,2
c9b3b24308b1a4587ffa3e60fafc2b1f,dbb4ce89c8ed5fb6fd901e2e51093179,1
c9c6d353f4101827b3dbc83b093b2fe6,e1901d5d99ca951543717ea5d1940a36,1
c9c7f143771017a9c61af26f7291f7a5,60142008404f92c16972d1cb6dd0e3c8,2
c9c7f143771017a9c61af26f7291f7a5,83d199d296c44101c8c3b5c9c0cce9ea,1
c9f3502cccf5585cea25aa7de58f6cb5,bb90206fa281c20f0b4c42a2393b54dd,3
c9f3502cccf5585cea25aa7de58f6cb5,fc1449f3ffc59fd2eb9640505aea0581,4
ca0cd77819a2427d6ca0e0d0e92de58b,ceb9134650bd7cae74affc51800f309a,1
ca12da7d856692d5cf4960c5edd99756,35afc973633aaeb6b877ff57b2793310,1
ca27b9123bbc035458712e04dfedca62,99ba5fbf3ae895fe3a9289acd0a5eb91,1
ca27b9123bbc035458712e04dfedca62,f34707f5f83dbd799b36e79242802784,1
ca3865ab988451f1544dad3910217f29,9e10ae46a3021a02f1692448ef9fa1db,1
ca3865ab988451f1544dad3910217f29,e5eadf9be70a4a9fa514019542fc330a,1
ca505f00e361296c5d92e01d245671e6,389d119b48cf3043d311335e499d9c6b,1
ca505f00e361296c5d92e01d245671e6,422879e10f46682990de24d770e7f83d,2
ca55f9ebddc988ee65f4dea1a93ebc98,4b6b3a7072d549354c3743dedbf4170a,1
ca55f9ebddc988ee65f4dea1a93ebc98,50fcba527cde578e212f114ba5cfdfef,1
ca59b3f1cb691ed31e52243506f53204,368c6c730842d78016ad823897a372db,3
ca59b3f1cb691ed31e52243506f53204,a5341e3f8155dbb3e62323d3ea289729,1
ca5ee952d96f8ead031e0ba820164b45,43423cdffde7fda63d0414ed38c11a73,1
ca5ee952d96f8ead031e0ba820164b45,7703b8cb5b77fbb36518ea91e2ca734f,1
ca77025e7201e3b30c44b472ff346268,f7b39dca4a425dcfd4a8b0b0aac4b7c0,1
ca8df232f8eca065dc8c88de8795a4c3,3e5201fe0d1ba474d9b90152c83c706c,1
ca8df232f8eca065dc8c88de8795a4c3,4f88323d03ffaf090b8fb0116b33c95e,1
ca994abc57b0bd7981d91d0061b3d8d6,0364c36f8e845e4d309c0a3accc04b1c,1
caa3d56b7a6777daaa2793053bdf2309,8d139b1550c8cc91a3babc9cfe9fc147,1
cabef558b42bd1d2578afc81048e8415,2028bf1b01cafb2d2b1901fca4083222,1
cad3d0a8ce32033e32792a268e38fe03,64fb265487de2238627ce43fe8a67efc,1
cad3d0a8ce32033e32792a268e38fe03,84f456958365164420cfc80fbe4c7fab,1
cb06773dbb3415543b78720a3986344e,99a4788cb24856965c36a24e339b6058,1
cb36d0f12c99d07935b706269045f613,668e8ee8f69c3545109fc40f72336e8f,1
cb36d0f12c99d07935b706269045f613,c8f7df520102efbaf9927f5acf21b928,1
cb4253d36367737b6baa4f8ca58fac62,d017a2151d543a9885604dc62a3d9dcc,1
cb4f48aa5b4657435b012a65f2a122eb,30ac6df06dc59ad72cf2f158fc2d904c,1
cb4f48aa5b4657435b012a65f2a122eb,61937887eb6ee0b405a5759756426486,1
cb525772eb23f6e4d2e29a0414a5f3bc,3e5201fe0d1ba474d9b90152c83c706c,1
cb525772eb23f6e4d2e29a0414a5f3bc,eebbed5ed3b134eceb717496c47652ba,1
cb57be427d5e8c06c10cdd1540df1e00,5e015730deea7dfbee442adfb1e29b27,1
cb5c545d96f39390b7f372aaa88c4a7e,db7f3f42ccab32fa6328b3063b278bcc,1
cb5c545d96f39390b7f372aaa88c4a7e,f6e3aeb40c00aec24ade8333c2ac1b20,1
cbb38d8eb0e6914bf255ba71f146bb50,cd2ea14a901da3b47b33516f3ca6929e,1
cbc23444774ec29500020c5a5374d8ce,51ce083cd2b9078656a94655ab45b8a4,1
cbc23444774ec29500020c5a5374d8ce,9a0620ddaf3055b7e588e936e036a529,1
cbc71e02efb1d43b84f80b2a64d6013c,e357a8646a17191f03fd9f833a0fa29b,1
cbc71e02efb1d43b84f80b2a64d6013c,f71c0f4ee48321ba6b82205b2fc9e08f,1
cbcf31e66982129a94cf225659deddfd,ceeb8b2d571b23399910f1b83980c973,1
cbd70d39b38dc382a7104dca8fa6ad28,9ae64e1163bf254bad20d5155cffb99d,1
cbe71e4cb0b82b97bbec5cd51e0fa3ea,dd4c3b4ab7e001aaf385ea2e68952030,1
cbebce165db72a2bfba9e81a3411bdf7,b09790edda54333116f9cf1decc580a1,1
cc025521d96a3005316b61cde71907db,8640f0c0e2d0af93274cad7452f80034,1
cc025521d96a3005316b61cde71907db,d285360f29ac7fd97640bf0baef03de0,1
cc0472ed54d7ef34d66a4cad6bf2e666,3dd2a17168ec895c781a9191c1e95ad7,1
cc0472ed54d7ef34d66a4cad6bf2e666,57fcacc3434a1f2f2b039c1b4e61f5e1,1
cc14ea7099959d91a17c9d7c3a46721d,a50acd33ba7a8da8e9db65094fa990a4,1
cc1d2dfe15189ddf4635328377ac6942,d8de812ed5d981fc6a3984f4caa2aa05,1
cc2f4b11c79236ea5c480e6d183f8017,3e5201fe0d1ba474d9b90152c83c706c,1
cc3f5d537772957f90b7f15f1fb70316,6cc44821f36f3156c782da72dd634e47,1
cc44d1f72587f44e3af25f68f1db8cd2,22f49044bc3eaead7cadfb045391582f,1
cc492df9ae61715ec0ede787f6f086d9,d41a23bd2bc3ec10cfffc66c0611a290,1
cc6a7c09092000c1485649d3cff4e0c3,7868a64aa111bbb4f41f8e1146c0becb,2
cc7e519bf9f1413de89ef37a8bee1a6a,2ffdf10e724b958c0f7ea69e97d32f64,1
cc7e519bf9f1413de89ef37a8bee1a6a,e0d64dcfaa3b6db5c54ca298ae101d05,1
cc9232931026e1f4f1e841e6a88cbefb,837b5c6df9ceb8a9c604e78fde0e60a2,1
ccac5680eab564a88f301f59030b448b,6eb6618376baf873225738ce4fe760ac,1
ccc25edb24a6888b0a406ed43a1c04fd,060f0122cdc8f25db4a0d7359fdae7b0,1
ccc25edb24a6888b0a406ed43a1c04fd,57f2bc497c1a3ebe41ba7a06d78ed159,1
ccd1f4baf9b611c967b847895e801c63,0be487faac01dd57fd7ed17cfbdf2dee,1
ccd1f4baf9b611c967b847895e801c63,4d272fe20c57c64dc74b3db191fc31ef,1
cd04cd9aa9eb0b51b40a2b124f3a93f3,422879e10f46682990de24d770e7f83d,1
cd04cd9aa9eb0b51b40a2b124f3a93f3,817e1c2d22418c36386406ccacfa53e8,1
cd0e1d42225b7f4cf78a382e4f57e704,f196248e8b5d060cca414a664ea9a76f,1
cd11a0920c498edb1da9ecd2d31aa599,655110abedc57d73d3b2150d8ba2092a,1
cd11a0920c498edb1da9ecd2d31aa599,cce679660c66e6fbd5c8091dfd29e9cd,1
cd11a0920c498edb1da9ecd2d31aa599,ec2d43cc59763ec91694573b31f1c29a,1
cd41283e35c08dd8d8f26d30e06bfa0e,44a6e4ecf7b48f87481c243383b1c4cf,1
cd52ca09554e5cc34d9ec28d230008af,6c81db10f914c4d032b14fa93aa0a818,1
cd6c68c5fad15e0a5a5c1150546704e0,3003a2841d6a775095317139ed2f7943,1
cd6c68c5fad15e0a5a5c1150546704e0,5f504b3a1c75b73d6151be81eb05bdc9,1
cd915c60db8686f9a3dc35745aa1691c,389d119b48cf3043d311335e499d9c6b,1
cdd2423c8479dba4e44a9f5d43808651,bb50f2e236e5eea0100680137654686c,1
cde37fe3a24ad875f5ff1482fd80a43e,3cb39171fd36c50097f2dedbbe0dfe6e,1
ce15104baabb5bf543c7aabb9d607072,422879e10f46682990de24d770e7f83d,1
ce15104baabb5bf543c7aabb9d607072,b0961721fd839e9982420e807758a2a6,1
ce41a50f9ff95ef577cb759483fe9165,3e6d2bde9274ac275013aa90d7e2bf16,1
ce41a50f9ff95ef577cb759483fe9165,ed00a8453145186b3f071f1e3edef33d,1
ce42c564a495510b4c3231c6f4443d84,2b4609f8948be18874494203496bc318,1
ce42c564a495510b4c3231c6f4443d84,b1acb7e8152c90c9619897753a75c973,1
ce53d0436a0b5d49e67638cb97d715fb,fc8595227785863846b7daa2ae3f2c9b,1
ce5b62f9f3c15d2ddb0060ef1319419b,5176d8670222d50ebbe4d4c5dfba2b49,1
ce60a50b73f7934a7d4caa92f2f05bbf,776ef0ee36e20757c513e64903f1fa8a,1
ce7de4f4bfbad6fa8f517283d0ff0095,4167a7ae0930579d1f27d465a1a042f0,1
ce810a11e88562c4c10f642e7487c5a5,c4fc1d4489f664ce1c6c55b7089738b2,1
ce810a11e88562c4c10f642e7487c5a5,d017a2151d543a9885604dc62a3d9dcc,1
ce87153ae6d1e210517154ec1057aad5,36f60d45225e60c7da4558b070ce4b60,1
ce87153ae6d1e210517154ec1057aad5,3f14d740544f37ece8a9e7bc8349797e,1
ce8b665ad7a00dfee2a4fbd19dedb82a,0e40b1ed4cfd3da1962ec91913e54ba8,1
ce8b665ad7a00dfee2a4fbd19dedb82a,99c97d191bcc87e072acc4521bce44d4,1
ceb767afcf00ef4fedae42343064aa3d,ad938d3b79856582ace5b311ab864826,1
ceb767afcf00ef4fedae42343064aa3d,d5140e1d258c83a340419c6522c7da22,1
cee86ef4954e9d77f02cbc2276dd75e7,e61c78a7343d82c0539d27df0f7dfc31,1
cef2883537239067f21cf38c1b2abb32,c18ac1d6cc053c0ec7296b994ae6ffeb,1
cf004a37244a84e6569ae75d1efa7149,3ce943997ff85cad84ec6770b35d6bcd,1
cf004a37244a84e6569ae75d1efa7149,b7d94dc0640c7025dc8e3b46b52d8239,1
cf0bb203e30cd0e0a63bb92a37cffb3c,775917a2882dceb1d02aaa6b1abc1b24,1
cf2c9ff6ae4eebe3a21b152f21cdd3e3,0d86ff0b639e969a11a7b3dce67e181c,1
cf32aeb4e8a323e6499a573ac5c90326,7f7da198305ad62091daf841ed6acc6e,1
cf32aeb4e8a323e6499a573ac5c90326,e15cee02291017f6f12b4115ffb417e6,2
cf4935767b14a8312de405de5d5bbdb5,36f60d45225e60c7da4558b070ce4b60,1
cf4935767b14a8312de405de5d5bbdb5,e53e557d5a159f5aa2c5e995dfdf244b,1
cf56ccfd32ac8a510501a6fa69972c74,3b10cf7d1e08c598428ad6eb7c59d09c,1
cf6183c0caa8e012e8587a9e71ce2888,0c9ff9d8ed9b9bdd825487b3a66e05f5,1
cf6183c0caa8e012e8587a9e71ce2888,4fcb3d9a5f4871e8362dfedbdb02b064,1
cf8184665e75b70ff95922909d792bdd,c448475cc4766baebabe30ee6d5f3fb7,1
cfa69922f9968e0e6271647abda09b09,79da264732f717f10ebf5d102aa6c32a,2
cfb025f193db116549c9c23e4d58e3e3,422879e10f46682990de24d770e7f83d,1
cfb025f193db116549c9c23e4d58e3e3,4858799008e3cd4fcab9c61fbc63a2a0,1
cfbf4886ae3c9a97d20957d147e50fbb,99a4788cb24856965c36a24e339b6058,1
cfc825aab2e34838449bf5df3fba69af,24d8da2d499efba175b1092826b7e390,1
cfdaaa0caea59b06efb4b0fb8c700684,777d2e438a1b645f3aec9bd57e92672c,1
cfe96f24bd8c36325e0d92e44324cf66,169e1fedd1319ca92e90e057e7123005,1
cfe96f24bd8c36325e0d92e44324cf66,ed2067a9c1f79553088a3c67b99a9f97,1
d001f22d6b7e8e3b4c322cc83d77495a,3cc4b421c1f28dd22e86fc4aaafb600e,1
d006d6b9951bc8e4dc6953e57e050cf2,b0517edd4454b9c2537f65826f500a2f,1
d00cb93157046651ca3e21a3fc422413,601a360bd2a916ecef0e88de72a6531a,1
d01d54208bf0038028d9fba4bd495ea2,5403528d987ad26e8d7cb25940411987,1
d01d54208bf0038028d9fba4bd495ea2,e06f99e79036d681effa3de75989bf22,1
d02cbb85434c84acabb8e81bbf064d3e,00baba5b58e274d0332a0c8a0a66f877,1
d0401aa66d5c33ae752ece32f8474d3c,2a2d22ae30e026f1893083c8405ca522,1
d05013504cc471a973af3e91dc6b52fe,186fe07c8b8005ec6a498587ffbc1352,1
d05013504cc471a973af3e91dc6b52fe,7f064525eaaa1ce9d22c085f7ff5413a,1
d052fe86655dae0e952c1bacbbb99d7a,aca2eb7d00ea1a7b8ebd4e68314663af,1
d059a0ec4c911c7abb10602099670325,23384f296aa1bf6461d22912093a9847,1
d059a0ec4c911c7abb10602099670325,a996a4fecaea5e7e2638d2c5078ebf4b,2
d05fdf65460ea1bf8735cd5843c3d97d,1612209b0b37fbe80e1e8e1b7d19ca1d,1
d0813c57df04369487ff42ab24dd0ac7,4ebab6a2135a2477b657bda38646b64b,1
d0813c57df04369487ff42ab24dd0ac7,8c5876b1c7768217964f353bc7e64393,1
d08c29302907086e8fe823369542f3ae,8317b177579dd27ff068b83205e2169b,1
d08c29302907086e8fe823369542f3ae,a59fb60fddcc72a9878b7ed5cb69d8e4,2
d08c29302907086e8fe823369542f3ae,e0d64dcfaa3b6db5c54ca298ae101d05,1
d091bff638f800d2e30a8aba790f74c1,741a31499a578979be85db7f80139e62,1
d0924cc48eeb9e613a31e365ba1db47d,d986e4bd747ca20b348abcd013cd1303,1
d0b4d070b79dfda98aed0d61463d99ec,9ddc4249779322828f89d2a9c04f7ee1,1
d0be859f85cda9d896ab14e4ffba955d,4b5e26931a0b0d3a690a3f520329a975,1
d0be859f85cda9d896ab14e4ffba955d,a5341e3f8155dbb3e62323d3ea289729,1
d0c62583f73531eba6338b2390e7a861,d401d9445df5a515a304b386278b4844,1
d0c8fa169b9f2995d6a1692a0e3aae32,4914f8796af2ecd359fd8f44b9b92339,1
d0e376592a3036444738ee6a426785c1,83b92639fffd1d55c9e04c77c86d8d2c,1
d0e376592a3036444738ee6a426785c1,b0c8da302d49498d2ce6be8c631e4e20,1
d0e4d11c07a9872b5c41cd8fc63837ba,7c65bcd66be0ad761948bfeda4e7bd2f,1
d0e4eb7f19326cba84b20949f1c90393,4c3ae5db49258df0784827bdacf3b396,1
d0e4eb7f19326cba84b20949f1c90393,640dcd3e549f736cd39e1f943ff14c3b,1
d0ed0d8dd6a919b2aad302fa1cae682f,2f20a2013902657c0800ddf524514e4e,1
d0ed9308bbe21930c658ae7a063d040e,368c6c730842d78016ad823897a372db,3
d0ed9308bbe21930c658ae7a063d040e,a62e25e09e05e6faf31d90c6ec1aa3d1,1
d0f6a442ee95ea8674c2d8ba325f41c0,1a080577618e7fe4d9ddd8fb2b47a964,1
d0f6a442ee95ea8674c2d8ba325f41c0,7a10781637204d8d10485c71a6108a2e,1
d105a60a6dee61fad9cb8b0e649a49ad,14dffa241a078aeaebaef48a49e807ca,1
d1085381045ea6f88be5cc3e14c61e55,e456721fdab66b576664c035ad183965,1
d10fb5de0a3fed8a598aa7fd3aa1be14,03bb06cda40712fb8473f7962fb7d198,1
d10fb5de0a3fed8a598aa7fd3aa1be14,3321ad579f19476d0d668f726f8dffec,1
d10fb5de0a3fed8a598aa7fd3aa1be14,fec565c4e3ad965c73fb1a21bb809257,2
d15d612a2a2f4499c1fdfbc7b3b02476,869c418f22e0c0ed9207ff691f279e46,1
d1648c587d8b9f4e343a6a0c1aae6a95,c0603988d17e4588dfce0f7f01978557,1
d1763ffdda14239cb1875f180fe5580b,fb949f35bd1873f846cb7246d9db81b0,1
d18226975e699290279749eb64a11da2,29fd9022374ff3fef2e8f82c39b4133e,1
d18226975e699290279749eb64a11da2,48ee9be392f28ae3a64518a070f4d06a,1
d1c1745d918b9661759fce57da31a2d4,7d1a667dbc183583078324f912d42c6b,1
d1cda6997ec00dd06cb0de062d2fa517,1af2a3ec7cecc4015321e562a26c9d1d,1
d1d5df8c1c5a2a239bbd30a2b2685f66,e2f1ccf86759df28dd1e9f2e0e3242d4,1
d1d5df8c1c5a2a239bbd30a2b2685f66,eb9b44e05684527fbfdfd0ff5cb86250,1
d1e6c8c7d7221901a3ba73196f98b9c5,2770305847be150f16eb0b25fa7c171b,1
d1e6c8c7d7221901a3ba73196f98b9c5,a35a9f46dcee0a67c8c7ad8493eb4135,1
d2212e9666e230754f64c958348e5d1d,887c03038c774a15272a3e75ca7b4fa7,1
d2212e9666e230754f64c958348e5d1d,e5ae72c62ebfa708624f5029d609b160,1
d2302d80561ca01cf25096d0a28f07b4,81b6c7c058add831803fcbba6dcc1df2,1
d2302d80561ca01cf25096d0a28f07b4,9565229244e9341fb8c8069879cf73cd,1
d24e1d0902dac57dd313bcf4f9c80160,2136c70bbe723d338fab53da3c03e6dc,1
d24e1d0902dac57dd313bcf4f9c80160,2c71438371b35f7ce3c2511d6b0927e7,1
d24e1d0902dac57dd313bcf4f9c80160,87cb507e0daa37bbf34956fd59eba832,1
d262a1a1abd12ead162803a7a3b00a2c,422879e10f46682990de24d770e7f83d,2
d262a1a1abd12ead162803a7a3b00a2c,53759a2ecddad2bb87a079a1f1519f73,1
d27295915d486516b99c3aed8628e83b,99f5b2240b82bf9387e5cf2fc0335b08,1
d27295915d486516b99c3aed8628e83b,fe59a1e006df3ac42bf0ceb876d70969,1
d277ef4a75c805239e54be86625e0722,c3ba4e8d3cb30049213b682e751e9d00,1
d2787622df9fd933c164f7cf696a4e2a,b5e13c9a353102f79c6206ff5cb61a50,1
d29019c6fe58343d55caeb6f76ae2278,5b8a5a9417210b1b84b67b9a7aefb935,1
d29019c6fe58343d55caeb6f76ae2278,e5ae72c62ebfa708624f5029d609b160,1
d2925e8624ac68e8e49f5e35e2d36822,750a49a83f6ad13ccdf4a761309483f2,1
d2925e8624ac68e8e49f5e35e2d36822,81a266bbf4c7aa3113db84e81ca899b8,1
d2abf5d285be0e8ee8b546305c74454b,205cf43d203186d5eb440a791a5b7404,1
d2abf5d285be0e8ee8b546305c74454b,4c3ae5db49258df0784827bdacf3b396,1
d2c30c00f9787faf7349ea558c153613,4180a49d4b879e727ad2c8e82a9f4d87,1
d2c30c00f9787faf7349ea558c153613,a5e66fadbb9b49dffdbf63675436a332,1
d2c416a539648f1a516b9e18d0725388,99a4788cb24856965c36a24e339b6058,1
d2d3ed262b31f2bb50932fd0b1ab5df7,9a78fb9862b10749a117f7fc3c31f051,1
d2f38262a9f66d15aa9fc2b60ea873d9,c9d1849f97b6fe404378805a105d64ec,1
d315173c9b21c1dd742e78e0ff472fb3,2b2d98d1e9b6f68a472c5ace64d704fa,1
d315173c9b21c1dd742e78e0ff472fb3,d5991653e037ccb7af6ed7d94246b249,1
d31e23d330e7ce67e5e22af44d244ba1,6f33a4a09ae1180a0ee1ff4682b2d21f,1
d31e23d330e7ce67e5e22af44d244ba1,eb7172d8a3c64298d2d767f6603c231e,1
d3359a56d96666ac0c21bb01e7a61c95,7d1a667dbc183583078324f912d42c6b,1
d3581765bcf955dcf282b1642c74157c,474bb6b54fc608ca71059a6c4f7ecda3,1
d35add94591c282fe5555e6d24be10a1,183c95ad186f48c320bbac4643829d3f,1
d3637a49be0f9ce81422c401f4e1c352,808190a48d18d09af357796e2b30d932,1
d366cfc097d250c153a712cebfc7d94a,01ff1ff8aa5dec93e9938b989393a4ca,1
d366cfc097d250c153a712cebfc7d94a,8100d323ffa1909cfcf9fdf05f20b678,1
d3738b2218832d0397dbbceffa3f3514,29fd9022374ff3fef2e8f82c39b4133e,1
d375c3a3a6bff030c08c6d4109b3f226,130482add9fd75ccb6c57ba007694a2d,1
d37b5d5b492f667ea230e377a97fe859,389d119b48cf3043d311335e499d9c6b,1
d383ccd394fc5ccc2418388b70060ab7,cfb79bfbdaf59cfe2e9ae0a071451f32,1
d3857f98166ef23ca95d44cbe9b1828c,f76a9967d2129cda56d7b3be6cb5c9cf,1
d387ea85dc301a91740e31360d355686,134957eeec87be2414ac629ee0b947a4,1
d387ea85dc301a91740e31360d355686,332842d24e84234cd91299a225de76ab,3
d3882d7abd0c66064d740d7ed04dd1ef,6d68112743e7ed2de3932554b033f544,1
d38af04fcd13c9685d0c326c40d973e8,16bf176650a888512655cc94f61860e3,1
d38af04fcd13c9685d0c326c40d973e8,380b4664ba5bb18cc9db78ee6bac3558,1
d3d376410e215ee0e6a3dd23b3c1fd95,186fe07c8b8005ec6a498587ffbc1352,1
d3d376410e215ee0e6a3dd23b3c1fd95,2cbc1ae9dc8c4d81b096db0ee01ae0e6,1
d3d376410e215ee0e6a3dd23b3c1fd95,5c692818d313aa12864b48ac0c2472c2,1
d3d6ab62e2b65c66b94b19924886f9ab,bc055ae94989497c0d66bfa4263ccf61,3
d3d6ab62e2b65c66b94b19924886f9ab,e3b5a4c3f8512fe1315f05564e461ff4,2
d3d7dd472d49050c5f6c1e81f71545f0,00ba6d766f0b1d7b78a5ce3e1e033263,1
d3d7dd472d49050c5f6c1e81f71545f0,b931645cdc2d9868f01544e8db63f5ab,2
d3e6520dde5fda9917fb56ffc3066d66,20531b0644a0719b8d506c4db3c56609,1
d3efd0ae3bee9c35f302e336aef87b99,7868a64aa111bbb4f41f8e1146c0becb,1
d41354e6a6ae039648012f25e66af000,0d69c82f1bc2991a5ec6fff3d803876b,1
d419aaf930662d4df4ee988b75b9123c,99a4788cb24856965c36a24e339b6058,1
d419aaf930662d4df4ee988b75b9123c,f2e53dd1670f3c376518263b3f71424d,1
d42d80a0e58167c0dbb59315c93788bc,f646af315b0f3a597f69213537ca2199,1
d42e9a422c68c20da3bb5744ba9c3fdf,ead3077a141a9c800d6a4bb9d0d415b6,1
d4336c36fbe83d4668606c4361932e1d,3eef0cb94ba82de806bb30ab743c7655,4
d4336c36fbe83d4668606c4361932e1d,61a53738adc5c0e8d243553320f9ba1c,3
d434f0501c5bfbf21a5542885936f711,0aabfb375647d9738ad0f7b4ea3653b1,1
d43c6aa82fc6dc2c43d6813a4822081f,54d9ac713e253fa1fae9c8003b011c2a,1
d43c6aa82fc6dc2c43d6813a4822081f,f6fa93875f4a7dac03e0a22143f4d815,1
d44ccec15f5f86d14d6a2cfa67da1975,4fce0eab61e01d521044c8b071cdfead,1
d44ccec15f5f86d14d6a2cfa67da1975,5328338cfaa16ba10561cd970c73ca11,1
d44f553a3663a6323c901cf1f0a47c87,f50df9b142a624bf4c4d8495489a207e,1
d460303005eb560b9053d48589bcf79d,07691def223b4568e8ecb5a5b30574b1,1
d46f0f655659cbeb210db2a746b2554f,389d119b48cf3043d311335e499d9c6b,1
d46f0f655659cbeb210db2a746b2554f,422879e10f46682990de24d770e7f83d,1
d4a5e9f19897de65433c9d97bf4b9f8e,8b5632d7a4f86bd2f1331355305427e6,1
d4a5e9f19897de65433c9d97bf4b9f8e,a02d0123079f4ae96001ba2010d1a2df,1
d4b0546eafc45b6b4880a54583880931,ba74c6b75d2ad7503175809688d5a03c,1
d4b0546eafc45b6b4880a54583880931,c5b72065154ec27c2d1ed8a654c3348f,1
d4bfdb188411b1d1fdd0a66e8017e8b4,d9c2eaccfa617895e2720f212e592de1,1
d4d13f7f2d183537ba2074adf27b155e,53b36df67ebb7c41585e8d54d6772e08,1
d4d13f7f2d183537ba2074adf27b155e,bc74f63361c15c1a5baa5b97ac432e62,1
d4e365482617be6d91e1271aa793b3c2,0aabfb375647d9738ad0f7b4ea3653b1,1
d4e365482617be6d91e1271aa793b3c2,6c3effec7c8ddba466d4f03f982c7aa3,1
d50c10b739ca1b20e38519852508ad9b,09b0d15a8cc9a84e7af7e0225f67dc45,1
d50c10b739ca1b20e38519852508ad9b,368c6c730842d78016ad823897a372db,1
d50c10b739ca1b20e38519852508ad9b,a39cc58c1b5926b6f9f378daa89f1315,1
d531c1aedd13d2744fb99daac056bedd,6d2fde7d12bb6ff367dbda120ba8828e,1
d531c1aedd13d2744fb99daac056bedd,fb29f48bfea41db52e349454f433340e,1
d53362e84749ae00dead18f33d929f5c,8246b1e9198f46fc3c05900f43568ba6,1
d53362e84749ae00dead18f33d929f5c,d04bbac48960ecb7ea311b00ca6e1cb7,1
d535471db72095137da93810c98af688,36f60d45225e60c7da4558b070ce4b60,1
d535471db72095137da93810c98af688,3f14d740544f37ece8a9e7bc8349797e,1
d5419994a02a55d4b7cd00e77fabdbae,c5b72065154ec27c2d1ed8a654c3348f,1
d55417a83a73d1702b43988e63f0731a,5d5288d3096b9becaa3566f64fe88110,1
d55417a83a73d1702b43988e63f0731a,e44f675b60b3a3a2453ec36421e06f0f,2
d55e256d29e4f7d3c2683642e0ffc7a1,ec2d43cc59763ec91694573b31f1c29a,1
d567f29ec5fa447c99e949f337f3a35c,00baba5b58e274d0332a0c8a0a66f877,1
d567f29ec5fa447c99e949f337f3a35c,617186c3d97ea56c9c683a8a3974e8c1,1
d5819bc528ad4e776e70dc08e642685b,1a2d00b771a438bee7055bbd0086e003,1
d5819bc528ad4e776e70dc08e642685b,b8fefc9c1f951969968e904d08bfa8cd,1
d58760239457cc420d92744d97087921,a59fb60fddcc72a9878b7ed5cb69d8e4,1
d5b4fce33a7ef8e6025bff334e6bbf1d,aca2eb7d00ea1a7b8ebd4e68314663af,1
d5ffb01a18220bff913bad2291a54772,fc5dd987f12a7b823a76a44aa1ba88f6,1
d60483078c0c81748581f80d355bbcba,101a896b1137f70a7bbb2b9fac61458d,1
d60483078c0c81748581f80d355bbcba,d285360f29ac7fd97640bf0baef03de0,1
d615a46ee39d41088222d36e46fb5c03,5bfc7506459ae2a7b4b573fe557a58e1,1
d633949030fd101bb4bb0683b0d90f50,d678178aa4291cd25a755a90188375c8,1
d633949030fd101bb4bb0683b0d90f50,ef66e63137bdd1b2e44aa968646fc1e3,1
d649357bd5b1b116bf9662f41259db37,a92930c327948861c015c919a0bcb4a8,1
d649357bd5b1b116bf9662f41259db37,d70c831282615555625658baeb52eaa6,1
d65921a138c59000aff343f8c991b896,3dd2a17168ec895c781a9191c1e95ad7,1
d65921a138c59000aff343f8c991b896,c4baedd846ed09b85f78a781b522f126,1
d65c32925d7e29eb440266a1eba9a10f,060f0122cdc8f25db4a0d7359fdae7b0,1
d65c32925d7e29eb440266a1eba9a10f,0bdd9a52d192d64770e33ae559512478,1
d65c32925d7e29eb440266a1eba9a10f,69523f67543ff9ea6b1a15858fb59b3b,1
d65c32925d7e29eb440266a1eba9a10f,d2c7a1e57b8f3e74095798f867334b36,1
d66f438b3fcdcf22e7224aaeaf525443,7703b8cb5b77fbb36518ea91e2ca734f,2
d681209e8e330f640987111ec2d1db09,c80525a7dab2df6000ca88a2e7197323,1
d687c16dcf223790dd97278b2cdbe240,e9b3cf27d68caa64832c4a7c460abcb9,2
d692987a5b3a5b5c9eba6b5e4ff7aa76,6a23ae3187f1dac41b7210a8c7739d6b,1
d692987a5b3a5b5c9eba6b5e4ff7aa76,eb8c629f70275fd1c4f809116cce1efc,1
d6b7b7b651f4a32b5c16f62c01f3b565,e06f99e79036d681effa3de75989bf22,1
d6b7b7b651f4a32b5c16f62c01f3b565,e84997d75938765ef99930f908ceedf4,1
d6caf670c8bf91aed723f242cafb71c8,422879e10f46682990de24d770e7f83d,2
d6db3091e8c13023bf1e6d367b8c0847,29fd9022374ff3fef2e8f82c39b4133e,1
d6db3091e8c13023bf1e6d367b8c0847,50d77758742285ff49f340ebdf0df5a7,1
d72c8efab3fada3d046ea0afd623dd16,0a4093a4af429dc0a9334300e5c13ae5,1
d72c8efab3fada3d046ea0afd623dd16,b141c668aca84c5877a5c66bd94fedc8,1
d72c999bc855937d36d7e5f4e6019497,7814c273ab16783d73a9863ebfa8b141,1
d72c999bc855937d36d7e5f4e6019497,d011223de539cd224b5c5c8082313d46,1
d73238dc01a257f5439f611e3cdb199c,7cfb84c1323fb861a17478de42b1839f,1
d73238dc01a257f5439f611e3cdb199c,8b45810da2ef9860496d56f62435fc40,1
d73238dc01a257f5439f611e3cdb199c,b09790edda54333116f9cf1decc580a1,1
d74572d564d4ddc3cf3d286fdb4145eb,57f2bc497c1a3ebe41ba7a06d78ed159,1
d74572d564d4ddc3cf3d286fdb4145eb,e06f99e79036d681effa3de75989bf22,1
d74c9bb007238fda00a3ea54422fa110,4025ee582ef6b8c478af3b44cf89054b,1
d74c9bb007238fda00a3ea54422fa110,c211ff3068fcd2f8898192976d8b3a32,1
d74c9bb007238fda00a3ea54422fa110,cf28a2b7bc92809a0574cf07772c88c4,1
d74c9bb007238fda00a3ea54422fa110,f4d705aa95ccca448e5b0deb6e5290ba,1
d753459418d268407f19b64be28e3c5a,f5d8f4fbc70ca2a0038b9a0010ed5cb0,1
d75a854dd5534f42bfac3299ac2d0b33,21fb5057dd6a737df6851a7ab7a130da,3
d75acd4c5b7b4dfd32b9d9172b195419,371fa349d92646bbeea5873df0bcdc5a,1
d75acd4c5b7b4dfd32b9d9172b195419,c20a3f598c16d77249da67e81caa8317,1
d75acd4c5b7b4dfd32b9d9172b195419,d0fe4295267f15ccaceac4fb233d8c9a,1
d7624d219b6ffad980e91412174db310,e8ca14b6c60a3194f2353bbfe0287bbe,1
d792207a143bca423ba1685b30e34557,36f60d45225e60c7da4558b070ce4b60,2
d792207a143bca423ba1685b30e34557,e53e557d5a159f5aa2c5e995dfdf244b,1
d7a86208b8dd2e697ddf825c386a0402,f5cb4f19ca215fb34aef190918d45f46,1
d7a9f47a1c943e087a775dc2f9d43eb3,e9def91e99c8ecb7c5cef5e31506a056,1
d7b402c756be57180fa0df36f58d8b7f,06edb72f1e0c64b14c5b79353f7abea3,1
d7b4f3c9c89ba771ef099693c61d7085,63ee501f72520d5ec54cef5fd3a21a20,1
d7b4f3c9c89ba771ef099693c61d7085,bdc3291ab242ec1effc8eb0987850268,1
d7bf7cfe09c3d0f40e1cabde2dc17fd4,a8d952e8e5436a6fe36d24c402d100de,1
d7c6335139cb055ed0ce1125ddc788d8,99f5b2240b82bf9387e5cf2fc0335b08,2
d7c6bdf20c4ec9c9cda815dde58e778a,154e7e31ebfa092203795c972e5804a6,1
d7c6bdf20c4ec9c9cda815dde58e778a,7c1bd920dbdf22470b68bde975dd3ccf,1
d7def44f47f1bb64b770c438641a5f50,20531b0644a0719b8d506c4db3c56609,1
d7e0432688bbd72d3567568903f6117c,1bef08f119466a85a83919d5b80facd3,1
d7e0432688bbd72d3567568903f6117c,31699327e8b1095210f7c48d91fc09f0,1
d7e0432688bbd72d3567568903f6117c,99a4788cb24856965c36a24e339b6058,1
d7e306d63be84c9bd5cecf2f851d3c19,14dffa241a078aeaebaef48a49e807ca,1
d7e306d63be84c9bd5cecf2f851d3c19,dd6a505f83dd3c6326aa9856519e0978,1
d8079e13179a4ba20a2d06c42e713ff9,b5e13c9a353102f79c6206ff5cb61a50,1
d821b0981be9795c42ff1b2dece149cb,c3b9c5a3a88d5cd18800fb865741d9ad,1
d83257348027bd8c59a228cc034de5e3,3d0552899dbe2f89cff6197aab33fe99,1
d83257348027bd8c59a228cc034de5e3,c1617123e66d2491ca93ceadfd36203e,1
d8512697dee9c887444a41d7a3125ff8,ec72556b5da399d24fe06338e816a9ac,1
d87cd982d4b793abe00c75c000c89237,7c65bcd66be0ad761948bfeda4e7bd2f,1
d885d4dcc9bb0cbaf3e7aa0fa4af16e0,57f2bc497c1a3ebe41ba7a06d78ed159,1
d885d4dcc9bb0cbaf3e7aa0fa4af16e0,9759a740aa84f55b71c0c8c306a80737,1
d89cda51daee5f58ebd5d1d12a4575bb,c4baedd846ed09b85f78a781b522f126,1
d8ad2c0c09bb419ee20bbbda66ed6d9c,9048cbd294fe0c1a3ec8c8248bc2cadd,1
d8cc3231a8eda4409875bb69bb91f594,4fcb3d9a5f4871e8362dfedbdb02b064,1
d8cc3231a8eda4409875bb69bb91f594,f4f67ccaece962d013a4e1d7dc3a61f7,1
d8cd82807a4410f5091fa7e41b0dad0d,3ec2984cb2de1675a0306bfc60dbe5a5,1
d8e4bf349af9df104faeef494ad2c6de,d189fbf8b5d79a670cebcaaad68d77b2,1
d8f3c4f441a9b59a29f977df16724f38,c1cf541d5b33a4b04ddc1c3be7aa1c86,1
d90ad5d193792bb1ea740bd2168f2414,007c63ae4b346920756b5adcad8095de,1
d92462d83762d5e5c112bccc344119e6,8d139b1550c8cc91a3babc9cfe9fc147,1
d92462d83762d5e5c112bccc344119e6,f71f42e2381752836563b70beb542f80,1
d927267e54f07b9e0fd408d2f840024c,70d01ae15a5d5ee38388b90c0470d9b0,1
d92e065f815b20aa0535f71f00efb6a9,368c6c730842d78016ad823897a372db,3
d936da095a235937dbcc81ab08bac901,51d646c5c93e0f1de543528d0e24eadc,1
d9752ac494a2b97507fd2faa478cabd9,35afc973633aaeb6b877ff57b2793310,1
d9752ac494a2b97507fd2faa478cabd9,99a4788cb24856965c36a24e339b6058,1
d97b3cfb22b0d6b25ac9ed4e9c2d481b,6a0713a63e990052795623e76cc2995e,1
d97b3cfb22b0d6b25ac9ed4e9c2d481b,7094fadc9773845c7d453e51b04289a8,2
d97b3cfb22b0d6b25ac9ed4e9c2d481b,99444c1e11fc38755dae86f5c67d3d1a,2
d991d3ae7a0de4096b433ddc61afc932,2481a472d98c582b46bc2dfeae6f539f,1
d991d3ae7a0de4096b433ddc61afc932,777d2e438a1b645f3aec9bd57e92672c,1
d99f6517413453aac88d83b92746add4,5c5585c687a0293f10bb748c13cacc71,2
d9a2eaabcf3dc83784f91e6559cbb15b,68bf40b3abd5ffc25981c25df9ed9087,1
d9e1b1a2be1099683792849d51b2edc6,9b9d1c4bd979b93c138044e032f99780,1
d9e6c750121d4d84ba6f2cdc6cc80008,b60856ce32d90658dbf99b9485327c25,1
d9e6c750121d4d84ba6f2cdc6cc80008,c4baedd846ed09b85f78a781b522f126,1
d9e97e176fab9b275f9665eef6151a7b,19c91ef95d509ea33eda93495c4d3481,1
da0161a3715285aa96579834b9ee8597,5373e18844eec682770d139ba29cd32c,1
da0440138fea4368af70b5cb01126a9c,7c1bd920dbdf22470b68bde975dd3ccf,1
da0db337ede939840c3b01ee64616282,4fcb3d9a5f4871e8362dfedbdb02b064,1
da0db337ede939840c3b01ee64616282,f4f67ccaece962d013a4e1d7dc3a61f7,1
da1e7179b9c5a1494d78528cbcf05aa0,a5215a7a9f46c4185b12f38e9ddf2abc,1
da29b8a3970adddb9ed2dc8a492065af,63de2743d05ab59d85caa49e49459ac1,1
da29b8a3970adddb9ed2dc8a492065af,7c2d0df8e5fbfa71d54a400b33a8502e,1
da2b78576894a7f95d45bfd20250cc54,56b81eaffe3c2e7e54f3bdf2a935164f,1
da2b78576894a7f95d45bfd20250cc54,7e0dc102074f8285580c9777f79c90cf,1
da2b78576894a7f95d45bfd20250cc54,d04e48982547095af81c231c3d581cb6,1
da42590d5fb158dedc2996e0cdf95a58,e0bb3159111d86828b5caef8725ff055,1
da4aab0d8d3e91a21cb28a1cdd79c6ac,0a57f7d2c983bcf8188589a5fea4a8da,1
da4aab0d8d3e91a21cb28a1cdd79c6ac,41c24b8ce92d1a2cac62db5edfd088b2,1
da5bbfd583efb762f6fda762f1aaf4a9,3c2f792f1041177a81913a977431a99e,1
da5bbfd583efb762f6fda762f1aaf4a9,c19d5ba108c34b8255cf9a524da92bc4,1
da8f764b90a3b800f31d093c22cd3074,4c2394abfbac7ff59ec7a420918562fa,1
da8f764b90a3b800f31d093c22cd3074,c92f0e7b9d49a9543558d6532772441b,1
da97d3a5a7013344d88b124902922376,fad824f446c61e0e6e1e8644c17a9f59,1
daa7bbf7016cc30bf64f97d1db63e5e6,d017a2151d543a9885604dc62a3d9dcc,1
dab16a0cbc175e43eed97e748788e333,c708ba7c6269161f89ce0683cdd7c432,1
dad9e634284872d012677965e512b57d,e2372fa4eec7531e44bb43844876e25b,1
dad9e634284872d012677965e512b57d,e5eadf9be70a4a9fa514019542fc330a,1
daec9f67248b12c4a7766c16541ce32f,b0c89945c034268074f5f80b362bda34,1
db07fd2ad9869f8356b1fbeefdac31e8,202bd859659a841de892b00c341300ff,4
db07fd2ad9869f8356b1fbeefdac31e8,3e6d2bde9274ac275013aa90d7e2bf16,1
db094faaa9628ba9f5e5da127407f139,31639956e7fac87ecfd9d608040638bd,1
db1677d58ff684b027e8ca55ff02f7fb,b0c91d66c28e96ee21e0616a5ad1ac35,1
db1af3fd6b23ac3873ef02619d548f9c,2b939dc9b176d7fa21594d588815d4a4,1
db1af3fd6b23ac3873ef02619d548f9c,d1c427060a0f73f6b889a5c7c61f2ac4,1
db28fc41c6aae0d92e04d0e0c127f6f5,5f42d57952b7815098979a5c4fa6f82a,1
db28fc41c6aae0d92e04d0e0c127f6f5,6463e442310f2f4f321c83a32d8c662b,1
db29fa1f0d621557cec5d539a6e68050,cf1d8e226162a1d0ad61f29b7ed72d82,1
db539c729198334582efc7b53c803c79,c689470c5a069795896edc7b896d9251,1
db5845a22edcc1c05394690732caa60b,a996a4fecaea5e7e2638d2c5078ebf4b,1
db7d237377a3dbaccede13b803c28306,09c3a2ea33f044aebffecd6681e00133,2
db7d237377a3dbaccede13b803c28306,d011223de539cd224b5c5c8082313d46,1
db856e8cb7586dd746d36ee69f7dbe68,5c973b4202aac5c372a483e712306f4f,1
db98683c0f4cba7460c2685789c58c91,8e312c483d79e02dbc1d68cce77e26c8,1
db98683c0f4cba7460c2685789c58c91,cee96128d25ffe3429e69452233838dd,1
dba63d24ca222a17945a6aeb6e6c0ef1,78efe838c04bbc568be034082200ac20,1
dbb8985cba830b580df7d14ef6a5d548,3cc4b421c1f28dd22e86fc4aaafb600e,1
dbb8985cba830b580df7d14ef6a5d548,e0cf79767c5b016251fe139915c59a26,1
dbbda69ec0b66b2a5ba148ef8ea721b5,50e1b118f266b655f613f753914c42db,1
dbc19912d7a5ce777b71178146f803f8,1107055c5c960ef6e183e781260aeafd,1
dbc19912d7a5ce777b71178146f803f8,44e086c4a977f37a888627b43880586c,1
dbfcc5deb3b691c5e01287d8a4b1efcb,0129d1e9b29d3fe6833cc922374cd252,1
dbfcc5deb3b691c5e01287d8a4b1efcb,9f14f401fce2d9ddd450e7ce60cb7f5f,1
dc1b1c4c02997d9302e4b3084515f0ec,0900e9b18da6627157a7e47a8ac8fc08,1
dc1b1c4c02997d9302e4b3084515f0ec,2d27434c710806b971a721da337a112a,1
dc1e294dceea9fbe6bd8646954e03c95,25f86162fee18735fffdb762dcb10d7c,1
dc1e294dceea9fbe6bd8646954e03c95,719d571299707561c34ba04ab867b32a,1
dc1e294dceea9fbe6bd8646954e03c95,bace90a7338e9d31371ad47811cf4c7d,1
dc450fdb03562a6d52752858f7855348,0cf13ac73dbcf6586ba63b89dd1f780a,1
dc48b0a1b0e6abb6586f322c189f6b93,37d2e3656244fd840ebd0460360455cd,1
dc48b0a1b0e6abb6586f322c189f6b93,683647534fe73616ae97d91a6ef253f4,1
dc48b0a1b0e6abb6586f322c189f6b93,90f97298579cd20412fdcc9b7a2d4b6b,1
dc591097f939fa6a57749d030d937500,b7d94dc0640c7025dc8e3b46b52d8239,1
dc6502a8fc5ef5239994a36192e7a0ca,11fd9d7ba552e1d28872e008acf1e050,1
dc813062e0fc23409cd255f7f53c7074,423b46d7ff817b1cd19ab195c7b76546,3
dc813062e0fc23409cd255f7f53c7074,b623b7cb05ee3248fbe4a6ecbeed79a4,2
dc858be5b0bb881c067192937bf4ff78,113f80f12c8892f0c59206f70b862b40,1
dc858be5b0bb881c067192937bf4ff78,42a2c92a0979a949ca4ea89ec5c7b934,1
dc9108cdc59294eebe936e0971e6da63,08574b074924071f4e201e151b152b4e,1
dc9108cdc59294eebe936e0971e6da63,98a8c2fa16d7239c606640f5555768e4,1
dcae10a371a35e87b7e88b8724a7bbea,7f064525eaaa1ce9d22c085f7ff5413a,1
dcc9b6eac03a7f9c934c35aad0affdca,a5db7a80a8d9c9d49050360fceb6ffd4,1
dcc9c0fd8dbf091ca2965710ef45c16c,363218ba55c610b750224f90bdd34be1,1
dcd27efb93b723b301f8bac00e5d7e01,0a57f7d2c983bcf8188589a5fea4a8da,1
dcd27efb93b723b301f8bac00e5d7e01,d011223de539cd224b5c5c8082313d46,1
dce45a384a6b749722f5d324f68aa7e0,28b4eced95a52d9c437a4caf9d311b95,1
dce6dc77c19d239bfbe9d77dd4d0ef98,98190f6a2c3253d07ca86525bb238162,1
dceb4917f47969515db757f78b8851eb,35afc973633aaeb6b877ff57b2793310,1
dcee1e44ded6f1bfc5b4988d771243da,82e4ad16521ca131d95e198d507db370,1
dcee1e44ded6f1bfc5b4988d771243da,f819f0c84a64f02d3a5606ca95edd272,1
dd0c3f3af94f2d203f2ee8baed6eec66,be59d6c35e43e4bae41772d4b87136a4,1
dd1640a5d21d24d20ee6788725a303b7,11fd9d7ba552e1d28872e008acf1e050,1
dd1640a5d21d24d20ee6788725a303b7,6f4f2bb136fd2d8e8229355d8fec6b67,1
dd20866f2a6d0f83a61cf8887a09528d,35afc973633aaeb6b877ff57b2793310,1
dd20866f2a6d0f83a61cf8887a09528d,787268a8ccbecd1ae02d8001b61ca46d,1
dd25b514ee922669e5de2d638199a3e3,36f60d45225e60c7da4558b070ce4b60,1
dd25b514ee922669e5de2d638199a3e3,a8fe47ad6f852f93cc92c7b408687de3,1
dd47740f3c285d15d8c9c72fc204e78a,06c6e01186af8b98ee1fc9e01f9471e9,1
dd6ca4bccbd21803d32139af5b908fd7,a04f52ded97b5530e8783e3c002b90f0,1
dd6ca4bccbd21803d32139af5b908fd7,bb42f37fc3d9130e4a4339d24a47dd7c,1
dd6e665621eca3de5e37b072f7d50f0c,1b7384e0f9f5e4cb914cd3f5535a4cab,2
dd8253fe17486f2e2cbff105e36e4a55,4df83a41105e00e0845b9d12b5fe601c,1
dd8253fe17486f2e2cbff105e36e4a55,ac305a1e7e7b958e961fd896ef1395c4,1
dd8c09f1b309c9ffc302c745550a9ff3,372645c7439f9661fbbacfd129aa92ec,1
dd8c09f1b309c9ffc302c745550a9ff3,525947dbe3304ac32bf51602f9557c12,1
dd9b235dbe7d48c82caca4da097a2240,817e1c2d22418c36386406ccacfa53e8,1
dd9b235dbe7d48c82caca4da097a2240,8562e2c780a345b609e1b802d7e3e4ae,1
dd9b235dbe7d48c82caca4da097a2240,9163c7e81fd68452472912c4cde810aa,1
ddb6c620ec1a4a81641076966fda30ee,22c5ddc22ea8cae84fc9917def682dc6,1
ddb6c620ec1a4a81641076966fda30ee,9e0e152552a1323f7e5dcf63d50cdae3,1
ddcbd9c87bce192fc14812129a7894da,b38b25d838ae0b8385e8cc68b9017644,1
ddeb6f3566dcf17cb455271ac103a73f,657247f6f60543b93e3cc708a8e6329c,1
ddeb6f3566dcf17cb455271ac103a73f,ebb12274522d82caa7dca657873b2ad7,1
de0bf4b52c6b76e5ddc39b9bd24bbb26,2136c70bbe723d338fab53da3c03e6dc,1
de18795710878308ae1ee6c113107e38,601a360bd2a916ecef0e88de72a6531a,1
de18795710878308ae1ee6c113107e38,e7db7c40ea6647c808d48581f1308d88,1
de3310643e5dc5aeda6082c500dc629f,056d012d264624accb7f73d31caee034,2
de3310643e5dc5aeda6082c500dc629f,3e5201fe0d1ba474d9b90152c83c706c,1
de34b16117594161a6a89c50b289d35a,5403528d987ad26e8d7cb25940411987,1
de34b16117594161a6a89c50b289d35a,8a5835aeef83efa6aa947f84f92deb0e,1
de34b16117594161a6a89c50b289d35a,9c7ce59c96e74dfdfc51f13a4a6c3869,1
de34b16117594161a6a89c50b289d35a,dc52f0f5d3ec37a93eaf956cde4e5d2c,1
de3da035327809e57b95f4da954f2322,c3ba4e8d3cb30049213b682e751e9d00,1
de3da035327809e57b95f4da954f2322,c708ba7c6269161f89ce0683cdd7c432,1
de5a3ee2788b0745f72d262caa6a91a6,c211ff3068fcd2f8898192976d8b3a32,1
de5a3ee2788b0745f72d262caa6a91a6,f4d705aa95ccca448e5b0deb6e5290ba,1
de5f2d4aa1e29e756ca9225b1f157474,0bcc3eeca39e1064258aa1e932269894,1
de5f2d4aa1e29e756ca9225b1f157474,b0961721fd839e9982420e807758a2a6,2
de73179fb08ccaa16bfbf6c139879855,44a34214a57dc373dcd80f54c919d006,1
de73179fb08ccaa16bfbf6c139879855,c65f71634a9d0de5b4a1d7dbb6d3ae01,1
de7581f6d9e04d67f2018d43df7ab119,7340a3839a1de1e99d149b8cf052a2ec,1
de7581f6d9e04d67f2018d43df7ab119,f4d18451e6c35980e6898e36dfd6fb55,1
de7cad0a39eabfa2285ef0b891ef404a,2083a6feb4bbb31f6abc92fc24e468c0,1
de7cad0a39eabfa2285ef0b891ef404a,cfb763496d9fc48751a27db4fd02aa2d,1
de8ce480b6119f2835ce8ad07c326793,25e2023ed83352bde98dc1490d14c3d8,2
de907ee6190d3fd70be7e607a3ddbbf7,410d5b211dce5611e7a6412bf0cc30fa,1
de9f979be63bbed5045c2bf762dd2eff,3a3232c5a8df0895d04012fb058f4bbe,1
deb36ab6f093fd67bc5eb3801b6d4390,e3f7b3cbb0ccf1f1e361e6974b22e346,1
dec5217f924eab1dae338b9b54f53558,34dc9ba20762290886d4d94d07a102e3,1
dee08f6d91c8a85939d1f694e79d487d,38273c03eb0f88327f62c1d521260623,1
dee6a650840de087ac42c4367bc9baf3,7814c273ab16783d73a9863ebfa8b141,1
dee6a650840de087ac42c4367bc9baf3,9ecadb84c81da840dbf3564378b586e9,6
df02a4f7f01b9bb9ae11fcc020d78de0,e1da6ab77f4859eb17950e5df1c0f815,1
df02a4f7f01b9bb9ae11fcc020d78de0,fb979d44fd4269b2ea30e300b66c89f3,1
df16ebe187653747ab50f3503a514255,cc5447118c174dcc6456c84ccb29e6f7,1
df19c809342ecae8391e68dccf16fc8f,07ffc018eaf23e086370dea42c74077b,1
df1f61c43368a8ed99dc76b43594fc4b,0d146484c69d613fe015c0229056b065,1
df1f61c43368a8ed99dc76b43594fc4b,283dc451ad3918badb976d56ff887289,1
df1f61c43368a8ed99dc76b43594fc4b,3cc4b421c1f28dd22e86fc4aaafb600e,1
df534a4fbf3388be1fa78d5b5ea9d153,2ebe00f53430b4eb4086f08409ec7760,1
df69205330ca51a4f5312b0ac01918f3,32442bee23baee10041f5a964cfcbd15,1
df76d1efc22b15300619dd981a0c3d1c,422879e10f46682990de24d770e7f83d,1
df76d1efc22b15300619dd981a0c3d1c,b0961721fd839e9982420e807758a2a6,1
df946ef265626b1e0a425292815ddead,154e7e31ebfa092203795c972e5804a6,1
df946ef265626b1e0a425292815ddead,2b4609f8948be18874494203496bc318,1
df946ef265626b1e0a425292815ddead,e67307ff0f15ade43fcb6e670be7a74c,1
df9bd60da4a8f8945d2b862aebd3d418,154e7e31ebfa092203795c972e5804a6,1
df9bd60da4a8f8945d2b862aebd3d418,7c1bd920dbdf22470b68bde975dd3ccf,1
df9d2585c3e7b4f8904b1933e5ad2c7c,2136c70bbe723d338fab53da3c03e6dc,1
df9d2585c3e7b4f8904b1933e5ad2c7c,2f70195374f6c3d3c6542edf5bd17c8c,1
df9d2585c3e7b4f8904b1933e5ad2c7c,5c692818d313aa12864b48ac0c2472c2,1
df9d2585c3e7b4f8904b1933e5ad2c7c,87cb507e0daa37bbf34956fd59eba832,1
dfbcc41e559a4afae12abf5adfa17c6a,29fd9022374ff3fef2e8f82c39b4133e,1
dfbebe96520c2a101d602c7d003764ba,36f60d45225e60c7da4558b070ce4b60,1
dfbebe96520c2a101d602c7d003764ba,e53e557d5a159f5aa2c5e995dfdf244b,1
dff33bfc45ae0becc55ce9b50acd4073,36f60d45225e60c7da4558b070ce4b60,2
dff33bfc45ae0becc55ce9b50acd4073,3f14d740544f37ece8a9e7bc8349797e,3
dff41d762e4e7b68b73af7203a429072,06c6e01186af8b98ee1fc9e01f9471e9,1
dff41d762e4e7b68b73af7203a429072,f361fccba568fabe00db466f80626d1e,2
dff5ff8f411dd1d77875f7e17a3eb512,6d43aa08ee344527fc3e86b90cfd2379,1
e016365b624d1755f3e2d0e8f1631ebb,6a0713a63e990052795623e76cc2995e,1
e016365b624d1755f3e2d0e8f1631ebb,7c1bd920dbdf22470b68bde975dd3ccf,1
e019a4aac43a090ae332d9459b272722,7bdb28a55646012fb3348058d629d9bc,1
e019a4aac43a090ae332d9459b272722,9163c7e81fd68452472912c4cde810aa,1
e02e905c3c1fb7792b7b98ff5d58ede4,017692475c1c954ff597feda05131d73,1
e031118eb65330b4c180522f2743cf51,f1d3e7a4605f6cd5f2a3cf9bde5c7845,1
e03684ee60e4f8113ddbe25a1a33d4a3,ad4b5def91ac7c575dbdf65b5be311f4,1
e03684ee60e4f8113ddbe25a1a33d4a3,e6b314a2236c162ede1a879f1075430f,1
e044e3ad4f09b7879007ed0b333d993f,43b54d1fc56ff394092a3dff6be2d39f,1
e05757dc57fc38f5156c82e9e4444f8f,657247f6f60543b93e3cc708a8e6329c,1
e073b00ffe19985162bf486f0dd9507a,4025ee582ef6b8c478af3b44cf89054b,1
e073b00ffe19985162bf486f0dd9507a,bb42f37fc3d9130e4a4339d24a47dd7c,2
e079b18794454de9d2be5c12b4392294,6421588f55f75de28cb3357e07723d14,1
e079b18794454de9d2be5c12b4392294,f303e2cdf0967ef1a153d12f2685d280,1
e07ced752d77608fad5260c058e09266,53b36df67ebb7c41585e8d54d6772e08,1
e07ced752d77608fad5260c058e09266,dc52f0f5d3ec37a93eaf956cde4e5d2c,1
e0836a97eaae86ac4adc26fbb334a527,157ee978f4fcdf8984b0bb33a6687fde,1
e0836a97eaae86ac4adc26fbb334a527,67bd616e1ba0d3d3e8545f3113b0140d,2
e09e509936d44d03ec876c40b0f6dd3f,f20a14d45e85b05ef554d10d7283f7da,1
e0a1aa604ed61564997b8d69144e415b,0a9a9c25c5a06532d1766e00db833a7f,1
e0a1aa604ed61564997b8d69144e415b,bb42f37fc3d9130e4a4339d24a47dd7c,1
e0c99ffdcd8891130985ac90cd2d8eec,b5e13c9a353102f79c6206ff5cb61a50,1
e0e3eaa3330d98b1b65cb8c780cc57b5,c211ff3068fcd2f8898192976d8b3a32,1
e0e3eaa3330d98b1b65cb8c780cc57b5,e0cf79767c5b016251fe139915c59a26,1
e0ec2e3c3f6e06839e8fb986be65c7c5,154e7e31ebfa092203795c972e5804a6,1
e0ec2e3c3f6e06839e8fb986be65c7c5,2b4609f8948be18874494203496bc318,1
e1015df046a6e086818dc851b65c2392,35afc973633aaeb6b877ff57b2793310,1
e1015df046a6e086818dc851b65c2392,99a4788cb24856965c36a24e339b6058,1
e109eb44e8d75d524b377284028f237a,e13f46cf68d356e0ac0f32058af20911,1
e10b68125f54adc15562b1fa412e655a,6421588f55f75de28cb3357e07723d14,1
e11a1b428e150830944b665cb6b2d5da,8c591ab0ca519558779df02023177f44,1
e11a1b428e150830944b665cb6b2d5da,c4baedd846ed09b85f78a781b522f126,2
e1224167b1a3f92781c2ff55b0b794be,a76d6212f99d1253fb7bcfe02ce87d8a,1
e12f7f1e96f1f9f6361572028a1fad5a,98e0de96ebb0711db1fc3d1bad1a902f,2
e13034a7d651eff97222841955be3eb2,3a12fe499b9342f78cb827ee18393e7f,1
e13173fd16b572985c50742546978614,78efe838c04bbc568be034082200ac20,1
e13173fd16b572985c50742546978614,81b6c7c058add831803fcbba6dcc1df2,1
e14705d2e06ab8ee7c665f21c72f874f,7c2d0df8e5fbfa71d54a400b33a8502e,1
e14705d2e06ab8ee7c665f21c72f874f,8c292ca193d326152e335d77176746f0,1
e1708ec558c8c1d8bd5e24d022cd13ce,3abb0e27cb9374f334c59074d868bcbe,1
e1708ec558c8c1d8bd5e24d022cd13ce,f0c1c1d5ec61ce4c4846abd4283631df,1
e185c409705237e14313f1ea04f1699d,29b18b99ca3c94cea05efa9e11465440,2
e185c409705237e14313f1ea04f1699d,b2775a101dfacb48184ed1c1cb4a278b,1
e18e5bacd926fa2430662e451bbdfaa9,9a98180ffbd0765e89f11cc8dd2385f4,1
e1ad1fd9e59ec7ec1b59f6093171a62f,62177bb58dda374cc02e6cd2616996a1,1
e1cdf692ed47d0ba0429839e43913966,8da77162e41d47464f9806727417cf6e,1
e1cf735f320c9870c2046dbbc634fcec,154e7e31ebfa092203795c972e5804a6,1
e1cf735f320c9870c2046dbbc634fcec,7c1bd920dbdf22470b68bde975dd3ccf,1
e1f50c6c0a443c30340b982b8fbe1a14,50b9ed3a22932b28d452c73046083f5d,1
e1f50c6c0a443c30340b982b8fbe1a14,89de415e2cf869a6b1274f51913f1a49,1
e2226f481eef03f2876d1a27f0f4b1b0,8466762a9393a2b2b1de73f3cf6081a3,1
e22554f01a97d751501ba18ae2485795,386486367c1f9d4f587a8864ccb6902b,1
e225b3c270984a8097a136089a11aea9,36f60d45225e60c7da4558b070ce4b60,1
e225b3c270984a8097a136089a11aea9,e53e557d5a159f5aa2c5e995dfdf244b,1
e226254ce0c6d5b7a7ef7218c9b5b518,0c877471e35049402bca235e06cb8063,1
e22c7e55a547f8d9bc30d2957ba1c9c5,2eb6e8f39feaf75fc5163f774d38f0f1,1
e238fba997eec80e48bf8d8689877d89,35afc973633aaeb6b877ff57b2793310,1
e238fba997eec80e48bf8d8689877d89,99a4788cb24856965c36a24e339b6058,1
e2439c7b04c3500e7a4aa7a208e78f70,8173ca41cdb176462f9ae79821a48404,2
e2492e4188991b6276a4a62a287a5451,a38b238734207eeb0388676235cf56ec,1
e2492e4188991b6276a4a62a287a5451,a62e25e09e05e6faf31d90c6ec1aa3d1,4
e2538fcd738167049ed245b8f2576bcb,09b0d15a8cc9a84e7af7e0225f67dc45,1
e2538fcd738167049ed245b8f2576bcb,810e2944bca9850b934e1570ba372e7d,1
e25758dbbe91ea890d8cc16613f4afd2,d1b8f5983d9573c8e523b8c56a59497d,1
e261fc64438c07bf3f12e82fe26c0682,0d85c435fd60b277ffb9e9b0f88f927a,1
e261fc64438c07bf3f12e82fe26c0682,ee57070aa3b24a06fdd0e02efd2d757d,1
e27def83fca14e64279e3a053a0e0924,976738868bdcc86e959ba2a7b726d4d5,1
e28538e3001edb06752b7fc98b6ed97e,014a8a503291921f7b004a5215bb3c36,1
e28538e3001edb06752b7fc98b6ed97e,dd6a505f83dd3c6326aa9856519e0978,1
e2889baccec81ed3bed4d66c1c675cb2,4b96786612ebe7463132fce2c4dca136,1
e2889baccec81ed3bed4d66c1c675cb2,99a4788cb24856965c36a24e339b6058,1
e2ad62287d09d865cc01cad90869dd91,553e0e7590d3116a072507a3635d2877,1
e2ad62287d09d865cc01cad90869dd91,94f584e1a1158e97314c59b190dfb899,1
e2af42f42a86805055a8e71af58ee71e,f9025647e0a95c843a2d85c23df34c6c,1
e2c87a07e54c863d60af789a9233bdb5,be0dbdc3d67d55727a65d4cd696ca73c,2
e2ce734f0bd635b4b82317b5e5fcd152,a8fe47ad6f852f93cc92c7b408687de3,1
e2ce734f0bd635b4b82317b5e5fcd152,cd4536501f4e8486f233ea0c0e7e1ee8,1
e2d2fac14a650e3e6711d3e221cd86eb,236c8998f9a6e6150cdfb75fed83c15d,1
e301216623168d227eb0b0a3aabb1e62,36f60d45225e60c7da4558b070ce4b60,1
e301216623168d227eb0b0a3aabb1e62,e53e557d5a159f5aa2c5e995dfdf244b,1
e325e139452a1ca05f5a33acedd7d94f,a4fa3b8fa5953b0bd18bf4e0b4de499d,1
e325e139452a1ca05f5a33acedd7d94f,b8fefc9c1f951969968e904d08bfa8cd,1
e325e139452a1ca05f5a33acedd7d94f,f2f411f86bd5bd427e28e2a30771761f,1
e3301490c373db9263c15a73172d0c6f,f4d18451e6c35980e6898e36dfd6fb55,2
e336a9719ccdcfb34a02d22e84571527,72bb19eb8886399d5a46785146792ba7,1
e336a9719ccdcfb34a02d22e84571527,a5db7a80a8d9c9d49050360fceb6ffd4,1
e374f0ed9ec35b9af339460a75c4d096,165f86fe8b799a708a20ee4ba125c289,1
e378ece7324086aedbcb98b5f5eed332,368c6c730842d78016ad823897a372db,2
e378ece7324086aedbcb98b5f5eed332,cec09725da5ed01471d9a505e7389d37,1
e38a9d13896946501404c6d82790728c,cc971e0365873137b8bef2ebad633e6f,1
e38bf9a883752b0b65407a103fd7ef30,0e34187d4312b97b5e698836d28ed040,1
e38bf9a883752b0b65407a103fd7ef30,62d8daeee0db3a60c234c2d1bfd10651,1
e395de53a61a2f8fa96ea1ca399c3ff5,f4d450a6163f21cf9db8bcdf8c7e50f8,1
e3c85862f94505287c37eafd177c46e6,ab1ecbce7afd9f6e661baa24a5706c9c,5
e3c95cff4b8cca496061b369eaa006f7,363218ba55c610b750224f90bdd34be1,1
e3fb0445316b7ff69a4e8bf6bccce896,74939659dbb10592e383bebf2f78272c,1
e3fb0445316b7ff69a4e8bf6bccce896,ad0a798e7941f3a5a2fb8139cb62ad78,1
e424731f7e9ccc9f3384b8b71378cbf7,7f064525eaaa1ce9d22c085f7ff5413a,1
e43c9920240823d6c97bedc723c25281,31a2f42a87890f87d77daebdfabc182e,1
e43e7031cd89dd0ac61dd44b840c311f,7ce94ab189134e2d3c05f496d635419c,1
e43e7031cd89dd0ac61dd44b840c311f,c63ea4621680c1b0fca8864c0564bd78,1
e44110c2ff342e5bbda6c2224d94bbe6,817e1c2d22418c36386406ccacfa53e8,1
e47c73d951eedaa5b1c89e6edcd27693,1b11571a0535a643bb18db34b84b7334,1
e47e3ecbe9ae12ecbfc5651bd62d7733,0fa81e7123fd0ebe03adbbe99d912827,1
e47e3ecbe9ae12ecbfc5651bd62d7733,1528d0673079ce2d79d29753b800d76e,1
e4834c6feedd40a5d115c5734e0aa7e8,2de5c479fb0c490a0f2a2f3ab36e71b6,1
e49047a4c83acc67477aea24e68e0d10,0a4093a4af429dc0a9334300e5c13ae5,1
e49047a4c83acc67477aea24e68e0d10,e0cf79767c5b016251fe139915c59a26,1
e4b98eebb8983cade8610c0def59f705,0efc91aa52d1f0669126d3000a94279b,1
e4d800060f85d896b83b4c3e3570065b,89427567da9c9b075c9dca131535104d,1
e4d800060f85d896b83b4c3e3570065b,e0d64dcfaa3b6db5c54ca298ae101d05,1
e4f1eaf3bc1eda42616c79d56bb123cd,71a5f1c2a5fd9889ef26b5ac22aec9c6,1
e4f1eaf3bc1eda42616c79d56bb123cd,c403e106353e1aa40efe783ecb39ed7a,1
e4f974024ecf8d260dad56ce05f2ad0a,5d6bea33648f018dbb563f3a2fab09f3,1
e4fa46d38fc419be0490e8c579ac0636,23ab7bb9eac81e85ec43ed71064cf7ce,1
e4fa46d38fc419be0490e8c579ac0636,74939659dbb10592e383bebf2f78272c,1
e4ff80fbd521c6f58655bd10d205479f,07ffc018eaf23e086370dea42c74077b,1
e520d01b14c310b4469ce675cef5c6d2,a0498bf8b8ff0c35a6b8c736a71526ab,2
e532b5d8af846af30fb31f0d87ba0c9d,e9ceb9123d3103b7ad293c168dd3a547,1
e53454696deadacfdbaffb91e29b1ca9,c4baedd846ed09b85f78a781b522f126,1
e53454696deadacfdbaffb91e29b1ca9,d1c427060a0f73f6b889a5c7c61f2ac4,1
e53821a413d5b137cd9005b41f09dfe0,53759a2ecddad2bb87a079a1f1519f73,1
e53821a413d5b137cd9005b41f09dfe0,e3e8e08714c40e0101bd225f06bf4fef,1
e540a3a7ed5d99abf5cb2c8c6e8a867f,817e1c2d22418c36386406ccacfa53e8,1
e56a7f48f75331612d3423dc8e221dc5,02475368dfb38934fe55f574024fe1d7,1
e56a7f48f75331612d3423dc8e221dc5,0bdd9a52d192d64770e33ae559512478,1
e56a7f48f75331612d3423dc8e221dc5,186fe07c8b8005ec6a498587ffbc1352,1
e575520c007995cd9b25bc3bf4786df0,39a1a3b9314738724fce4b2907ae6686,2
e585519b42291f931a5ec37c75cdb7ee,8a443635fdf9759915c9be5be2e3b862,1
e58e049eea2419a34274619f798d0cd4,1de1332e38dc2f575edfeae165edea4e,2
e5912280c9d8c14b4e7778df669dea07,1600dcf1cea8c0c83702e07b577ab231,1
e5912280c9d8c14b4e7778df669dea07,b84520a57891e7a8ae2c68741dcc7146,1
e5b6fb6c5e7e4adc25a5e400c0104508,154e7e31ebfa092203795c972e5804a6,1
e5b6fb6c5e7e4adc25a5e400c0104508,2b4609f8948be18874494203496bc318,1
e5d8a6ff9438c843fb93082546f5335d,36f60d45225e60c7da4558b070ce4b60,1
e5d8a6ff9438c843fb93082546f5335d,99f5b2240b82bf9387e5cf2fc0335b08,1
e5ec513f807eb586f0cb8ab492f59e13,48428054567e07738a70f9d2a9fa0475,1
e5eed5d0afc1ee8620468918995df9f6,7fda46e6f8996ebe3acf684cca0124c2,1
e5eed5d0afc1ee8620468918995df9f6,c403e106353e1aa40efe783ecb39ed7a,1
e5f19a93cf85b13edc0376d90e4a0ba5,dd60cac04e6bcbc919cb1c7dcc473211,1
e60856952187516c3397a2c4ac63aac4,f177b434709ecb652dbee4f4b19aef2f,2
e64ab18890c89066fe47f8abbbf180de,fd28b464cf1660a67606f7b48c8c38c6,1
e65862da4f9f183565831cf7e1cbb7a5,71a033537c0b1b79fc26e6d0bb3bb1a2,1
e665fbf7cedcbba1cffab417626c1a70,b7605b5b483063d12bd90a772bff9d21,1
e67af1efd445becc5019902668fe3218,777d2e438a1b645f3aec9bd57e92672c,1
e67af1efd445becc5019902668fe3218,7868a64aa111bbb4f41f8e1146c0becb,1
e68e1b61896163cdd7f8e07b2ae814c9,0ec7b6a863e219792bc4d50d3a62a839,1
e68e1b61896163cdd7f8e07b2ae814c9,e0ce26ae52c9ab0b8c8e42129d6c1996,1
e6daf89ad5d70394292f763272af2362,642a40d4d73b4b2604968937de13634a,1
e6daf89ad5d70394292f763272af2362,7736ea239e147291f6adb766c992beb1,1
e6f18fab493c0bdc553eafd9b66cb5f2,36f60d45225e60c7da4558b070ce4b60,1
e6f18fab493c0bdc553eafd9b66cb5f2,3f14d740544f37ece8a9e7bc8349797e,1
e6f7ddad5d0159e391e27db652c17246,deb5048402088c1bd33af3910bf9a92f,1
e6fa41583d01bbb9ca431231806205a6,cd0c6e2f80f5a0ea7e366b01bcb66154,1
e6fae271fd4393679d8ae159b0c5e04a,b24af8bca8813bcde4140ff8562f5e47,1
e702e8b7b2a4233b4a1c21f457a1030e,1878fcfa202ce65b4bfaa9d16250ee86,1
e702e8b7b2a4233b4a1c21f457a1030e,dc2cab354de46ca82b8cf4cb24e16614,1
e7039843c54c69530bbf70d926baaab6,568e52d4c670b4d5130bae2dbf211c40,1
e7039843c54c69530bbf70d926baaab6,fd424396761d9e1609c5516b7d8ce17b,1
e7073ad190896b5cb1afdb51bdb1b708,0cf41187284d7f099adc8415a743ebbd,1
e73ccd01efa72e05476abdfa25f36208,130482add9fd75ccb6c57ba007694a2d,1
e73ccd01efa72e05476abdfa25f36208,6814dd9a0fcc3213534377d08d8a24fa,1
e73e97b69887ff2806910c7f9afeb471,72f50924c42f32d9a236b7602686a49f,1
e73e97b69887ff2806910c7f9afeb471,a1efe4a86746c22541813e22e1d23e33,1
e750aa1589e2bbd986ee68a82cfeb024,6fd08d44046ab994b96ff38ad6fcfba1,1
e7688fef5438be571d0c39bbb3e8e998,20992273fc264d0a559e37c346090fe6,1
e7688fef5438be571d0c39bbb3e8e998,4633dfeb3a2588bdb52af32d504b44eb,1
e77723abebdc6d6b95814047f75c2aab,47cd48073d67f91f09cb5ef9496c920b,2
e77723abebdc6d6b95814047f75c2aab,a5ae8400fc9fcacd4af585a57bbf264a,1
e78187213bc8a0ac295b98485bbe9441,9e10eb05d9f369d5c38c475425cc2ee9,1
e7a57c5b35cdb485d352afad87560042,014a8a503291921f7b004a5215bb3c36,1
e7a57c5b35cdb485d352afad87560042,6c3effec7c8ddba466d4f03f982c7aa3,1
e7a57c5b35cdb485d352afad87560042,d6bbda35f0b8505c2f824f1d90295855,1
e7aa3fbe88423a0132e45578023bac50,a35a9f46dcee0a67c8c7ad8493eb4135,1
e7ceb5e15c42737c00925a715525dc67,d97cfa719a6198d4a66453e0c6ed596c,1
e7e6c73d63190cbf9d70af9c488e227f,c43ab4269cbf91b373263db4c2973cad,1
e7e6c73d63190cbf9d70af9c488e227f,d65b6607952f9e0d705b1cbdc92ac027,1
e7ea4c3049b0ffcb326d8fcf44a06c05,19c91ef95d509ea33eda93495c4d3481,1
e7ea4c3049b0ffcb326d8fcf44a06c05,3fbc0ef745950c7932d5f2a446189725,1
e8001d7ab27230c1f2fb39aa63aea136,6fa96cbd1d917acb1ef4bc8040116105,1
e836a4279bd9127752d8949d46f7a5a5,d0b9d3d449a97f582b325f11b512bfd2,1
e8569c57efe3adf347b3e92ec04d1f91,7c1bd920dbdf22470b68bde975dd3ccf,1
e8569c57efe3adf347b3e92ec04d1f91,b1acb7e8152c90c9619897753a75c973,1
e8601415b6a6268b60b06ed032d8f546,3a07f82957867a5eb477dc7f2f60c2aa,1
e8601415b6a6268b60b06ed032d8f546,87cb507e0daa37bbf34956fd59eba832,1
e8663abca66edfe7b18d03a921637578,53b36df67ebb7c41585e8d54d6772e08,1
e8663abca66edfe7b18d03a921637578,c5841303f830680eb1cdda8be0ff35bf,1
e89bab624ed1d8c75012bf52bacc654c,154e7e31ebfa092203795c972e5804a6,1
e89bab624ed1d8c75012bf52bacc654c,2b4609f8948be18874494203496bc318,1
e89bf89e2621b5aeb4c181e69a8c6952,14081f2d6a3ce46cfa9d852c9b1b92ba,1
e89bf89e2621b5aeb4c181e69a8c6952,35afc973633aaeb6b877ff57b2793310,1
e8a425f2b5d885c380a80386d64277b8,02a0c276d5a252215b48269dea73a6e7,1
e8a63b5829f45bc153ed838ba9de6c0b,15416967b480fca6c3ceac3335e57c36,1
e8b4b9cf7e6a2e6e13371f3439a4a1ba,36f60d45225e60c7da4558b070ce4b60,1
e8b4b9cf7e6a2e6e13371f3439a4a1ba,e53e557d5a159f5aa2c5e995dfdf244b,1
e8bab621313ad2a3c0ce8e3a023ff9bb,0a783d7ce18a37749c3a059cf829564b,1
e8d87ee946600f7753579a074fbd2d5d,6782d593f63105318f46bbf7633279bf,1
e8d87ee946600f7753579a074fbd2d5d,e95ee6822b66ac6058e2e4aff656071a,1
e8fee231a8a4901e2b0b5a2324eb1405,154e7e31ebfa092203795c972e5804a6,1
e8fee231a8a4901e2b0b5a2324eb1405,7c1bd920dbdf22470b68bde975dd3ccf,1
e90dc9258e140b61728e3745eacb26fe,5f19455f0c3902e89f16a6042bd4221d,1
e9523749328fe82cd18a39f8611a69b9,3225c54bb2785c33f49f50398fcdb88c,1
e962d54c23b52329c603890b62f786c8,ff2c1ec09b1bb340e84f0d6b21cc7dbb,1
e9659b474a13413b36c7a5c1e6d7055b,0a5a41c678bcf81e041826bb24eb0b01,1
e98d5b3dfce0883464eee2c280377d63,d59349a33fcba18707a61aa852c02c5b,1
e9b83c5c52887dcf92bcf50ab1ff1ee8,4f88323d03ffaf090b8fb0116b33c95e,1
e9b83c5c52887dcf92bcf50ab1ff1ee8,592962829d5a715304344e656e39108a,1
e9b87dccd9c326a3325385087eb0150c,adb1f1939b613f3078806b6afcca0e51,1
e9b87dccd9c326a3325385087eb0150c,dbfc3878e8b8a96816236363e132e6e3,1
e9e96ff4f36a319a3621b95b43343532,44d097d59e8430f88a67517cd0c4f865,1
e9fb042476cdddcf08d9537a73107f17,b0c89945c034268074f5f80b362bda34,1
e9fb042476cdddcf08d9537a73107f17,ff2c1ec09b1bb340e84f0d6b21cc7dbb,1
ea09b32bf96ba057088e140c6bec60da,bce474cc95b6e77657e10939b0b4248c,1
ea201d395b28edab46f644127fbd34ac,5d0a7cb413c5b59233c57177fe2f20b0,1
ea201d395b28edab46f644127fbd34ac,9a4b403e612ff2c3b4867b318bb65d56,1
ea2a4a14c49ad9a9d64d2b7f91f0c293,cc2232dbef2c9fca23f4c7f6a19a42e3,1
ea3f9ba2162d33a56fa8ff315f2c38ce,b18e0067418085fab0785606c86d875c,1
ea3f9ba2162d33a56fa8ff315f2c38ce,e44f675b60b3a3a2453ec36421e06f0f,1
ea4bee12671b768aa4ffdb2864707e5d,817e1c2d22418c36386406ccacfa53e8,1
ea5386878274082051c5746cbc6e3087,5b8a5a9417210b1b84b67b9a7aefb935,1
ea5386878274082051c5746cbc6e3087,e5ae72c62ebfa708624f5029d609b160,1
ea77749bef0ca28ab93f391cda660f71,36f60d45225e60c7da4558b070ce4b60,1
ea77749bef0ca28ab93f391cda660f71,e53e557d5a159f5aa2c5e995dfdf244b,1
ea7fa61f9d7af6938fca0b33fd3a5129,fcf6ad274391aea29f5d6e5ef9da5050,1
ea94f7a5177a14fde12ff625b03dcd7a,a0eef953cb25bc9ae40457e1c3c82946,1
eaba6c1c62884cc102920d3cd01bb8d8,05f0fe07929d35be0748fac56eecbeb2,1
eabaccde0fe3120d2cbbcfc93e2b4177,9e0e152552a1323f7e5dcf63d50cdae3,1
eabaccde0fe3120d2cbbcfc93e2b4177,d272d0921188b0bd91542d704b21404e,1
eac6dbc8ecd0a2f08ed8e53d18f0e0d0,1491a8ff192d4b5c369b0eaa2fe33ee5,1
eacdd9d5e91a0cbd813b4ece385b5975,202bd859659a841de892b00c341300ff,1
eacdd9d5e91a0cbd813b4ece385b5975,e57eb018e37376580079825eb29a3419,1
ead394416d4f85207932cc124eb145e2,79366d6a24de9351b7ca6e3cf75a68ec,1
ead394416d4f85207932cc124eb145e2,9afaad66aca8b0c79e4f084a89c9c92b,1
eae0a83d752b1dd32697e0e7b4221656,508d5e8ce8e79bb506f9f0c096b295c4,2
eae0a83d752b1dd32697e0e7b4221656,86f2416d4670e4ea3ca5494d043d9f24,2
eae0a83d752b1dd32697e0e7b4221656,90b58782fdd04cb829667fcc41fb65f5,5
eb28e67c4c0b83846050ddfb8a35d051,d2f5484cbffe4ca766301b21ab9246dd,1
eb291381e2d0f9e4e40e7f1249026181,7afa8c8eca2a26b599823eed4975a820,1
eb305a3d9b1a076a1c6c62fcbb8522bf,4fe644d766c7566dbc46fb851363cb3b,1
eb305a3d9b1a076a1c6c62fcbb8522bf,a22f707cfd269773138c3bf3a43f6180,1
eb3401656cd6eaad985629735dc1c339,113f80f12c8892f0c59206f70b862b40,2
eb3401656cd6eaad985629735dc1c339,6adab229374835b551f6402e0dc53267,1
eb4520b16c32518b6615f2d50f1be1bb,dbb4ce89c8ed5fb6fd901e2e51093179,2
eb51871bb18a99294b2130d3976cc706,40cb7bb3d30559b9b6c4fb62bc837962,2
eb60d4194a1aa2e2d0c821dcc4152c9a,e2c3ed9aaddfd2312a6a5fe9b3ddadd3,1
eb62689716e21cdf23c677fb6f95b138,72172e982e8b92155069e4201c92c0bb,1
eb74a8dca9e7d695ab789aea1686b6cb,0bdd9a52d192d64770e33ae559512478,1
eb74a8dca9e7d695ab789aea1686b6cb,186fe07c8b8005ec6a498587ffbc1352,1
eb783987d9d9d01122c41189e639a052,37ca4ae4320cdda8a0ef625049f4cb88,1
eb8367e178d144706a4ff3da62d284cb,880be32f4db1d9f6e2bec38fb6ac23ab,1
eb8367e178d144706a4ff3da62d284cb,db7f3f42ccab32fa6328b3063b278bcc,1
eb89ecac165940c95a05cb77e89a789d,f71f42e2381752836563b70beb542f80,1
eb8ace0670e08632f5fe8977b669530e,7a9cf133da2a6494259ffeeab11b6276,1
eb8ace0670e08632f5fe8977b669530e,cba54528d3adcef3c12d8e8b9a48bc17,1
ebad8517c448bbd20ca1910bf1a33819,87d780fa7d2cf3710aa02dc4ca8db985,1
ebae6aad9c8140364bfdb8625127aba8,8a443635fdf9759915c9be5be2e3b862,1
ebae6aad9c8140364bfdb8625127aba8,ac44def10e24998cdee20a208d691127,1
ebb7c2cbb003311bbd7cebeaeeeff8a3,786733d317255508bd4d648585977611,1
ebb7c2cbb003311bbd7cebeaeeeff8a3,7b83c11ac78f11bde67542beb12e8163,3
ebf40c0db4fe06ddd15a7a44238c986e,4328139cbe9adde0aac493ca9871eab3,1
ec0f5b4fe392d71f361112c1b508b707,4cafc445fc7535c3b41b8978c0ce68dc,1
ec441c1966bfa602976763f330fc5168,36f60d45225e60c7da4558b070ce4b60,2
ec441c1966bfa602976763f330fc5168,3f14d740544f37ece8a9e7bc8349797e,3
ec449149317e67f234b1cf7fe9fc966c,8ed094bfe076c568f6bb10feada3f75d,1
ec449149317e67f234b1cf7fe9fc966c,e5d860a0fff2e94bd1a406456cc6c4b3,1
ec7f1811826ab04a27a92197bc40c888,ec2d43cc59763ec91694573b31f1c29a,1
ec8cf19822473555370553d399f7a654,35afc973633aaeb6b877ff57b2793310,1
ec8cf19822473555370553d399f7a654,99a4788cb24856965c36a24e339b6058,1
ec8d6e9f822cddd2f1408b764cd173c4,652683d85a89f3b134e44989a601bc58,1
ec99f30f38afadbfbae32d5883734ded,154e7e31ebfa092203795c972e5804a6,1
ec99f30f38afadbfbae32d5883734ded,2b4609f8948be18874494203496bc318,1
ecb2bbf5c566fab74d5ab5f3cfd2ba19,8f2a61109d01cbda2cc6cdea233b1102,1
ecb43665c8c390857cabf385d918da87,9ab61676eb915c81c3c893adca21364c,1
ecb8b41c3b84f98546950696321100d8,b74d57e3377dd78aace6d070fc48cc88,1
ecd089b0d574032823af505ff4817513,55945cf4a4e6def88dcc8996a581608a,1
ecd089b0d574032823af505ff4817513,cec09725da5ed01471d9a505e7389d37,1
ecdbc4bf2201c807294c7d8c4b777032,27535386be7362e36d9e78c2afb8c0e5,1
ecdbc4bf2201c807294c7d8c4b777032,432357855585cf634fc9923523ce5e4a,1
ed04da2a9e4d7cb3eae84074a2822567,3eb2d78dda82bc83c9b047fbba954dbe,3
ed04da2a9e4d7cb3eae84074a2822567,be127a8a979cd5d591ea345f10bba28c,1
ed05a1bbf9f8816af23fcc68084bb87d,07c055536ebf10dfbb6c6db6dbfc36e5,1
ed1b6f66996abfab57c0affd00805578,c0abb5707b6d57b4e7d9797222a77fc8,2
ed1cad5e10122c2c5dd56f8bf6a18576,f59871b3d9da4c64cbe41ad3dd04dc14,1
ed1dab3e2a156ab47043d93fae898a0d,774ea72f37a7fbf1fb32b973a18f2348,1
ed2e7c127faf8aacf910fb4ecb881966,2078312a2dcf1fcd8a38eabcf5dd033a,1
ed2e7c127faf8aacf910fb4ecb881966,eb8c629f70275fd1c4f809116cce1efc,2
ed42ccde391485cde5b0699b84b5c070,7cb2ff3193293db892fd5697aa99a19b,3
ed4c785e11a78a73c48fa3af98008292,0bcc3eeca39e1064258aa1e932269894,2
ed4c785e11a78a73c48fa3af98008292,389d119b48cf3043d311335e499d9c6b,1
ed5688c53d9ed28e74523ae79410acb8,0654d3c1e3efc7e7cd9dbde9cb743df2,1
ed64cf9aa7a7028f4a7ba14dbc08de41,3354a4e684f5e7199f9407db70ccd92b,1
ed682d0a6b02ba0c382af599f33d76bb,0521fe3eb04940304b489d0fb49a37dd,1
ed6b39b50c87af0b361367d0adbc8d03,18796df281656da4036dd926561a6030,1
ed6f986b80f9ac942004153ae4da9d2b,cac9e5692471a0700418aa3400b9b2b1,1
ed6f986b80f9ac942004153ae4da9d2b,f2d649f157cebee085ed738f23d5d6b7,1
ed7261cebaa1bece63123ff16da4e11e,5bd7e57735a44e529bf066fee83a9c60,1
ed7261cebaa1bece63123ff16da4e11e,8b51c6ccc9c0548c951214e1cd1547ff,1
ed7ecb1bd52fef9f35d06b0f09c79539,362b773250263786dd58670d2df42c3b,1
ed8304811c1dc353afa83397c5b4a772,044f05bc9de36e8a693a83e4bc79dd0d,1
ed8304811c1dc353afa83397c5b4a772,67cf741b2e7fa5801046eeb8b95b8aa8,1
ed891ac9ea39363e127dd2e4e3875416,5a0c21ad6b82a1b61856e48ec959764d,1
ed891ac9ea39363e127dd2e4e3875416,6ba4d9e6b21481dcc4646250fa189ac1,1
ed917c786a8a3e411eae87aeca27cb27,57e089e3103f5cda6a4ce23b77399bdb,1
ed917c786a8a3e411eae87aeca27cb27,dd768d259ee6054e0dadd66c8e2be0b6,1
ed91e2bcbc71d72c1d7871961a01d3e3,99a4788cb24856965c36a24e339b6058,1
ed96321aa0f309cb3ffd866cfed00252,ec268f069320a08af47861967e4d7bee,1
eda1b9521cd006dff9400fdc29285097,553e0e7590d3116a072507a3635d2877,1
edf6a00a60c87f3c34e79120133fe44c,1aa2ed670a95e9f475723707a7c3f386,1
ee04cc9bca4c9198bec5c54c2542dd3b,a298a105818dce6878b787e4af6cff7d,1
ee04cc9bca4c9198bec5c54c2542dd3b,b05ec8d9cabec69e637318ebba813a09,1
ee1558b9d88dafe04877aa84d177959b,120fa011365fc39efe382cba4e50999e,1
ee1558b9d88dafe04877aa84d177959b,81b6c7c058add831803fcbba6dcc1df2,1
ee1b7e87112ff3f0a7b268a7d8d08097,14081f2d6a3ce46cfa9d852c9b1b92ba,1
ee1b7e87112ff3f0a7b268a7d8d08097,525947dbe3304ac32bf51602f9557c12,1
ee2c658af2a4b5ecdca87c7897b79026,2c2b1db11f5ec66bbc6ca9d1ce3f81a4,1
ee2c658af2a4b5ecdca87c7897b79026,aa280035c50ba62c746480a59045eec4,1
ee2e40e31211c5c36ebf28b78316542e,66a0a6e02b7f543e5b021ce361f267d4,1
ee3575d8ee7cd3251e3efd6f9cf23fea,5f42d57952b7815098979a5c4fa6f82a,1
ee3575d8ee7cd3251e3efd6f9cf23fea,6463e442310f2f4f321c83a32d8c662b,1
ee3adea169ca02ca9bd1e80bc620856e,c1ad8ac66c91ad301cefc322ba2adf31,1
ee4a5dab94b427525ea24bc30d4442fb,596faa581e9b1ca7d28a1c0777a8423b,1
ee4de52e707ecea5db59cbf376e37855,b60c241f66e031959b70e1c60725f0bc,1
ee4de52e707ecea5db59cbf376e37855,d9e7d13814ea50f9ae1f612ef6b3a1f1,1
ee8602ef403d6835792a531091c924aa,a2a61ecd4e916c3ff787c137d23957bb,1
ee9d97a7d28183a3d93aefb807e48524,154e7e31ebfa092203795c972e5804a6,1
ee9d97a7d28183a3d93aefb807e48524,2b4609f8948be18874494203496bc318,1
eed29848d751a23718be0a1e022b601b,1fd3bb291e0dba9d6081eb914303993b,1
eed4189bfc1ea0c708e927cf93d63bdf,c777b9591e90c49e0745efb1051789ca,1
eed42da7ee2f3ce26ab52758e63d855f,154e7e31ebfa092203795c972e5804a6,1
eed42da7ee2f3ce26ab52758e63d855f,2b4609f8948be18874494203496bc318,1
eed62c02f6a5da5c0b856bb612d42cd6,422879e10f46682990de24d770e7f83d,1
eee59c3622420d28e64745623af48741,e35b496654367ba8f9ab8974a23331e6,1
eeea20d93b0e221411defcabab3c8949,99a4788cb24856965c36a24e339b6058,2
ef017455ae2472c9e8779ddeb0df4d6a,017692475c1c954ff597feda05131d73,1
ef017455ae2472c9e8779ddeb0df4d6a,44291e25afe160dfe5f844da1b0f8b15,1
ef017455ae2472c9e8779ddeb0df4d6a,f2ecbb02b6da187a9f14b8ac5781faec,1
ef068814b087cac3c1bb6cea58c98480,13db47eae724e2848e12b71a617a3a41,1
ef068814b087cac3c1bb6cea58c98480,bebd360fe73dc670fd6439e9b943ceb7,1
ef1d0f1922417f396a0aa0a03296c572,4413a608a42bd21bbf9d5abbd58c249a,1
ef1d0f1922417f396a0aa0a03296c572,f71f42e2381752836563b70beb542f80,1
ef309784561fed416ff25e05ddfe495e,c695342500b74ff952db47b541726de1,1
ef309784561fed416ff25e05ddfe495e,cf5fb18f3ac3f373759295cc8ba3e2c3,1
ef3aa901ca7f8bc099be6fd33f8daba6,457ca2b0e3bf044a65c8bee434d5c5f8,1
ef3aa901ca7f8bc099be6fd33f8daba6,fd76f22bf3648e0dd4295e593def7664,1
ef3b6ab8a1704ead096adbcdee78284b,53759a2ecddad2bb87a079a1f1519f73,1
ef4ae125724cae06f46da6a302c610d2,8d070077591cb06503a4933e5050bc69,1
ef4ae125724cae06f46da6a302c610d2,b73f6899a58fe7a37e55149e9a11c717,2
ef4cc585e97f73505a50eb3884741edd,57552a168008a60472e3e6bb351422e7,1
ef5947984bf1aad3ed84c0ad7da9f059,2dc2efef0bbccb4ea53e2a21cdd52dc7,1
ef695418889f83b91a11a0fb43379be5,99a4788cb24856965c36a24e339b6058,1
ef7200d5b0b899369c77c7407ec5502e,835d8502d265ddeb4bdd39591d55fa2b,1
ef7ccf8e6acbf1ac71af305967e708c3,e5ae72c62ebfa708624f5029d609b160,1
ef89c781d27561d99c4b90783fde3c57,4293865e4ead3d446609086b4cfedb4f,1
ef89c781d27561d99c4b90783fde3c57,ec2d43cc59763ec91694573b31f1c29a,1
efa086f2b87e8b5e953b6f2175ace237,e25a1bed3de19f42a0719cff1c771436,1
efb164704e9f4fc3867f6f59f5f6dbd6,159e7e73295b609960c0797eb64b3d39,1
efb8ed6fa72c7c97805c9b6b9592d3b0,2604055d4992311bc72b115b6d5adda9,1
efb8ed6fa72c7c97805c9b6b9592d3b0,c1cf8f51eac90b1ff478250b3d35c37b,1
efce1ab3e96ccab8b1b464326bd22417,18486698933fbb64af6c0a255f7dd64c,3
efce1ab3e96ccab8b1b464326bd22417,d2085f7e0f9533605386960fc7e987ec,2
efce1ab3e96ccab8b1b464326bd22417,dbb67791e405873b259e4656bf971246,5
efe48ecb633ecb4b1748e16c46fd7a86,f521813909e310116b6b2f0b11f3dd44,1
eff12d4447f137712a387179ac15799f,75d6b6963340c6063f7f4cfcccfe6a30,1
eff12d4447f137712a387179ac15799f,cf45cea95e6b4d46e80fe098eda10c8f,1
effbcd5686486e99ce71e00e0087e8d2,7c21d2794fad14d186b2bcd9b07a8298,1
effecf2e702b13058b6ca07a0a649691,2b4609f8948be18874494203496bc318,1
f006d7920bd71c252f61ec355eb50dcb,134957eeec87be2414ac629ee0b947a4,1
f00aa1cfc257dfff20184269b19db923,5c973b4202aac5c372a483e712306f4f,1
f00aa1cfc257dfff20184269b19db923,787268a8ccbecd1ae02d8001b61ca46d,1
f00e99f043c33da533ebc107f5a68c4e,6413f7a28e149a324c4a914000399fb2,1
f00e99f043c33da533ebc107f5a68c4e,e85d91619b497e98754390b6198a9818,1
f043529722a354cd3f185270e0c6aa15,abaefce0c17047c6829ff4078f2005d0,1
f06d35a600b606329886d392afda66c7,3fbc0ef745950c7932d5f2a446189725,1
f08d5e0d77469bca395ed24633b8f8d5,cac9e5692471a0700418aa3400b9b2b1,1
f08d5e0d77469bca395ed24633b8f8d5,dd4c3b4ab7e001aaf385ea2e68952030,1
f0911a59fdcd8b103c3c87226d8769c5,005030ef108f58b46b78116f754d8d38,1
f0911a59fdcd8b103c3c87226d8769c5,51250f90d798d377a1928e8a4e2e9ae1,1
f0911a59fdcd8b103c3c87226d8769c5,75c06ee06b201f9b6301d2b5e72993f8,1
f091cb60c97d35a42101a95cb825f821,bd6e6fce9ada76ea2db0f1912e8e478f,2
f0ac405c280fab1d087b8982e7801b54,f1c7f353075ce59d8a6f3cf58f419c9c,1
f0ba3d1f31f2b7c69e82de815d768898,679a3e5e1d2bb68982be5734c6e55e63,2
f0ce70671be1b165c9d2237ee6ba1be1,06dce482ace017e78349b6f1fa83a022,1
f0ce70671be1b165c9d2237ee6ba1be1,125e5760a3ff01937be3b2a1a7f14aa6,1
f0daba1cfcc18d5a3229e1a911313e3e,77ccda894b672fe1214b0101d108d7f7,1
f0daba1cfcc18d5a3229e1a911313e3e,b1acb7e8152c90c9619897753a75c973,1
f0daba1cfcc18d5a3229e1a911313e3e,b68cf84ede4fd1e14b1740de5b727d55,1
f0e310a6839dce9de1638e0fe5ab282a,ff7c7524d5f9a8386ab27088ec03c1fb,1
f0fd988c7c2a4cba167138a8adada6ca,0e323ee8f8dc60a0b875e9ac4daf1337,1
f0fd988c7c2a4cba167138a8adada6ca,b2e7c39bb137bb4b3651862c6b611468,1
f113042ff356f926d517f3087d4a1ba8,b7d3e30e28d937c46e0a72024c6cdc67,1
f11821d908830e74ad782532ebed897a,1fa4ef78e1b8f0afea31e4ae9578affd,1
f11821d908830e74ad782532ebed897a,cf6514025ef5d3a93d69d2a7bfa4036b,1
f12f064c0a45fa8ac5b7d8934d1bf853,1aa2ed670a95e9f475723707a7c3f386,1
f13d52604bb35cd3e253bee5b28a4386,62d8daeee0db3a60c234c2d1bfd10651,1
f13d52604bb35cd3e253bee5b28a4386,7ca5f56188492e30c50ba64de188aae7,1
f156ecff8cfeef747e99c7b70a1c8c71,6abd84909e8ed79ef808c16f90b91093,2
f156ecff8cfeef747e99c7b70a1c8c71,b0528299d65ab35e3ed853f6a853b8b8,1
f170c6e04c4cdf9219fc5c669b10f506,98d61056e0568ba048e5d78038790e77,1
f171ed8245bab7739027b65bf7f4345d,1a2d00b771a438bee7055bbd0086e003,1
f172c33b146e90b95ee12499eb6632cb,b37b72d5a56f887725c2862184b8cab8,1
f172c33b146e90b95ee12499eb6632cb,d1c427060a0f73f6b889a5c7c61f2ac4,1
f1939ce96b04762f66d2379397610d33,138dac44dc568cd36c6f1d1e5e181d5d,1
f1a02343b512e3621484af5aeee1676c,6987398dff454a3138231540e2a6ec61,3
f1a02343b512e3621484af5aeee1676c,d5991653e037ccb7af6ed7d94246b249,3
f1bee02ceae8a430506b798786f766b4,d017a2151d543a9885604dc62a3d9dcc,1
f1c08d13b8520a6efa197627fada3a56,015e04445dedbd5da301ef29cbb03f83,1
f1e73ad158b38954c23f5668894b3d46,ed5122a6a757a4fea8f32a6fb95a5135,1
f1f30eb24d90309e4ec02c385a17e81f,41801d2ed5124923137ec39aeeea1e93,2
f1fc483a199c20417121d6ab1c5171a4,703d742887bb9267f89b675608ba7aa0,3
f216de65ece42736f341247dcba60ccb,014a8a503291921f7b004a5215bb3c36,1
f216de65ece42736f341247dcba60ccb,14dffa241a078aeaebaef48a49e807ca,1
f22bff5bbd318b89e51698347cd1837d,d678178aa4291cd25a755a90188375c8,2
f22da779a017ed42f2c4e03862584885,5c973b4202aac5c372a483e712306f4f,1
f2479bf60c965e93b1e4fbc7bb4fa0eb,9fc98e39f04be8e382d8aa5e259f5489,1
f2479bf60c965e93b1e4fbc7bb4fa0eb,c403e106353e1aa40efe783ecb39ed7a,1
f2655a0ca53cad79e713d1a21b2328b7,07c055536ebf10dfbb6c6db6dbfc36e5,1
f26a70ca11d3ead9236e4b51dea74135,88e84a987b4681434dedc0bc9e00826b,1
f29f2553228477390f58da04a5c3cb8a,aa36c2127048efdcd47f4ad5b6b68810,1
f2ab7bd70a9a23df0dac0be98f038374,1ca737c9f8f06b3672be9f9f3f603d36,1
f2ab7bd70a9a23df0dac0be98f038374,54e5939fcd9ae70ad0f59f612d6d29bd,1
f2ade61ba9894b05ac9170d7b22c6098,7cd29da0653abeb444703cc5a957f479,1
f2e0c95f9c0e971bb561b11ecf5a95d3,53759a2ecddad2bb87a079a1f1519f73,1
f2e0c95f9c0e971bb561b11ecf5a95d3,d678178aa4291cd25a755a90188375c8,2
f30856ad31d3e74253a3f4ccef670648,36f60d45225e60c7da4558b070ce4b60,1
f30856ad31d3e74253a3f4ccef670648,3f14d740544f37ece8a9e7bc8349797e,1
f310870c0f40daadb81e3a81ea65ee2a,8aa87bc5f3053b4df2b05a2d3059790b,2
f31ac54af6af7097bddd1053011e7a3a,0bcc3eeca39e1064258aa1e932269894,1
f31ac54af6af7097bddd1053011e7a3a,422879e10f46682990de24d770e7f83d,1
f31ac54af6af7097bddd1053011e7a3a,4e1346d7b7e02c737a366b086462e33e,2
f31d2c22ddcad145e224e6dc48f349b9,8562e2c780a345b609e1b802d7e3e4ae,1
f33407700cab2fab56dbf90a859ca270,a9b36aaa68ebd315701524c822800f29,1
f35271305526691e8269aa4a915e56a2,202bd859659a841de892b00c341300ff,1
f35271305526691e8269aa4a915e56a2,2c71438371b35f7ce3c2511d6b0927e7,1
f3583c1f4a492c319e60501645848fef,1dc7685f4fdb9622d84ae2ec658d5bbf,1
f3583c1f4a492c319e60501645848fef,e256d05115f9eb3766f3ab752132a4e2,1
f3738f6f5687da7c7ae0623172be00bf,e85cdca8790ea0026ddf7316f469608a,1
f38e382731af9143e1321a49534c395d,a60613d36f37a7b27d3344f40f6a7945,1
f3a00ac7ef765a53370cd03daf250c2c,688ad0169550f8e2eb0307b61df3ba12,2
f3a00ac7ef765a53370cd03daf250c2c,703d742887bb9267f89b675608ba7aa0,2
f3bf3bed9936aecd7792e6c49779dedc,bcbeea161819eed81ab43bc9751e012c,1
f3c438f7628d03c822aca24d3e7f60ea,43b54d1fc56ff394092a3dff6be2d39f,1
f3c438f7628d03c822aca24d3e7f60ea,c589625c8ccc7bfd2e8f1fb041e24c4a,1
f3d176999f9c1273045f770712608944,9394a725ee7e3f1da0d6b22b046cc8d4,1
f3d176999f9c1273045f770712608944,dc881ef926ca402063ea142afc83874c,1
f3d7bed02753c161c5965cfdfcb149cf,17ad136b7421ea8690fded631b651158,1
f3d7bed02753c161c5965cfdfcb149cf,5e21d5cab5d33e770d8150a4ee6117db,1
f3d7cb12e7dc54a424d935aae4426461,1612209b0b37fbe80e1e8e1b7d19ca1d,1
f3d7cb12e7dc54a424d935aae4426461,da97969972a524bca894f97ea6bcff90,1
f3f24aa0886318f0b6da390782728ec0,205cf43d203186d5eb440a791a5b7404,1
f3f9a4d3e6b3768160929fc82279a414,f8077831f3c3f393fb67b93c5acd8daf,1
f4071eb3da7aa67ff2edfc92b5107738,b5e13c9a353102f79c6206ff5cb61a50,1
f41497372beabe3d20481a43672ef2d7,ead3077a141a9c800d6a4bb9d0d415b6,1
f41aff28fb2e2bc57786226f35582408,b71c0cacf053d9d8f92eb5965d8bd00c,1
f46971f1ac7b376b668114a027c98e78,9b6ee5c8c553ff804dc0b0c2d06baa49,1
f46971f1ac7b376b668114a027c98e78,ae083e4a334a4210ae0ef7323f1584c5,1
f46b6397d5e7eeb53c40c51880238687,0521fe3eb04940304b489d0fb49a37dd,1
f46ebdbd5c48c0683980a759b8937912,0d85c435fd60b277ffb9e9b0f88f927a,1
f46ebdbd5c48c0683980a759b8937912,ee57070aa3b24a06fdd0e02efd2d757d,1
f491ee1c8b179ef20bf46bf58085b51a,35afc973633aaeb6b877ff57b2793310,1
f491ee1c8b179ef20bf46bf58085b51a,f2e53dd1670f3c376518263b3f71424d,1
f497801658db70e1b18c76268001e944,b520b78a494cbd6e36d7a1c64cdffe0b,1
f4af0b3f627879bf6801db96949b1e71,8338cef8355d238f43711dcb9c0657b2,1
f4af0b3f627879bf6801db96949b1e71,952670bc019a73f0933157ec82ff6e4f,1
f4af0b3f627879bf6801db96949b1e71,ace5d86cf1ac63cdb76f49e5cd23d2f8,1
f4e81554e6d13f3eb2b14a882fa18d0d,100260bf9206d859dc8db128c8c5afc9,1
f4e81554e6d13f3eb2b14a882fa18d0d,a2a91fe6d8762e0371abd964cef88ec6,1
f4f2d85371955b0e254ce594fcf09a0d,08401f48b67a852d06105725c3013eff,1
f4f2d85371955b0e254ce594fcf09a0d,16241e79b047426033194065d8b321b2,1
f4ff1a79dac99d99375405621276c176,154e7e31ebfa092203795c972e5804a6,1
f50ca6544a0ed8a52cc964e15cbe9cf9,3ce21e38e6a3060c20f4e74bdab770c8,1
f513f43c38ae261dab254c60577c21f5,39a1a3b9314738724fce4b2907ae6686,1
f522be0944683283c4d275471fdc497c,349ce46a0e2e20054aa9d80c48af8816,1
f522be0944683283c4d275471fdc497c,a39cc58c1b5926b6f9f378daa89f1315,1
f526077dd7bdfdb1a6e10cd6b194b548,0152f69b6cf919bcdaf117aa8c43e5a2,1
f526077dd7bdfdb1a6e10cd6b194b548,cce679660c66e6fbd5c8091dfd29e9cd,1
f52cdb6ee80cbc9c54ec6c633597a371,6fd82d8f842424334fedf31190e54d24,1
f52cdb6ee80cbc9c54ec6c633597a371,7e48d9554094858ee2269c4ef809f50e,1
f5344c7feb209d1e8a9de5d60ed79331,741a31499a578979be85db7f80139e62,1
f5344c7feb209d1e8a9de5d60ed79331,c857b96593773e940454e76efa8eabb3,1
f5610aa200397a8c90286f86601388aa,ce066f4a83649651549d717c9b566816,1
f566ca9f0a7d96f2700d864c766fc148,b10eba910a974df70b8a12d0665cdb9e,1
f566ca9f0a7d96f2700d864c766fc148,c403e106353e1aa40efe783ecb39ed7a,1
f576f26e673b249c12fc66b9019eecfe,5115d8cd6438c0c4d8abdf38d5d41ebd,1
f576f26e673b249c12fc66b9019eecfe,77fa3381855b6763c52ca3b72824f508,1
f5859580b427853d3230f857fd8c1439,017692475c1c954ff597feda05131d73,1
f58595c5ecdf5e9781678b83ba2e0c21,461f43be3bdf8844e65b62d9ac2c7a5a,1
f58595c5ecdf5e9781678b83ba2e0c21,91c82ace62e0ca1b69b1a45bcc214b45,1
f596242db91986b554f25768577cd5be,154e7e31ebfa092203795c972e5804a6,1
f596242db91986b554f25768577cd5be,aed75ad669fbebd5a385ac7cc2ae7573,1
f5b4f7a0a21131d5cdf1b3f551c5797f,2136c70bbe723d338fab53da3c03e6dc,1
f5b4f7a0a21131d5cdf1b3f551c5797f,7dac8901a50cf3317d5372cbd3186ecd,1
f5c4966b33803ed39aaacd1358de8d60,a84d0660dbffebf352aefbf1a6b18d00,1
f5d3f7d6508d52291134f9cd009eb354,35bc6c77029697004675d3a2ce505916,1
f5f0a44fa78dfe218749a60aef972d1c,b0c89945c034268074f5f80b362bda34,1
f5f0a44fa78dfe218749a60aef972d1c,e840aad8112818661548fda5d12653f2,1
f613612c35de4ffbbdb680f32e3baa80,fadc89c2a60ff96b18827644074dfd70,1
f616e247e477e36e19ec6343320f4768,bb48c8fda6bcf73c9a0178fd1a1a366d,1
f6255a326ff4c43107bc0f42f433be94,09481a6dfe9eb590dc8b265b54dc4c97,1
f6255a326ff4c43107bc0f42f433be94,fe59a1e006df3ac42bf0ceb876d70969,1
f62d6572c9c25b3796d058d7b833f8b7,99a4788cb24856965c36a24e339b6058,1
f62d6572c9c25b3796d058d7b833f8b7,ec242882027ee23182f0e790e4117128,1
f63e56138ee7885ffc3b7e56933446e6,6131240aedf34224270cd6f07e8229e4,1
f63e56138ee7885ffc3b7e56933446e6,f1c7f353075ce59d8a6f3cf58f419c9c,1
f64075e7fa628bdc6c3e7c3108d7c624,36f60d45225e60c7da4558b070ce4b60,1
f64075e7fa628bdc6c3e7c3108d7c624,e53e557d5a159f5aa2c5e995dfdf244b,1
f64cdb4a47bfde7bf1beb8a32e445f63,2d5bb6fc16b9fb75539ddcd93de86aa4,1
f64ec6d8dd29940264cd0bbb5ecade8a,60c93709754c1b56d6fcc7187a4810f3,1
f6668ad7a21a02660cd75f1ea3653487,0a9a9c25c5a06532d1766e00db833a7f,1
f6668ad7a21a02660cd75f1ea3653487,e0cf79767c5b016251fe139915c59a26,1
f676ed47d492247956088aae351e1bf9,12fd8665371236b5b586ea4e448902c8,1
f69dd277696f9a8fbe3745934891c18a,ac5e164e2eda939ffa46593f90077f9a,1
f69dd277696f9a8fbe3745934891c18a,f39288f58793ce5e6985b3f7832af88c,1
f6b94c0a1b023dff6ff51bae4a8a8900,fcf28afb1353f2f12ea041dd74954226,1
f6d97b059c6d1feb6c63e6fb765d0e58,432357855585cf634fc9923523ce5e4a,1
f6dc4789e4669873c35f8f92fdbed89f,ed5122a6a757a4fea8f32a6fb95a5135,2
f700c475c69e4402aeaf4b55d531a2b2,41db6d8062fcd38410c699743ccc0265,1
f700c475c69e4402aeaf4b55d531a2b2,a35a9f46dcee0a67c8c7ad8493eb4135,1
f7094d4271d1de526d9a9f47d1d5ddda,e5989cd466f0714e1439b95bf6a279da,2
f71da337f7e2b3a70c74fa505f0f6ac9,6e77b89d36e50217e6793780a8ce5c82,1
f71f43f5a8dc56beb6ebdabf0d82e802,389d119b48cf3043d311335e499d9c6b,1
f71f43f5a8dc56beb6ebdabf0d82e802,53759a2ecddad2bb87a079a1f1519f73,1
f7471d502dd946e0a2cb6020bf076808,151133751552ad5bdd6645dfdcb0e728,1
f7471d502dd946e0a2cb6020bf076808,31699327e8b1095210f7c48d91fc09f0,1
f793a3de252b605e4ffc8a4b1ba5903c,276e9ed23a30582d125743aaed57ed22,1
f79c1eba3ebd97c75683b3ac6e333daa,1ec486885049bbb9b79351d150ed18c4,1
f79c969a1665f477201e86ae6e036c30,0efc91aa52d1f0669126d3000a94279b,1
f79c969a1665f477201e86ae6e036c30,f9be8e0e5acd947d8f49dbc390b9ab20,1
f7ac7452ae241a5a36aaf9542c2428d5,952670bc019a73f0933157ec82ff6e4f,1
f7b62c75467e8ce080b201667cbbc274,2636a9812d151c718b53387171ce08be,1
f7d2fc6f0a2778f53d2a6bfc27bd0e8c,d22625c4bd160a54f96629f139153c74,1
f7d319c00224031393f1ba82343db3d6,1ec486885049bbb9b79351d150ed18c4,1
f7d319c00224031393f1ba82343db3d6,87283a98b24f9f1ac3a31b631073cf47,1
f7d6e0dd60c793a6616c4736cfc8ff16,d3f4f3de0f4576184674937d1e9cecca,1
f7d7fc0a59ef4363fdce6e3aa069d498,3c261802e239d1f2dcda5ed49aa14220,1
f7d7fc0a59ef4363fdce6e3aa069d498,8d98dedc3c19de17f1a090195e85d6b6,1
f7faea6668595e3ccd7a9a72dcd36672,10aecaf5be4119fd6b8b9e2e8a5a1454,1
f801278dc42ce9d4773cb91ad0e21ab8,462ca84097e3116f8dc7642fb057b4b2,1
f804ed90360900357b6db9d7635d275d,23ed7a10a36c6f88a757a9c83df9ea20,1
f804ed90360900357b6db9d7635d275d,5f21301936c11698db6aee5444190da0,1
f80c7e4cf2fa8ff3532323f19bf603ba,595fac2a385ac33a80bd5114aec74eb8,1
f80c7e4cf2fa8ff3532323f19bf603ba,a59fb60fddcc72a9878b7ed5cb69d8e4,1
f84e31805a5c477596610d415106bf2a,0bcc3eeca39e1064258aa1e932269894,2
f8666e50d990ee722b53e8a3bdc57fbe,125e5760a3ff01937be3b2a1a7f14aa6,1
f8666e50d990ee722b53e8a3bdc57fbe,a996a4fecaea5e7e2638d2c5078ebf4b,1
f87108f2ff59f6cbc898ca230483c0ab,8338cef8355d238f43711dcb9c0657b2,1
f8baafbeeee68555e4ed9243728815ba,ae52eeb8383b94455f0a08b1f88ad002,1
f8bc1d81f395f6239a2a5ab1b9edf1ab,389d119b48cf3043d311335e499d9c6b,2
f8bffe1586fdae62dd3646353a25f958,76d1a1a9d21ab677a61c3ae34b1b352f,1
f8f6ed51ded0d4757a6153f5ce0f8906,10717ff440b2320081989126e858b220,3
f8f6ed51ded0d4757a6153f5ce0f8906,ed5122a6a757a4fea8f32a6fb95a5135,1
f9172a6495d46451776be8bc8e46032d,1eba879220bd0981a0e2fbab499ed4e1,4
f9172a6495d46451776be8bc8e46032d,8ed094bfe076c568f6bb10feada3f75d,3
f92fd2c87375f957ece022972b16849b,a6621d4ee609f3f917d04c11ca8f0161,1
f92fd2c87375f957ece022972b16849b,e3d56b75987accb32f776ba6c710913e,1
f947ed70c6eed0a5ade853932cf6a474,c47d256557f7fa30144ecea5722eebc2,1
f94be6793b2753d7cae83ebcd73efcc8,2136c70bbe723d338fab53da3c03e6dc,1
f94be6793b2753d7cae83ebcd73efcc8,a84d0660dbffebf352aefbf1a6b18d00,1
f95407bbebadeb8eb236153ba339e998,3f14d740544f37ece8a9e7bc8349797e,1
f96be73d5c1d3bfe8fcba7924798ba91,9545d45c37449ccbc376de3a04c66e71,1
f97ab9c166ca8d6f5313653ee439a6a8,156fef830e2c8871e3f1bf4dadf8e312,1
f982853f2882760f3a52e7bdfabb1080,8a443635fdf9759915c9be5be2e3b862,2
f98ba45b711901694978daec941423c3,4fe644d766c7566dbc46fb851363cb3b,1
f98ba45b711901694978daec941423c3,78efe838c04bbc568be034082200ac20,1
f99fa0c7b369bde9c53edc9e6f6c4a58,422879e10f46682990de24d770e7f83d,1
f99fa0c7b369bde9c53edc9e6f6c4a58,ef66e63137bdd1b2e44aa968646fc1e3,1
f9a707150880ff8da844d1d097f7e44b,060f0122cdc8f25db4a0d7359fdae7b0,1
f9a707150880ff8da844d1d097f7e44b,57f2bc497c1a3ebe41ba7a06d78ed159,1
f9b12cbf236e9ec94b4a0896246b1387,e0cf79767c5b016251fe139915c59a26,1
f9b5d3c8bd2dc9c26ff00bde73171554,c9c455f9fd8ca66d3ff7f90a249753b4,1
f9e494e1e853b1ae259da70c7aaa317b,163e6400e6dadd0fe04775c5e9331fda,1
fa03f39a053e233abd89eb849f1b8997,a996a4fecaea5e7e2638d2c5078ebf4b,1
fa03f39a053e233abd89eb849f1b8997,c2bd03501cf7f4f3a1201e6069155bc0,1
fa0cf5b25732a933725b83d2f716000a,7c1bd920dbdf22470b68bde975dd3ccf,1
fa0cf5b25732a933725b83d2f716000a,b1acb7e8152c90c9619897753a75c973,1
fa0ee7ceb94193fb02aa78ce3a55695a,aff39c649de8c4e36d325880de8f4338,1
fa21431b716d66188178faaa0cc891db,1ac09f60f3c3bc2021c637ef23fa3248,1
fa21431b716d66188178faaa0cc891db,ead6d52e3dc075669af5d7a1958b0f07,1
fa230a26b5583381d0ce9ffc42de2035,378bb6601c068c842ca65be6c5e45ccd,1
fa230a26b5583381d0ce9ffc42de2035,99a4788cb24856965c36a24e339b6058,1
fa427d68d9fbdfd9e5cf1235c78a2d1a,f908d3bf313a1308bfb2a46ea2685347,1
fa494e4132e6539d70a8478f1d0cf3e3,5a848e4ab52fd5445cdc07aab1c40e48,1
fa494e4132e6539d70a8478f1d0cf3e3,dbb67791e405873b259e4656bf971246,1
fa7a67f97f761a6a97aa6108986e0a60,6109d0cae3bcb57d579bc0fab6e61814,1
fa7a67f97f761a6a97aa6108986e0a60,9048cbd294fe0c1a3ec8c8248bc2cadd,1
fa980c101c0dcecaecd3a1b5984c6b5c,389d119b48cf3043d311335e499d9c6b,1
fa980c101c0dcecaecd3a1b5984c6b5c,a77e6c93242ae050800cb3e5b98c2fcd,1
fac47e384fef9ddc9c3cad97ed3192e0,389d119b48cf3043d311335e499d9c6b,1
fac47e384fef9ddc9c3cad97ed3192e0,b0961721fd839e9982420e807758a2a6,1
fad2bf8fa1bdfc125781eb6c62b5ad81,1b2066a33aee5851ee3e44b10b36b3c8,1
faebd6e1e9e861b140588f5e459536de,1937b3e587fc766c8d1cef0c11c6aa53,1
faf67caa1cf9020d82b7479672ffe66e,a62e25e09e05e6faf31d90c6ec1aa3d1,1
faf67caa1cf9020d82b7479672ffe66e,e9ba3ec00ccd563b43e5de69a74a43d7,1
fafbc4ecb15933633821dfd530c9263b,4293865e4ead3d446609086b4cfedb4f,1
fafe2f8e0b7065fef995698ef3809fec,a03e401d58a45187271718c5d7610422,1
fb0e46dc6bf9064d27702ba51c66e8ae,aa70ae9ee9a798d44ae6e00ce6d82cb1,1
fb0e46dc6bf9064d27702ba51c66e8ae,d13a4acdb64c202e774e815db547e108,1
fb2c5015c63a4dab28b65c5e0d9b95ec,5a883fb296ab66ac6a1e68e6ba2175c3,1
fb2c5015c63a4dab28b65c5e0d9b95ec,7d018f8e4f93213ba7ad276e25fe20b1,1
fb3666e37fd339da742021b12ee2a0e5,52d7a7207b9646509bdc754fed3a0cef,1
fb3666e37fd339da742021b12ee2a0e5,dd4c3b4ab7e001aaf385ea2e68952030,1
fb43cf46b0667016c4684b61b26083c4,84d0e98e468edffdfe4f1f5b178d4ecc,1
fb43cf46b0667016c4684b61b26083c4,d5991653e037ccb7af6ed7d94246b249,1
fb47a6c6b54098aba06e41b834360c4c,0aabfb375647d9738ad0f7b4ea3653b1,1
fb4a4bda0d99a11f1f638aa36160d07f,c43b672f48eaccbecc94cdf6b4f53485,1
fb567adf300e73b60281b72af7702687,c354569eefd558bf201d0aedf35608ed,1
fb5e89c121d9569d1a58e0afb54da971,154e7e31ebfa092203795c972e5804a6,1
fb5e89c121d9569d1a58e0afb54da971,2b4609f8948be18874494203496bc318,1
fb8038205a1b4f9a90cb981e074e9be2,ad4b5def91ac7c575dbdf65b5be311f4,3
fb8038205a1b4f9a90cb981e074e9be2,e6b314a2236c162ede1a879f1075430f,2
fb82affcdf98ee48d9d36c7feb802417,130482add9fd75ccb6c57ba007694a2d,1
fb82affcdf98ee48d9d36c7feb802417,517dd1c1cda3892f83d386dcf9a4e9b7,2
fb8bc250f9f12a9121282d4b0d59485b,389d119b48cf3043d311335e499d9c6b,1
fb8bc250f9f12a9121282d4b0d59485b,8817f0cda3d5b42e5f949ee3be9dc80c,1
fb8c74f4449e5a62e3c1296f75304ae1,4a5c3967bfd3629fe07ef4d0cc8c3818,1
fb920961e4d8e55fd9c357976a611765,0152f69b6cf919bcdaf117aa8c43e5a2,1
fb920961e4d8e55fd9c357976a611765,b09790edda54333116f9cf1decc580a1,1
fbacf55907cfeeab0f1cb05ac31c429e,341d85d688ecc3353cf2a968e7ad0dbf,1
fbacf55907cfeeab0f1cb05ac31c429e,fe75529a267b76ac6e96f0c322a899a4,1
fbd10bdfa725fd272755f9dd98752105,d017a2151d543a9885604dc62a3d9dcc,1
fbd10bdfa725fd272755f9dd98752105,d103baa8d35783ff2772704ed17ddd45,1
fbdd85f919749a8e7a1290c6452024e3,0f370babdc8148e1dd9d4bfc3235982a,1
fbdd85f919749a8e7a1290c6452024e3,5e21d5cab5d33e770d8150a4ee6117db,1
fbdd85f919749a8e7a1290c6452024e3,7703b8cb5b77fbb36518ea91e2ca734f,1
fbed0fde7eb2b367863b9c434efe62a3,b53f20c2b12a4b9821ce57f46a7d1cae,2
fbedc79d4d8599f925bb6bd2aa8cc60f,020a80cb704bf65f38761fcedf2af192,1
fc19fe9ac733e36ff8227c29435c2030,9fe172fa8e662ca8572cf12abf8bce23,1
fc1c735fd279ad7321e7b40a4f9d361f,de1eee6c50298db6028af08bd88a702a,1
fc4449ffeedd204019f6d058ba914a9f,3a362c0e7f9a69276e2d95869a3e143b,1
fc4449ffeedd204019f6d058ba914a9f,43b54d1fc56ff394092a3dff6be2d39f,1
fc47abe064d43913c9e7d41964b15aac,20531b0644a0719b8d506c4db3c56609,1
fc480ebd6bb4fb2072a151966abdc888,113f80f12c8892f0c59206f70b862b40,1
fc685f5d020dbc22ef7dae7822f336dc,777d2e438a1b645f3aec9bd57e92672c,1
fc685f5d020dbc22ef7dae7822f336dc,88e2fc6c65d64b3edbf2cade16ea82d9,1
fc6c93980264a3d9e80e62abadf2e6b1,7b83c11ac78f11bde67542beb12e8163,1
fc6d1dbfec9a9f195861ed1e9606c998,e357a8646a17191f03fd9f833a0fa29b,1
fc719c11b4dce594f47e1f9aa739a3a2,2028bf1b01cafb2d2b1901fca4083222,1
fc719c11b4dce594f47e1f9aa739a3a2,6cd51331a07b84149502aa6c9c5b536e,1
fc8039a2b1963ca28dffe5dc886fa5c3,4fcb3d9a5f4871e8362dfedbdb02b064,1
fc8039a2b1963ca28dffe5dc886fa5c3,f4f67ccaece962d013a4e1d7dc3a61f7,1
fc94333f2fc94ee80653e648ef08175b,b0c89945c034268074f5f80b362bda34,1
fc94333f2fc94ee80653e648ef08175b,ff2c1ec09b1bb340e84f0d6b21cc7dbb,1
fcceb56470bf0b4d59caa87e111ca69e,467c6bb41a33d10e03816f139e7baf85,1
fcceb56470bf0b4d59caa87e111ca69e,cb52e6775d816cbdadade36948e81fc8,2
fccfbf734a92029859c4fe58eff05114,7642ddbf174d9a97119510f56be6c201,1
fcd0ab79592faab19e2bf386cf69fbcd,6adab229374835b551f6402e0dc53267,1
fce50ad3a674fe1e7f05356abc3ee2c3,06e73ddcb54620a36bfdb2e073c4dc40,1
fcfdc97aedff78de5cd4101c0228cc7a,d2f1cd931c7b76fefa93547cc1b4881b,1
fcff1cddc01da8804e63ea5176fdbe49,e59dd207c69d86e890febadc796d1078,1
fd037201e479226546635251e9e5d519,880be32f4db1d9f6e2bec38fb6ac23ab,1
fd037201e479226546635251e9e5d519,8d98dedc3c19de17f1a090195e85d6b6,1
fd03997c82649affc061d275ddf1f3d9,25c38557cf793876c5abdd5931f922db,1
fd09c64a101e3eff4adbca1b28552514,0aabfb375647d9738ad0f7b4ea3653b1,1
fd16ef833c280c8e679d5025535a32e7,6ab41d7f15e7af9d6c7cd912055acc1a,1
fd2da70b0b341361c66b815edbf8865e,3215010238fcd9cab6ba7d2b81a6973d,1
fd2da70b0b341361c66b815edbf8865e,60495adb1f1a49c8aea75e5e56a47a48,1
fd46f99e9913ddee8a6ce5f91d65cf09,0d85c435fd60b277ffb9e9b0f88f927a,1
fd46f99e9913ddee8a6ce5f91d65cf09,ee57070aa3b24a06fdd0e02efd2d757d,1
fd756efade2d13c0c94d1dd1eeb2169f,0be487faac01dd57fd7ed17cfbdf2dee,1
fd756efade2d13c0c94d1dd1eeb2169f,24d7b551f0ea7c3cea080d402b211132,1
fd756efade2d13c0c94d1dd1eeb2169f,4d272fe20c57c64dc74b3db191fc31ef,1
fd8ccc89be43894d2553494c71a61fd8,8ae935cab2de3f74f4960de6ee604f90,1
fd8ccc89be43894d2553494c71a61fd8,b7605b5b483063d12bd90a772bff9d21,2
fd935de8f1961bebc9eac13a7e111682,607ef4aa416b93fdeb2a811c2c73ad81,1
fd935de8f1961bebc9eac13a7e111682,cf8316c961640d38321241895b7811c2,1
fda3a3eb3370c1295a4fc3f6cd3d7604,154e7e31ebfa092203795c972e5804a6,1
fda3a3eb3370c1295a4fc3f6cd3d7604,7c1bd920dbdf22470b68bde975dd3ccf,1
fdb213bb68db1651b4aec4b85a098b53,34b91723112fa9ebf6b4d6b4db4a6741,1
fdb2f8a871f180fefdf3ba06bf7ab179,777d2e438a1b645f3aec9bd57e92672c,1
fdb2f8a871f180fefdf3ba06bf7ab179,c3b9c5a3a88d5cd18800fb865741d9ad,1
fdc58370af81e72cd02ee17ff0e3164d,4025ee582ef6b8c478af3b44cf89054b,1
fdc58370af81e72cd02ee17ff0e3164d,c211ff3068fcd2f8898192976d8b3a32,1
fdc58370af81e72cd02ee17ff0e3164d,f4d705aa95ccca448e5b0deb6e5290ba,1
fdcb2a985790cba441e21a78d13d0266,2d5bb6fc16b9fb75539ddcd93de86aa4,1
fddb72a192ba056cc6697659e1869841,e94df75b2e9a8b056be0c144a731f55c,1
fde381fe79993303957d1fcf9cd6bf4a,53759a2ecddad2bb87a079a1f1519f73,1
fe1a0586d9ca0876528af23f3219ce3b,9bb8ca338e5588c361e34eae02e8fad6,1
fe1a0586d9ca0876528af23f3219ce3b,b8a0d73b2a06e7910d9864dccdb0cda2,1
fe2b2f70f3dc31c23319ae1029eac77f,53759a2ecddad2bb87a079a1f1519f73,5
fe2c2aaa57ccd2a82d77a7168c3510e1,202bd859659a841de892b00c341300ff,1
fe2c2aaa57ccd2a82d77a7168c3510e1,5c692818d313aa12864b48ac0c2472c2,1
fe3e52de024b82706717c38c8e183084,c784a651cf319526cc7cf854f83cb941,1
fe3e52de024b82706717c38c8e183084,d189fbf8b5d79a670cebcaaad68d77b2,1
fe43684c93772b6d8b8c68fb6343a676,382db2ed3015c04d4b844d2a0712494c,1
fe613188d4d20ea3e3dc1290549c3ad1,a0abcee0132a5aed003d98e459b37698,1
fe74c562689512f17b7eefffc41421c8,62177bb58dda374cc02e6cd2616996a1,1
fe81bb32c243a86b2f86fbf053fe6140,e2bb00220a167d9e60b6776ac33717bc,2
fe980244ecb1b2b271cece2e75107fd0,4cee3d875eb2f9d331aae01b8c4781e8,1
feb3a5a11a06b144a9aee7fb0fc03453,186fe07c8b8005ec6a498587ffbc1352,1
feb3a5a11a06b144a9aee7fb0fc03453,87cb507e0daa37bbf34956fd59eba832,1
fec2aa3d1e489a605830c55280975850,57f2bc497c1a3ebe41ba7a06d78ed159,1
fec2aa3d1e489a605830c55280975850,a92930c327948861c015c919a0bcb4a8,1
fed2005ccab4fcf1a40ebdaff032a148,1a300f482e35d7eac74b229be067aefd,1
fed2005ccab4fcf1a40ebdaff032a148,7f0362988b16ac7b5f65dc5fd0fbc77f,1
fed2005ccab4fcf1a40ebdaff032a148,f9d151cf2fc10d41cce64b782856320f,1
fef62bb69c27d647eb69eaac077cf3d7,99a4788cb24856965c36a24e339b6058,1
ff3f73a459eaabfa22e12955b7415112,07ffc018eaf23e086370dea42c74077b,1
ff3f73a459eaabfa22e12955b7415112,fc5dd987f12a7b823a76a44aa1ba88f6,1
ff5f29fbfd0a13f7e7ed9f7b92a32194,35afc973633aaeb6b877ff57b2793310,2
ff5f29fbfd0a13f7e7ed9f7b92a32194,99a4788cb24856965c36a24e339b6058,1
ff5f29fbfd0a13f7e7ed9f7b92a32194,f2e53dd1670f3c376518263b3f71424d,1
ff61f2506ff81e50510d8c0ac5570c30,460a66fcc404a3d7306d5f50fcb2d18a,1
ff8892f7c26aa0446da53d01b18df463,cfb763496d9fc48751a27db4fd02aa2d,1
ff922bdd6bafcdf99cb90d7f39cea5b3,b8762d562d810c2f8d7ad7e9c12957be,1
ffe254cc039740e17dd15a5305035928,7ca5f56188492e30c50ba64de188aae7,1
fff7219c86179ca6441b8f37823ba3d3,056d012d264624accb7f73d31caee034,1
fff7219c86179ca6441b8f37823ba3d3,592962829d5a715304344e656e39108a,1
